{"assayID":1305,"uniqueID":"pubchemAID:1845","text":"Fluorescence-based counterscreen assay for HCV NS3 helicase inhibitors: biochemical high-throughput screening assay to identify compounds that cause fluorescent intercalator displacement (FID)\n\nKeywords: HCV, NS3, NS3 helicase, hepatitis, RNA virus, counterscreen, HTS, high throughput screen, 1536, inhibitor, ethidium bromide, FLINT, fluorescence, fluorescence intensity, FLINT, FID, fluorescence intercalator displacement, Scripps, Scripps Florida, The Scripps Research Institute Molecular Screening Center, SRIMSC, Molecular Libraries Probe Production Centers Network, MLPCN.\n\nDue to the increasing size of the MLPCN compound library, this assay may have been run as two or more separate campaigns, each campaign testing a unique set of compounds. In this case the results of each separate campaign were assigned #Active/Inactive# status based upon that campaign#s specific compound activity cutoff value. All data reported were normalized on a per-plate basis. Possible artifacts of this assay can include, but are not limited to: dust or lint located in or on wells of the microtiter plate, compounds that modulate well fluorescence. All test compound concentrations reported above and below are nominal; the specific test concentration(s) for a particular compound may vary based upon the actual sample provided by the MLSMR. Due to the extremely high fluorescence value one compound was invalidated.\n\nAssay Overview:\n\nThe purpose of this biochemical assay is to identify compounds that act as helicase inhibitors due to their direct DNA binding. This assay also serves as a counterscreen for a set of previous experiments entitled, #Fluorescence-based primary biochemical high throughput screening assay to identify inhibitors of the Hepatitis C Virus non-structural protein 3 helicase (NS3),# (AID 1800). In this assay, a DNA hairpin oligonucleotide is incubated with test compound and a fluorescent intercalating agent, ethidium bromide. Upon binding to the DNA molecule, the fluorescence of the intercalating agent increases. As designed, test compounds that bind to the DNA molecule will compete with and displace the intercalating agent, resulting in a decrease in well fluorescence. Compounds were tested in singlicate at a final nominal concentration of 7.9 micromolar.\n\nProtocol Summary:\n\nPrior to the start of the assay, 2.5 microliters of Assay Buffer (25 mM MOPS, pH 6.5) were dispensed into wells of a 1536 microtiter plate. Next, 40 nL of test compound in DMSO, diminazene aceturate (80 micromolar final concentration), or DMSO alone (0.6% final concentration) were added to the appropriate wells.\nThe assay was started by dispensing into all wells 2.5 microliters of Assay Buffer supplemented with 4 micromolar ethidium bromide and 0.32 micromolar hairpin oligonucleotide. Well fluorescence was read after 10 minutes of incubation at 25 degrees Celsius on the Viewlux (Perkin-Elmer).\n\nThe percent inhibition for each well was then calculated as follows:\n\nPercent Displacement = (test_compound_ Ratio_RFU - negative_control_ Ratio_RFU)/(positive_control_ Ratio_RFU - negative_control_ Ratio_RFU)*100\n\nWhere:\nTest_Compound is defined as wells containing test compound.\nNegative_Control is defined as wells containing DMSO.\nPositive_Control is defined as wells containing diminazene aceturate.\n\nA mathematical algorithm was used to determine nominally inhibiting compounds in the Counterscreen. Two values were calculated: (1) the average percent displacement of all compounds tested, and (2) three times their standard deviation. The sum of these two values was used as a cutoff parameter, i.e. any compound that exhibited greater % inhibition than the cutoff parameter was declared active.\n\nThe reported PubChem Activity Score has been normalized to 100% observed primary inhibition. Negative % displacement values are reported as activity score zero.\n\nThe inactive compounds of this assay have activity score range of 0 to 35 and active compounds range of activity score is 35 to 100.\n\nList of Reagents:\nDNA hairpin oligonucleotide (Integrated DNA Technologies Inc, custom synthesized)\nIntercalating agent (Ethidium Bromide) (Bio-Rad, part 161-0433)\nDiminazene Aceturate (Sigma-Aldrich, part D7770)\nMOPS (Fisher-Biotech, part BP308-100)\n1536-well plates (Greiner, part 789173)","notes":{},"schemaURI":"http://www.bioassayontology.org/bas#","annotations":[{"propURI":"http://www.bioassayontology.org/bao#BAO_0095009","propLabel":"assay design method","propAbbrev":"bao:BAO_0095009","valueURI":"http://www.bioassayontology.org/bao#BAO_0000123","valueLabel":"binding assessment method","valueAbbrev":"bao:BAO_0000123","valueDescr":"Binding reporter technology is used to quantitate the interactions between two molecules, e.g. perturbagen-protein, protein-protein, protein-DNA, etc.\nThe technologies used are radioligand binding, resonance energy transfer, fluorescence polarization, protein fragment complementation assay, and several label-free methods, including surface plasmon resonance, impedance, nuclear magnetic resonance, X-ray diffraction, isothermal titration calorimetry, mass spectrometry, etc.\n","groupNest":[],"groupLabel":[],"valueHier":["http://www.bioassayontology.org/bao#BAO_0002202"],"labelHier":["assay design method"]},{"propURI":"http://www.bioassayontology.org/bao#BAO_0002867","propLabel":"assay footprint","propAbbrev":"bao:BAO_0002867","valueURI":"http://www.bioassayontology.org/bao#BAO_0000516","valueLabel":"1536 well plate","valueAbbrev":"bao:BAO_0000516","valueDescr":"This microplate contains 1536 wells. It is highly miniaturized to accommodate more wells on one plate which reduces the plate handling time and allows working with very small volumes (few microliters) that reduces the cost of an assay.","groupNest":[],"groupLabel":[],"valueHier":["http://www.bioassayontology.org/bao#BAO_0000508","http://www.bioassayontology.org/bao#BAO_0000512"],"labelHier":["microplate","assay footprint"]},{"propURI":"http://www.bioassayontology.org/bao#BAO_0000185","propLabel":"perturbagen type","propAbbrev":"bao:BAO_0000185","valueURI":"http://www.bioassayontology.org/bao#BAO_0000733","valueLabel":"MLSMR library","valueAbbrev":"bao:BAO_0000733","valueDescr":"","groupNest":[],"groupLabel":[],"valueHier":["http://www.bioassayontology.org/bao#BAO_0000648","http://www.bioassayontology.org/bao#BAO_0000661","http://www.bioassayontology.org/bao#BAO_0003120"],"labelHier":["compound library","perturbagen library","assay screened entity component"]},{"propURI":"http://www.bioassayontology.org/bao#BAO_0002865","propLabel":"detection instrument","propAbbrev":"bao:BAO_0002865","valueURI":"http://www.bioassayontology.org/bao#BAO_0000691","valueLabel":"ViewLux ultraHTS Microplate Imager","valueAbbrev":"bao:BAO_0000691","valueDescr":"","groupNest":[],"groupLabel":[],"valueHier":["http://www.bioassayontology.org/bao#BAO_0000697"],"labelHier":["detection instrument"]},{"propURI":"http://www.bioassayontology.org/bao#BAO_0000208","propLabel":"result","propAbbrev":"bao:BAO_0000208","valueURI":"http://www.bioassayontology.org/bao#BAO_0000201","valueLabel":"percent inhibition","valueAbbrev":"bao:BAO_0000201","valueDescr":"Percent decrease of a measureable response as a consequence of compound treatment.  Unit of Measure is always % when normalized to the dynamic range of the assay. Percent inhibition is expressed relative to a positive control (which results in total inhibition).","groupNest":[],"groupLabel":[],"valueHier":["http://www.bioassayontology.org/bao#BAO_0000082","http://www.bioassayontology.org/bao#BAO_0000181","http://www.bioassayontology.org/bao#BAO_0000179"],"labelHier":["percent response","response endpoint","endpoint"]},{"propURI":"http://www.bioassayontology.org/bao#BAO_0002874","propLabel":"units","propAbbrev":"bao:BAO_0002874","valueURI":"http://purl.obolibrary.org/obo/UO_0000187","valueLabel":"percent","valueAbbrev":"obo:UO_0000187","valueDescr":"A dimensionless ratio unit which denotes numbers as fractions of 100.","groupNest":["http://www.bioassayontology.org/bao#BAX_0000017"],"groupLabel":["measurement"],"valueHier":["http://purl.obolibrary.org/obo/UO_0000190","http://purl.obolibrary.org/obo/UO_0000186","http://purl.obolibrary.org/obo/UO_0000000"],"labelHier":["ratio","dimensionless unit","unit"]},{"propURI":"http://www.bioassayontology.org/bao#BAO_0000196","propLabel":"assay mode of action","propAbbrev":"bao:BAO_0000196","valueURI":"http://www.bioassayontology.org/bao#BAO_0000091","valueLabel":"inhibition","valueAbbrev":"bao:BAO_0000091","valueDescr":"Reduction of a predefined stimulus. Unit of Measure is always % when normalized to the dynamic range of the assay.","groupNest":[],"groupLabel":[],"valueHier":["http://www.bioassayontology.org/bao#BAO_0000084","http://www.bioassayontology.org/bao#BAO_0000074"],"labelHier":["ligand function mode of action","mode of action"]},{"propURI":"http://www.bioassayontology.org/bao#BAO_0000205","propLabel":"assay format","propAbbrev":"bao:BAO_0000205","valueURI":"http://www.bioassayontology.org/bao#BAO_0000225","valueLabel":"nucleic acid format","valueAbbrev":"bao:BAO_0000225","valueDescr":"In this format, the perturbagen targets a nucleic acid (DNA or RNA) to regulate its function.  ","groupNest":[],"groupLabel":[],"valueHier":["http://www.bioassayontology.org/bao#BAO_0000217","http://www.bioassayontology.org/bao#BAO_0000019"],"labelHier":["biochemical format","assay format"]},{"propURI":"http://www.bioassayontology.org/bao#BAO_0002855","propLabel":"bioassay","propAbbrev":"bao:BAO_0002855","valueURI":"http://www.bioassayontology.org/bao#BAO_0002989","valueLabel":"binding assay","valueAbbrev":"bao:BAO_0002989","valueDescr":"It is performed to quantify the interactions between two molecules, e.g. small molecule-protein, protein-protein, protein-DNA, etc.","groupNest":[],"groupLabel":[],"valueHier":["http://www.bioassayontology.org/bao#BAO_0000015"],"labelHier":["bioassay"]},{"propURI":"http://www.bioassayontology.org/bao#BAO_0002800","propLabel":"assay cell line","propAbbrev":"bao:BAO_0002800","valueURI":"http://www.bioassayontology.org/bat#NotApplicable","valueLabel":"not applicable","valueAbbrev":"bat:NotApplicable","valueDescr":"This property does not apply to this assay.","groupNest":[],"groupLabel":[],"valueHier":["http://www.bioassayontology.org/bat#Absence"],"labelHier":["absence"]},{"propURI":"http://www.bioassayontology.org/bao#BAO_0002921","propLabel":"organism","propAbbrev":"bao:BAO_0002921","valueURI":"http://www.bioassayontology.org/bat#NotApplicable","valueLabel":"not applicable","valueAbbrev":"bat:NotApplicable","valueDescr":"This property does not apply to this assay.","groupNest":[],"groupLabel":[],"valueHier":["http://www.bioassayontology.org/bat#Absence"],"labelHier":["absence"]},{"propURI":"http://www.bioassayontology.org/bao#BAO_0002009","propLabel":"biological process","propAbbrev":"bao:BAO_0002009","valueURI":"http://www.bioassayontology.org/bat#NotApplicable","valueLabel":"not applicable","valueAbbrev":"bat:NotApplicable","valueDescr":"This property does not apply to this assay.","groupNest":[],"groupLabel":[],"valueHier":["http://www.bioassayontology.org/bat#Absence"],"labelHier":["absence"]},{"propURI":"http://www.bioassayontology.org/bao#BAO_0000211","propLabel":"target","propAbbrev":"bao:BAO_0000211","valueURI":"http://www.bioassayontology.org/bat#NotApplicable","valueLabel":"not applicable","valueAbbrev":"bat:NotApplicable","valueDescr":"This property does not apply to this assay.","groupNest":[],"groupLabel":[],"valueHier":["http://www.bioassayontology.org/bat#Absence"],"labelHier":["absence"]},{"propURI":"http://www.bioassayontology.org/bao#BAO_0002848","propLabel":"applies to disease","propAbbrev":"bao:BAO_0002848","valueURI":"http://www.bioassayontology.org/bat#NotApplicable","valueLabel":"not applicable","valueAbbrev":"bat:NotApplicable","valueDescr":"This property does not apply to this assay.","groupNest":[],"groupLabel":[],"valueHier":["http://www.bioassayontology.org/bat#Absence"],"labelHier":["absence"]},{"propURI":"http://www.bioassayontology.org/bao#BAO_0000210","propLabel":"screening campaign stage","propAbbrev":"bao:BAO_0000210","valueURI":"http://www.bioassayontology.org/bao#BAO_0000684","valueLabel":"physicochemical profiling assay","valueAbbrev":"bao:BAO_0000684","valueDescr":"Compound profiling assays are performed with the primary purpose of providing information that is of general interest to interpreting HTS results or relevant physicochemical properties; for example in the context of identifying possible assay artifacts.  Examples include fluorescence, or inhibition of the enzyme luciferase that are part of common assay designs; another example is solubility. Compound profiling is categorized as stage, because it refers to the purpose of the assay. Profiling assays are typically independent from a screening campaign. Profiling assays performed as part of a campaign (on a limited set of compounds) would be considered secondary (typically counter screen) assays.","groupNest":[],"groupLabel":[],"valueHier":["http://www.bioassayontology.org/bao#BAO_0000803","http://www.bioassayontology.org/bao#BAO_0000032","http://www.bioassayontology.org/bao#BAO_0000029"],"labelHier":["counter screening assay","secondary assay","assay screening campaign stage"]},{"propURI":"http://www.bioassayontology.org/bao#BAO_0002854","propLabel":"bioassay type","propAbbrev":"bao:BAO_0002854","valueURI":"http://www.bioassayontology.org/bao#BAO_0000041","valueLabel":"binding type","valueAbbrev":"bao:BAO_0000041","valueDescr":"Binding assays are performed to understand the interaction between two molecules, e.g. perturbagen-protein, protein-protein, protein-DNA, etc.","groupNest":[],"groupLabel":[],"valueHier":["http://www.bioassayontology.org/bao#BAO_0000008"],"labelHier":["bioassay type"]},{"propURI":"http://www.bioassayontology.org/bao#BAO_0002663","propLabel":"assay kit","propAbbrev":"bao:BAO_0002663","valueURI":"http://www.bioassayontology.org/bat#NotApplicable","valueLabel":"not applicable","valueAbbrev":"bat:NotApplicable","valueDescr":"This property does not apply to this assay.","groupNest":[],"groupLabel":[],"valueHier":["http://www.bioassayontology.org/bat#Absence"],"labelHier":["absence"]},{"propURI":"http://www.bioassayontology.org/bao#BAO_0000207","propLabel":"physical detection method","propAbbrev":"bao:BAO_0000207","valueURI":"http://www.bioassayontology.org/bao#BAO_0000363","valueLabel":"fluorescence intensity","valueAbbrev":"bao:BAO_0000363","valueDescr":"Fluorescence intensity is the measure of fluorescence from a sample.","groupNest":[],"groupLabel":[],"valueHier":["http://www.bioassayontology.org/bao#BAO_0000046","http://www.bioassayontology.org/bao#BAO_0000035"],"labelHier":["fluorescence method","physical detection method"]},{"propURI":"http://www.bioassayontology.org/bao#BAO_0002855","propLabel":"bioassay","propAbbrev":"bao:BAO_0002855","valueURI":"http://www.bioassayontology.org/bao#BAO_0000590","valueLabel":"DNA-RNA interaction assay","valueAbbrev":"bao:BAO_0000590","valueDescr":"DNA-RNA interaction","groupNest":[],"groupLabel":[],"altLabels":["deoxyribonucleic acid-ribonucleic acid"],"valueHier":["http://www.bioassayontology.org/bao#BAO_0002989","http://www.bioassayontology.org/bao#BAO_0000015"],"labelHier":["binding assay","bioassay"]},{"propURI":"http://www.bioassayontology.org/bao#BAO_0095009","propLabel":"assay design method","propAbbrev":"bao:BAO_0095009","valueURI":"http://www.bioassayontology.org/bao#BAO_0002755","valueLabel":"fluorescent ligand binding method","valueAbbrev":"bao:BAO_0002755","valueDescr":"","groupNest":[],"groupLabel":[],"valueHier":["http://www.bioassayontology.org/bao#BAO_0000123","http://www.bioassayontology.org/bao#BAO_0002202"],"labelHier":["binding assessment method","assay design method"]},{"propURI":"http://www.bioassayontology.org/bao#BAO_0000196","propLabel":"assay mode of action","propAbbrev":"bao:BAO_0000196","valueURI":"http://www.bioassayontology.org/bao#BAO_0000441","valueLabel":"competitive binding","valueAbbrev":"bao:BAO_0000441","valueDescr":"An assay based on the competition between a labeled and an unlabeled ligand in the reaction with a receptor binding agent (e.g. antibody, receptor, transport protein).","groupNest":[],"groupLabel":[],"valueHier":["http://www.bioassayontology.org/bao#BAO_0000476","http://www.bioassayontology.org/bao#BAO_0000074"],"labelHier":["ligand binding mode of action","mode of action"]},{"propURI":"http://www.bioassayontology.org/bao#BAO_0000210","propLabel":"screening campaign stage","propAbbrev":"bao:BAO_0000210","valueURI":"http://www.bioassayontology.org/bao#BAO_0000803","valueLabel":"counter screening assay","valueAbbrev":"bao:BAO_0000803","valueDescr":"An assay run to eliminate those hits from the primary and confirmatory assay stages that are not of interest, i.e. do not act via the MMOA of interest; for example compounds that are assay artifacts (e.g. fluorescent), promiscuously active, toxic. ","groupNest":[],"groupLabel":[],"valueHier":["http://www.bioassayontology.org/bao#BAO_0000032","http://www.bioassayontology.org/bao#BAO_0000029"],"labelHier":["secondary assay","assay screening campaign stage"]},{"propURI":"http://www.bioassayontology.org/bao#BAX_0000012","propLabel":"protein identity","propAbbrev":"bao:BAX_0000012","valueURI":"http://www.bioassayontology.org/protein#125541954","valueLabel":"NS3, partial [Hepatitis C virus]","valueAbbrev":"protein:125541954","valueDescr":"Protein: NS3, partial [Hepatitis C virus], Organism: Hepatitis C virus","groupNest":[],"groupLabel":[],"valueHier":["http://www.bioassayontology.org/taxon#11103","http://www.bioassayontology.org/taxon#11102","http://www.bioassayontology.org/taxon#11050","http://www.bioassayontology.org/taxon#35278","http://www.bioassayontology.org/taxon#439488","http://www.bioassayontology.org/taxon#10239","http://www.bioassayontology.org/taxon#Root"],"labelHier":["Hepatitis C virus","Hepacivirus","Flaviviridae","ssRNA positive-strand viruses, no DNA stage","ssRNA viruses","Viruses","Faux ProteinID"]},{"propURI":"http://www.bioassayontology.org/bao#BAO_0002852","propLabel":"assay sources","propAbbrev":"bao:BAO_0002852","valueURI":"http://www.bioassayexpress.org/sources#SRC_0000026","valueLabel":"Molecular Screening Center (The Scripps Research Institute)","valueAbbrev":"src:SRC_0000026","valueDescr":"The Scripps Research Institute Molecular Screening Center.","groupNest":[],"groupLabel":[],"externalURLs":["http://mlpcn.florida.scripps.edu"],"valueHier":["http://www.bioassayexpress.org/sources#pubchem_sources","http://www.bioassayontology.org/bao#BAO_0002934"],"labelHier":["PubChem Sources","organization"]},{"propURI":"http://www.bioassayontology.org/bao#BAO_0000539","valueLabel":"pubchemAID:1800","propAbbrev":"bao:BAO_0000539","groupNest":[],"propLabel":"related assays","groupLabel":[]},{"propURI":"http://www.bioassayontology.org/bao#BAO_0002853","valueLabel":"Fluorescence-based counterscreen assay for HCV NS3 helicase inhibitors: biochemical high-throughput screening assay to identify compounds that cause fluorescent intercalator displacement (FID)","propAbbrev":"bao:BAO_0002853","groupNest":[],"propLabel":"assay title","groupLabel":[]}],"pubchemXRef":[{"type":"aid","id":"1800","comment":"Primary Screen"},{"type":"pmid","id":"12407573","comment":""},{"type":"pmid","id":"17263143","comment":""},{"type":"pmid","id":"12206878","comment":""},{"type":"pmid","id":"9493270","comment":""},{"type":"pmid","id":"19009270","comment":""},{"type":"pmid","id":"10644352","comment":""},{"type":"pmid","id":"9614113","comment":""},{"type":"dburl","id":"http://mlpcn.florida.scripps.edu","comment":""},{"type":"nucleotide_gi","id":"203285900","comment":""},{"type":"protein_gi","id":"125541954","comment":"NS3 [Hepatitis C virus]"}],"curationTime":1492468125636,"curatorID":"admin","history":[{"curationTime":1482206525069,"curatorID":"orcid:0000-0003-2629-5583","annotsAdded":[{"propURI":"http://www.bioassayontology.org/bao#BAX_0000003","propAbbrev":"bao:BAX_0000003","valueURI":"http://www.bioassayontology.org/bao#BAO_0002755","valueLabel":"fluorescent ligand binding method","valueAbbrev":"bao:BAO_0002755","valueDescr":"","valueHier":[],"labelHier":[],"outOfSchema":true},{"propURI":"http://www.bioassayontology.org/bao#BAO_0000210","propLabel":"screening campaign stage","propAbbrev":"bao:BAO_0000210","valueURI":"http://www.bioassayontology.org/bao#BAO_0000803","valueLabel":"counter screening assay","valueAbbrev":"bao:BAO_0000803","valueDescr":"An assay run to eliminate those hits from the primary and confirmatory assay stages that are not of interest, i.e. do not act via the MMOA of interest; for example compounds that are assay artifacts (e.g. fluorescent), promiscuously active, toxic. ","valueHier":["http://www.bioassayontology.org/bao#BAO_0000032","http://www.bioassayontology.org/bao#BAO_0000029"],"labelHier":["secondary assay","assay screening campaign stage"]},{"propURI":"http://www.bioassayontology.org/bao#BAX_0000002","propLabel":"has bioassay type","propAbbrev":"bao:BAX_0000002","valueURI":"http://www.bioassayontology.org/bao#BAO_0000590","valueLabel":"DNA-RNA interaction assay","valueAbbrev":"bao:BAO_0000590","valueDescr":"DNA-RNA interaction","valueHier":[],"labelHier":[],"outOfSchema":true},{"propURI":"http://www.bioassayontology.org/bao#BAO_0000196","propLabel":"assay mode of action","propAbbrev":"bao:BAO_0000196","valueURI":"http://www.bioassayontology.org/bao#BAO_0000441","valueLabel":"competitive binding","valueAbbrev":"bao:BAO_0000441","valueDescr":"An assay based on the competition between a labeled and an unlabeled ligand in the reaction with a receptor binding agent (e.g. antibody, receptor, transport protein).","valueHier":["http://www.bioassayontology.org/bao#BAO_0000476","http://www.bioassayontology.org/bao#BAO_0000074"],"labelHier":["ligand binding mode of action","mode of action"]}],"annotsRemoved":[{"propURI":"http://www.bioassayontology.org/bao#BAX_0000002","propLabel":"has bioassay type","propAbbrev":"bao:BAX_0000002","valueURI":"http://www.bioassayontology.org/bao#BAO_0002810","valueLabel":"physicochemical","valueAbbrev":"bao:BAO_0002810","valueDescr":"","valueHier":[],"labelHier":[],"outOfSchema":true},{"propURI":"http://www.bioassayontology.org/bao#BAX_0000002","propLabel":"has bioassay type","propAbbrev":"bao:BAX_0000002","valueURI":"http://www.bioassayontology.org/bat#RequiresTerm","valueLabel":"requires term","valueAbbrev":"bat:RequiresTerm","valueDescr":"An appropriate term could not be found in the underlying ontologies: it may be necessary to create a new one.","valueHier":[],"labelHier":[],"outOfSchema":true}],"labelsAdded":[{"propURI":"http://www.bioassayontology.org/bao#BAX_0000003","valueLabel":"fluorescent ligand binding method","propAbbrev":"bao:BAX_0000003"},{"propURI":"http://www.bioassayontology.org/bao#BAO_0000210","valueLabel":"counter screening assay","propAbbrev":"bao:BAO_0000210","propLabel":"screening campaign stage"},{"propURI":"http://www.bioassayontology.org/bao#BAX_0000002","valueLabel":"DNA-RNA interaction assay","propAbbrev":"bao:BAX_0000002","propLabel":"has bioassay type"},{"propURI":"http://www.bioassayontology.org/bao#BAO_0000196","valueLabel":"competitive binding","propAbbrev":"bao:BAO_0000196","propLabel":"assay mode of action"}],"labelsRemoved":[{"propURI":"http://www.bioassayontology.org/bao#BAX_0000002","valueLabel":"physicochemical","propAbbrev":"bao:BAX_0000002","propLabel":"has bioassay type"},{"propURI":"http://www.bioassayontology.org/bao#BAX_0000002","valueLabel":"requires term","propAbbrev":"bao:BAX_0000002","propLabel":"has bioassay type"}],"notesModified":{}},{"curationTime":1492468125636,"curatorID":"admin","annotsAdded":[{"propURI":"http://www.bioassayontology.org/bao#BAO_0002854","propLabel":"bioassay type","propAbbrev":"bao:BAO_0002854","valueURI":"http://www.bioassayontology.org/bao#BAO_0000041","valueLabel":"binding type","valueAbbrev":"bao:BAO_0000041","valueDescr":"Binding assays are performed to understand the interaction between two molecules, e.g. perturbagen-protein, protein-protein, protein-DNA, etc.","valueHier":["http://www.bioassayontology.org/bao#BAO_0000008"],"labelHier":["bioassay type"]}],"annotsRemoved":[{"propURI":"http://www.bioassayontology.org/bao#BAX_0000002","propLabel":"has bioassay type","propAbbrev":"bao:BAX_0000002","valueURI":"http://www.bioassayontology.org/bao#BAO_0000041","valueLabel":"binding type","valueAbbrev":"bao:BAO_0000041","valueDescr":"Binding assays are performed to understand the interaction between two molecules, e.g. perturbagen-protein, protein-protein, protein-DNA, etc.","valueHier":[],"labelHier":[],"outOfSchema":true}],"labelsAdded":[{"propURI":"http://www.bioassayontology.org/bao#BAO_0002854","valueLabel":"binding type","propAbbrev":"bao:BAO_0002854","propLabel":"bioassay type"}],"labelsRemoved":[{"propURI":"http://www.bioassayontology.org/bao#BAX_0000002","valueLabel":"binding type","propAbbrev":"bao:BAX_0000002","propLabel":"has bioassay type"}],"notesModified":{}},{"curationTime":1492468125636,"curatorID":"admin","annotsAdded":[{"propURI":"http://www.bioassayontology.org/bao#BAO_0002009","propLabel":"biological process","propAbbrev":"bao:BAO_0002009","valueURI":"http://www.bioassayontology.org/bat#NotApplicable","valueLabel":"not applicable","valueAbbrev":"bat:NotApplicable","valueDescr":"This property does not apply to this assay.","valueHier":["http://www.bioassayontology.org/bat#Absence"],"labelHier":["absence"]}],"annotsRemoved":[{"propURI":"http://www.bioassayontology.org/bao#BAX_0000004","propAbbrev":"bao:BAX_0000004","valueURI":"http://www.bioassayontology.org/bat#NotApplicable","valueLabel":"not applicable","valueAbbrev":"bat:NotApplicable","valueDescr":"This property does not apply to this assay.","valueHier":[],"labelHier":[],"outOfSchema":true}],"labelsAdded":[{"propURI":"http://www.bioassayontology.org/bao#BAO_0002009","valueLabel":"not applicable","propAbbrev":"bao:BAO_0002009","propLabel":"biological process"}],"labelsRemoved":[{"propURI":"http://www.bioassayontology.org/bao#BAX_0000004","valueLabel":"not applicable","propAbbrev":"bao:BAX_0000004"}],"notesModified":{}},{"curationTime":1492468125636,"curatorID":"admin","annotsAdded":[{"propURI":"http://www.bioassayontology.org/bao#BAO_0002848","propLabel":"applies to disease","propAbbrev":"bao:BAO_0002848","valueURI":"http://www.bioassayontology.org/bat#NotApplicable","valueLabel":"not applicable","valueAbbrev":"bat:NotApplicable","valueDescr":"This property does not apply to this assay.","valueHier":["http://www.bioassayontology.org/bat#Absence"],"labelHier":["absence"]}],"annotsRemoved":[{"propURI":"http://www.bioassayontology.org/bao#BAX_0000010","propAbbrev":"bao:BAX_0000010","valueURI":"http://www.bioassayontology.org/bat#NotApplicable","valueLabel":"not applicable","valueAbbrev":"bat:NotApplicable","valueDescr":"This property does not apply to this assay.","valueHier":[],"labelHier":[],"outOfSchema":true}],"labelsAdded":[{"propURI":"http://www.bioassayontology.org/bao#BAO_0002848","valueLabel":"not applicable","propAbbrev":"bao:BAO_0002848","propLabel":"applies to disease"}],"labelsRemoved":[{"propURI":"http://www.bioassayontology.org/bao#BAX_0000010","valueLabel":"not applicable","propAbbrev":"bao:BAX_0000010"}],"notesModified":{}},{"curationTime":1492468125636,"curatorID":"admin","annotsAdded":[{"propURI":"http://www.bioassayontology.org/bao#BAO_0000208","propLabel":"result","propAbbrev":"bao:BAO_0000208","valueURI":"http://www.bioassayontology.org/bao#BAO_0000201","valueLabel":"percent inhibition","valueAbbrev":"bao:BAO_0000201","valueDescr":"Percent decrease of a measureable response as a consequence of compound treatment.  Unit of Measure is always % when normalized to the dynamic range of the assay. Percent inhibition is expressed relative to a positive control (which results in total inhibition).","valueHier":["http://www.bioassayontology.org/bao#BAO_0000082","http://www.bioassayontology.org/bao#BAO_0000181","http://www.bioassayontology.org/bao#BAO_0000179"],"labelHier":["percent response","response endpoint","endpoint"]}],"annotsRemoved":[{"propURI":"http://www.bioassayontology.org/bao#BAX_0000006","propAbbrev":"bao:BAX_0000006","valueURI":"http://www.bioassayontology.org/bao#BAO_0000201","valueLabel":"percent inhibition","valueAbbrev":"bao:BAO_0000201","valueDescr":"Percent decrease of a measureable response as a consequence of compound treatment.  Unit of Measure is always % when normalized to the dynamic range of the assay. Percent inhibition is expressed relative to a positive control (which results in total inhibition).","valueHier":[],"labelHier":[],"outOfSchema":true}],"labelsAdded":[{"propURI":"http://www.bioassayontology.org/bao#BAO_0000208","valueLabel":"percent inhibition","propAbbrev":"bao:BAO_0000208","propLabel":"result"}],"labelsRemoved":[{"propURI":"http://www.bioassayontology.org/bao#BAX_0000006","valueLabel":"percent inhibition","propAbbrev":"bao:BAX_0000006"}],"notesModified":{}},{"curationTime":1492468125636,"curatorID":"admin","annotsAdded":[{"propURI":"http://www.bioassayontology.org/bao#BAO_0002874","propLabel":"units","propAbbrev":"bao:BAO_0002874","valueURI":"http://purl.org/obo/owl/UO#UO_0000187","valueAbbrev":"uo:UO_0000187","valueHier":[],"labelHier":[],"outOfSchema":true}],"annotsRemoved":[{"propURI":"http://www.bioassayontology.org/bao#BAX_0000007","propAbbrev":"bao:BAX_0000007","valueURI":"http://purl.org/obo/owl/UO#UO_0000187","valueAbbrev":"uo:UO_0000187","valueHier":[],"labelHier":[],"outOfSchema":true}],"labelsAdded":[{"propURI":"http://www.bioassayontology.org/bao#BAO_0002874","valueLabel":"percent","propAbbrev":"bao:BAO_0002874","propLabel":"units"}],"labelsRemoved":[{"propURI":"http://www.bioassayontology.org/bao#BAX_0000007","valueLabel":"percent","propAbbrev":"bao:BAX_0000007"}],"notesModified":{}},{"curationTime":1492468125636,"curatorID":"admin","annotsAdded":[{"propURI":"http://www.bioassayontology.org/bao#BAO_0095009","propLabel":"assay design method","propAbbrev":"bao:BAO_0095009","valueURI":"http://www.bioassayontology.org/bao#BAO_0002755","valueLabel":"fluorescent ligand binding method","valueAbbrev":"bao:BAO_0002755","valueDescr":"","valueHier":["http://www.bioassayontology.org/bao#BAO_0000123","http://www.bioassayontology.org/bao#BAO_0002202"],"labelHier":["binding assessment method","assay design method"]},{"propURI":"http://www.bioassayontology.org/bao#BAO_0095009","propLabel":"assay design method","propAbbrev":"bao:BAO_0095009","valueURI":"http://www.bioassayontology.org/bao#BAO_0000123","valueLabel":"binding assessment method","valueAbbrev":"bao:BAO_0000123","valueDescr":"Binding reporter technology is used to quantitate the interactions between two molecules, e.g. perturbagen-protein, protein-protein, protein-DNA, etc.\nThe technologies used are radioligand binding, resonance energy transfer, fluorescence polarization, protein fragment complementation assay, and several label-free methods, including surface plasmon resonance, impedance, nuclear magnetic resonance, X-ray diffraction, isothermal titration calorimetry, mass spectrometry, etc.\n","valueHier":["http://www.bioassayontology.org/bao#BAO_0002202"],"labelHier":["assay design method"]}],"annotsRemoved":[{"propURI":"http://www.bioassayontology.org/bao#BAX_0000003","propAbbrev":"bao:BAX_0000003","valueURI":"http://www.bioassayontology.org/bao#BAO_0002755","valueLabel":"fluorescent ligand binding method","valueAbbrev":"bao:BAO_0002755","valueDescr":"","valueHier":[],"labelHier":[],"outOfSchema":true},{"propURI":"http://www.bioassayontology.org/bao#BAX_0000003","propAbbrev":"bao:BAX_0000003","valueURI":"http://www.bioassayontology.org/bao#BAO_0000123","valueLabel":"binding assessment method","valueAbbrev":"bao:BAO_0000123","valueDescr":"Binding reporter technology is used to quantitate the interactions between two molecules, e.g. perturbagen-protein, protein-protein, protein-DNA, etc.\nThe technologies used are radioligand binding, resonance energy transfer, fluorescence polarization, protein fragment complementation assay, and several label-free methods, including surface plasmon resonance, impedance, nuclear magnetic resonance, X-ray diffraction, isothermal titration calorimetry, mass spectrometry, etc.\n","valueHier":[],"labelHier":[],"outOfSchema":true}],"labelsAdded":[{"propURI":"http://www.bioassayontology.org/bao#BAO_0095009","valueLabel":"fluorescent ligand binding method","propAbbrev":"bao:BAO_0095009","propLabel":"assay design method"},{"propURI":"http://www.bioassayontology.org/bao#BAO_0095009","valueLabel":"binding assessment method","propAbbrev":"bao:BAO_0095009","propLabel":"assay design method"}],"labelsRemoved":[{"propURI":"http://www.bioassayontology.org/bao#BAX_0000003","valueLabel":"fluorescent ligand binding method","propAbbrev":"bao:BAX_0000003"},{"propURI":"http://www.bioassayontology.org/bao#BAX_0000003","valueLabel":"binding assessment method","propAbbrev":"bao:BAX_0000003"}],"notesModified":{}},{"curationTime":1492468125636,"curatorID":"admin","annotsAdded":[{"propURI":"http://www.bioassayontology.org/bao#BAO_0000211","propLabel":"target","propAbbrev":"bao:BAO_0000211","valueURI":"http://www.bioassayontology.org/bat#NotApplicable","valueLabel":"not applicable","valueAbbrev":"bat:NotApplicable","valueDescr":"This property does not apply to this assay.","valueHier":["http://www.bioassayontology.org/bat#Absence"],"labelHier":["absence"]}],"annotsRemoved":[{"propURI":"http://www.bioassayontology.org/bao#BAX_0000005","propAbbrev":"bao:BAX_0000005","valueURI":"http://www.bioassayontology.org/bat#NotApplicable","valueLabel":"not applicable","valueAbbrev":"bat:NotApplicable","valueDescr":"This property does not apply to this assay.","valueHier":[],"labelHier":[],"outOfSchema":true}],"labelsAdded":[{"propURI":"http://www.bioassayontology.org/bao#BAO_0000211","valueLabel":"not applicable","propAbbrev":"bao:BAO_0000211","propLabel":"target"}],"labelsRemoved":[{"propURI":"http://www.bioassayontology.org/bao#BAX_0000005","valueLabel":"not applicable","propAbbrev":"bao:BAX_0000005"}],"notesModified":{}},{"curationTime":1492468125636,"curatorID":"admin","annotsAdded":[{"propURI":"http://www.bioassayontology.org/bao#BAO_0002855","propLabel":"bioassay","propAbbrev":"bao:BAO_0002855","valueURI":"http://www.bioassayontology.org/bao#BAO_0002989","valueLabel":"binding assay","valueAbbrev":"bao:BAO_0002989","valueDescr":"It is performed to quantify the interactions between two molecules, e.g. small molecule-protein, protein-protein, protein-DNA, etc.","valueHier":["http://www.bioassayontology.org/bao#BAO_0000015"],"labelHier":["bioassay"]},{"propURI":"http://www.bioassayontology.org/bao#BAO_0002855","propLabel":"bioassay","propAbbrev":"bao:BAO_0002855","valueURI":"http://www.bioassayontology.org/bao#BAO_0000590","valueLabel":"DNA-RNA interaction assay","valueAbbrev":"bao:BAO_0000590","valueDescr":"DNA-RNA interaction","altLabels":["deoxyribonucleic acid-ribonucleic acid"],"valueHier":["http://www.bioassayontology.org/bao#BAO_0002989","http://www.bioassayontology.org/bao#BAO_0000015"],"labelHier":["binding assay","bioassay"]}],"annotsRemoved":[{"propURI":"http://www.bioassayontology.org/bao#BAX_0000002","propLabel":"has bioassay type","propAbbrev":"bao:BAX_0000002","valueURI":"http://www.bioassayontology.org/bao#BAO_0002989","valueLabel":"binding assay","valueAbbrev":"bao:BAO_0002989","valueDescr":"It is performed to quantify the interactions between two molecules, e.g. small molecule-protein, protein-protein, protein-DNA, etc.","valueHier":[],"labelHier":[],"outOfSchema":true},{"propURI":"http://www.bioassayontology.org/bao#BAX_0000002","propLabel":"has bioassay type","propAbbrev":"bao:BAX_0000002","valueURI":"http://www.bioassayontology.org/bao#BAO_0000590","valueLabel":"DNA-RNA interaction assay","valueAbbrev":"bao:BAO_0000590","valueDescr":"DNA-RNA interaction","valueHier":[],"labelHier":[],"outOfSchema":true}],"labelsAdded":[{"propURI":"http://www.bioassayontology.org/bao#BAO_0002855","valueLabel":"binding assay","propAbbrev":"bao:BAO_0002855","propLabel":"bioassay"},{"propURI":"http://www.bioassayontology.org/bao#BAO_0002855","valueLabel":"DNA-RNA interaction assay","propAbbrev":"bao:BAO_0002855","propLabel":"bioassay"}],"labelsRemoved":[{"propURI":"http://www.bioassayontology.org/bao#BAX_0000002","valueLabel":"binding assay","propAbbrev":"bao:BAX_0000002","propLabel":"has bioassay type"},{"propURI":"http://www.bioassayontology.org/bao#BAX_0000002","valueLabel":"DNA-RNA interaction assay","propAbbrev":"bao:BAX_0000002","propLabel":"has bioassay type"}],"notesModified":{}},{"curationTime":1492468125636,"curatorID":"admin","annotsAdded":[{"propURI":"http://www.bioassayontology.org/bao#BAO_0002874","propLabel":"units","propAbbrev":"bao:BAO_0002874","valueURI":"http://purl.obolibrary.org/obo/UO_0000187","valueLabel":"percent","valueAbbrev":"obo:UO_0000187","valueDescr":"A dimensionless ratio unit which denotes numbers as fractions of 100.","valueHier":["http://purl.obolibrary.org/obo/UO_0000190","http://purl.obolibrary.org/obo/UO_0000186","http://purl.obolibrary.org/obo/UO_0000000"],"labelHier":["ratio","dimensionless unit","unit"]}],"annotsRemoved":[{"propURI":"http://www.bioassayontology.org/bao#BAO_0002874","propLabel":"units","propAbbrev":"bao:BAO_0002874","valueURI":"http://purl.org/obo/owl/UO#UO_0000187","valueAbbrev":"uo:UO_0000187","valueHier":[],"labelHier":[],"outOfSchema":true}],"labelsAdded":[{"propURI":"http://www.bioassayontology.org/bao#BAO_0002874","valueLabel":"percent","propAbbrev":"bao:BAO_0002874","propLabel":"units"}],"labelsRemoved":[{"propURI":"http://www.bioassayontology.org/bao#BAO_0002874","valueLabel":"percent","propAbbrev":"bao:BAO_0002874","propLabel":"units"}],"notesModified":{}}],"holdingIDList":[]}