{"assayID":351,"uniqueID":"pubchemAID:769","text":"Dose response biochemical assay for autofluorescent inhibitors of Matrix Metalloproteinase 13 (MMP13) activity\n\nKeywords:\nMMP-13, Matrix Metalloprotease, arthritis, fTHP, Scripps, FAU, ECM, cartilage, aggrecan, aggrecanase, osteoarthritis, exosites, fluorescent artifacts, delta RFU, the Scripps Research Institue\n\nAll data reported were normalized on a per-plate basis.\nArtifacts of this assay can include, but are not limited to:  fluorescent compounds, compounds that can quench Mca fluorescence, dust or lint.\n\nAssay Overview:\n8 out of 8 compounds that were scored to be MMP13 inhibitors in a previously described set of experiments entitled \"Assay to identify inhibitors among the possible fluorescent artifacts from the primary HTS inhibition assay of Matrix Metalloproteinase 13 (MMP13) activity\" (PubChem AID = 734) were tested in this dose response assay. \nAs with AID734, two fluorescence readings were performed to avoid the contribution of test compound's intrinsic fluorescence to the measured assay signal. First, a baseline fluorescence reading was conducted immediately following enzyme addition to wells already containing substrate and compounds (t0). After four hours of enzymatic reaction, the plate was read a second time (t4). The difference between these two readings (defined as deltaRFU) was used as a base value in percent inhibition calculations.\n\nThis assay is based on ability of MMP-13 to cleave a fluorogenic triple-helical peptide (fTHP), which was modeled after the consensus binding and cleavage site by MMP-13 in type I-III collagens. The fTHP is labeled with both a fluorophore (7-methoxycoumarin-4-yl)acetyl (Mca) and a quencher 2,4-dinitrophenyl (Dnp) that comprise a fluorescence energy transfer (FRET) pair. Cleavage of the fHTP peptide results in unquenching of the Mca fluorescence. In this assay, the fluorescence signal from liberated Mca fluorescence is directly proportional to MMP-13 activity.\n\nProtocol Summary:\nThis assay used Excitation filter 340 +/- 30 nm, Emission 450 +/- 10 nm Viewlux filter set. 2.5 microliters of substrate solution containing 8 micromolar MMP-13 substrate (provided by Prof. G.B. Fields, Florida Atlantic University) in Assay Buffer containing 50 millimolar Tris HCl, 100 millimolar NaCl, 0.05% v/v Brij-35, 10 millimolar CaCl2, pH 7.5 (all chemicals purchased from Sigma-Aldrich, St. Louis, MO) were dispensed into a 1536 microtiter plate. 20 nanoliters of test compound or positive or negative control (2 millimolar MMP-13 inhibitor and DMSO, respectively) were then added to the appropriate wells. The enzymatic reaction was started by dispensing 2.5 microliters of 2.66 nanomolar MMP-13 in Assay Buffer (same composition as above). Fluorescence (t0) was read after enzyme addition on a Perkin-Elmer Viewlux microplate reader (excitation = 325nm, emission = 450nm). After 4 hours of incubation at 25 degrees Celsius, fluorescence (t4) was read again. \n\nThe difference between RFU values read at t0 (RFU_t0) and t4 (RFU_t4), named delta RFU, was calculated as follows:\n\ndelta RFU = RFU_t4 - RFU_t0\n\nThe percent inhibition for each well was then calculated as follows:\n\nPercent inhibition = (test_compound_delta RFU - negative_control_ delta RFU)/( positive_control_ delta RFU - negative_control_ delta RFU)*100\n\nWhere positive_control is defined as test wells containing 8 micromolar MMP13 inhibitor and negative_control is defined as test wells containing DMSO only.\n\nFor each compound, percentage inhibitions were plotted against compound concentration. A four parameter equation describing a sigmoidal dose-response curve was then fitted with adjustable baseline using Assay Explorer software (MDL Information Systems). The reported IC50 values were generated from fitted curves by solving for X-intercept at the 50% inhibition level of Y-intercept.\n\nIn cases where the highest concentration tested (i.e. 39.8 micromolar) did not result in greater than 50% inhibition, the IC50 was determined manually as greater than 39.8 micromolar. Compounds with IC50 of greater than 10 micromolar were considered inactive; compounds with IC50 of equal to or less than 10 micromolar were considered active.\n\nThe activity score was calculated based on pIC50 values for compounds for which an exact IC50 value was calculated and based on the observed pIC50 range, specifically the maximum lower limit of the pIC50 value as calculated from the lowest concentration for which greater than 50% inhibition is observed. This results in a conservative estimate of the activity score for compounds for which no exact IC50 value is given while maintaining a reasonable rank order of all compounds tested.\n\nReagents list:\n\nMMP13 enzyme (R&D Systems cat# 511-MM-010, Minneapolis, MN)\nMMP13 substrate (provided by Prof. G.B. Fields, Florida Atlantic University)\nMMP13 inhibitor (EMD Biosciences cat# 444283, San Diego, CA)\nEDTA Disodium salt solution 0.5M (Sigma-Aldrich cat# E7889-100mL, St.Louis, MO)\nBrij35 30% solution (Sigma-Aldrich cat# B4184-100mL, St.Louis, MO)\nNaCl (Sigma-Aldrich cat# S3014-500g, St.Louis, MO)\nCaCl2 (Sigma-Aldrich cat# C8106-500g, St.Louis, MO)\nTris-HCl (Fluka cat# 93363-100g, St.Louis, MO)","notes":{},"schemaURI":"http://www.bioassayontology.org/bas#","annotations":[{"propURI":"http://www.bioassayontology.org/bao#BAO_0000205","propLabel":"assay format","propAbbrev":"bao:BAO_0000205","valueURI":"http://www.bioassayontology.org/bao#BAO_0000357","valueLabel":"single protein format","valueAbbrev":"bao:BAO_0000357","valueDescr":"one protein sequence","groupNest":[],"groupLabel":[],"valueHier":["http://www.bioassayontology.org/bao#BAO_0000224","http://www.bioassayontology.org/bao#BAO_0000217","http://www.bioassayontology.org/bao#BAO_0000019"],"labelHier":["protein format","biochemical format","assay format"]},{"propURI":"http://www.bioassayontology.org/bao#BAO_0095009","propLabel":"assay design method","propAbbrev":"bao:BAO_0095009","valueURI":"http://www.bioassayontology.org/bao#BAO_0000139","valueLabel":"direct enzyme activity measurement method","valueAbbrev":"bao:BAO_0000139","valueDescr":"An enzyme is a protein that acts as a catalyst for specific biochemical reaction, converting specific substrates into chemically distinct products. Enzyme activity assays quantify the kinetics of the product formation or substrate depletion in the reaction, which result in fluorescence, luminescence or colorimetric outputs.","groupNest":[],"groupLabel":[],"valueHier":["http://www.bioassayontology.org/bao#BAO_0000124","http://www.bioassayontology.org/bao#BAO_0002202"],"labelHier":["enzyme activity measurement method","assay design method"]},{"propURI":"http://www.bioassayontology.org/bao#BAO_0002867","propLabel":"assay footprint","propAbbrev":"bao:BAO_0002867","valueURI":"http://www.bioassayontology.org/bao#BAO_0000516","valueLabel":"1536 well plate","valueAbbrev":"bao:BAO_0000516","valueDescr":"This microplate contains 1536 wells. It is highly miniaturized to accommodate more wells on one plate which reduces the plate handling time and allows working with very small volumes (few microliters) that reduces the cost of an assay.","groupNest":[],"groupLabel":[],"valueHier":["http://www.bioassayontology.org/bao#BAO_0000508","http://www.bioassayontology.org/bao#BAO_0000512"],"labelHier":["microplate","assay footprint"]},{"propURI":"http://www.bioassayontology.org/bao#BAO_0002921","propLabel":"organism","propAbbrev":"bao:BAO_0002921","valueURI":"http://purl.obolibrary.org/obo/NCBITaxon_9606","valueLabel":"Homo sapiens","valueAbbrev":"obo:NCBITaxon_9606","valueDescr":"","groupNest":[],"groupLabel":[],"altLabels":["man","human"],"valueHier":["http://www.bioassayontology.org/bao#BAO_0000362","http://www.bioassayontology.org/bao#BAO_0000510","http://www.bioassayontology.org/bao#BAO_0000659","http://www.bioassayontology.org/bao#BAO_0000509","http://www.bioassayontology.org/bao#BAO_0000658","http://www.bioassayontology.org/bao#BAO_0000551"],"labelHier":["mammalian","vertebrate","metazoa","eukaryote","cellular organisms","organism"]},{"propURI":"http://www.bioassayontology.org/bao#BAO_0002865","propLabel":"detection instrument","propAbbrev":"bao:BAO_0002865","valueURI":"http://www.bioassayontology.org/bao#BAO_0000691","valueLabel":"ViewLux ultraHTS Microplate Imager","valueAbbrev":"bao:BAO_0000691","valueDescr":"","groupNest":[],"groupLabel":[],"valueHier":["http://www.bioassayontology.org/bao#BAO_0000697"],"labelHier":["detection instrument"]},{"propURI":"http://www.bioassayontology.org/bao#BAO_0000196","propLabel":"assay mode of action","propAbbrev":"bao:BAO_0000196","valueURI":"http://www.bioassayontology.org/bao#BAO_0000091","valueLabel":"inhibition","valueAbbrev":"bao:BAO_0000091","valueDescr":"Reduction of a predefined stimulus. Unit of Measure is always % when normalized to the dynamic range of the assay.","groupNest":[],"groupLabel":[],"valueHier":["http://www.bioassayontology.org/bao#BAO_0000084","http://www.bioassayontology.org/bao#BAO_0000074"],"labelHier":["ligand function mode of action","mode of action"]},{"propURI":"http://www.bioassayontology.org/bao#BAO_0002855","propLabel":"bioassay","propAbbrev":"bao:BAO_0002855","valueURI":"http://www.bioassayontology.org/bao#BAO_0002764","valueLabel":"protease activity assay","valueAbbrev":"bao:BAO_0002764","valueDescr":"","groupNest":[],"groupLabel":[],"valueHier":["http://www.bioassayontology.org/bao#BAO_0002790","http://www.bioassayontology.org/bao#BAO_0002994","http://www.bioassayontology.org/bao#BAO_0000015"],"labelHier":["hydrolase activity assay","enzyme activity assay","bioassay"]},{"propURI":"http://www.bioassayontology.org/bao#BAO_0002854","propLabel":"bioassay type","propAbbrev":"bao:BAO_0002854","valueURI":"http://www.bioassayontology.org/bao#BAO_0000010","valueLabel":"functional","valueAbbrev":"bao:BAO_0000010","valueDescr":"An assay where the measured signal corresponds to a complex response such as cell survival, proliferation, localization of a protein, nuclear translocation etc. The molecular target is not assumed.","groupNest":[],"groupLabel":[],"valueHier":["http://www.bioassayontology.org/bao#BAO_0000008"],"labelHier":["bioassay type"]},{"propURI":"http://www.bioassayontology.org/bao#BAO_0002800","propLabel":"assay cell line","propAbbrev":"bao:BAO_0002800","valueURI":"http://www.bioassayontology.org/bat#NotApplicable","valueLabel":"not applicable","valueAbbrev":"bat:NotApplicable","valueDescr":"This property does not apply to this assay.","groupNest":[],"groupLabel":[],"valueHier":["http://www.bioassayontology.org/bat#Absence"],"labelHier":["absence"]},{"propURI":"http://www.bioassayontology.org/bao#BAO_0002009","propLabel":"biological process","propAbbrev":"bao:BAO_0002009","valueURI":"http://purl.obolibrary.org/obo/GO_0010710","valueLabel":"regulation of collagen catabolic process","valueAbbrev":"obo:GO_0010710","valueDescr":"Any process that modulates the rate, frequency or extent of collagen catabolism. Collagen catabolism is the proteolytic chemical reactions and pathways resulting in the breakdown of collagen in the extracellular matrix.","groupNest":[],"groupLabel":[],"valueHier":["http://purl.obolibrary.org/obo/GO_0009894","http://purl.obolibrary.org/obo/GO_0019222","http://purl.obolibrary.org/obo/GO_0050789","http://purl.obolibrary.org/obo/GO_0065007","http://purl.obolibrary.org/obo/GO_0008150","http://www.bioassayontology.org/bao#BAO_0003114"],"labelHier":["regulation of catabolic process","regulation of metabolic process","regulation of biological process","biological regulation","biological process","assay biology component"]},{"propURI":"http://www.bioassayontology.org/bao#BAO_0000211","propLabel":"target","propAbbrev":"bao:BAO_0000211","valueURI":"http://www.bioassayontology.org/bat#SeeGeneID","valueLabel":"see Gene ID","valueAbbrev":"bat:SeeGeneID","valueDescr":"The target is present in the Gene ID section, but needs to be mapped to a formal ontology.","groupNest":[],"groupLabel":[],"valueHier":["http://www.bioassayontology.org/bat#Absence"],"labelHier":["absence"]},{"propURI":"http://www.bioassayontology.org/bao#BAO_0002848","propLabel":"applies to disease","propAbbrev":"bao:BAO_0002848","valueURI":"http://purl.obolibrary.org/obo/DOID_8398","valueLabel":"osteoarthritis","valueAbbrev":"obo:DOID_8398","valueDescr":"An arthritis that has_material_basis_in worn out cartilage located_in joint.","groupNest":[],"groupLabel":[],"valueHier":["http://purl.obolibrary.org/obo/DOID_848","http://purl.obolibrary.org/obo/DOID_3342","http://purl.obolibrary.org/obo/DOID_0080001","http://purl.obolibrary.org/obo/DOID_65","http://purl.obolibrary.org/obo/DOID_17","http://purl.obolibrary.org/obo/DOID_7","http://purl.obolibrary.org/obo/DOID_4"],"labelHier":["arthritis","bone inflammation disease","bone disease","connective tissue disease","musculoskeletal system disease","disease of anatomical entity","Disease"]},{"propURI":"http://www.bioassayontology.org/bao#BAO_0002663","propLabel":"assay kit","propAbbrev":"bao:BAO_0002663","valueURI":"http://www.bioassayontology.org/bat#NotApplicable","valueLabel":"not applicable","valueAbbrev":"bat:NotApplicable","valueDescr":"This property does not apply to this assay.","groupNest":[],"groupLabel":[],"valueHier":["http://www.bioassayontology.org/bat#Absence"],"labelHier":["absence"]},{"propURI":"http://www.bioassayontology.org/bao#BAO_0000207","propLabel":"physical detection method","propAbbrev":"bao:BAO_0000207","valueURI":"http://www.bioassayontology.org/bao#BAO_0000001","valueLabel":"fluorescence resonance energy transfer","valueAbbrev":"bao:BAO_0000001","valueDescr":"Fluorescence resonance energy transfer (FRET) is based on the transfer of energy between two fluorophores, a donor and an acceptor, when in close proximity. The energy transfer is directed from higher-energy donor fluorophore to lower-energy acceptor fluorophore of labeled protein pairs. Target protein pairs are likely to exhibit FRET if they are no more than 10 nm apart.","groupNest":[],"groupLabel":[],"altLabels":["FRET"],"valueHier":["http://www.bioassayontology.org/bao#BAO_0000046","http://www.bioassayontology.org/bao#BAO_0000035"],"labelHier":["fluorescence method","physical detection method"]},{"propURI":"http://www.bioassayontology.org/bao#BAO_0000185","propLabel":"perturbagen type","propAbbrev":"bao:BAO_0000185","valueURI":"http://www.bioassayontology.org/bao#BAO_0000733","valueLabel":"MLSMR library","valueAbbrev":"bao:BAO_0000733","valueDescr":"","groupNest":[],"groupLabel":[],"valueHier":["http://www.bioassayontology.org/bao#BAO_0000648","http://www.bioassayontology.org/bao#BAO_0000661","http://www.bioassayontology.org/bao#BAO_0003120"],"labelHier":["compound library","perturbagen library","assay screened entity component"]},{"propURI":"http://www.bioassayontology.org/bao#BAX_0000012","propLabel":"protein identity","propAbbrev":"bao:BAX_0000012","valueURI":"http://www.bioassayontology.org/protein#4505209","valueLabel":"collagenase 3 preproprotein [Homo sapiens]","valueAbbrev":"protein:4505209","valueDescr":"Protein: collagenase 3 preproprotein [Homo sapiens], Organism: Homo sapiens","groupNest":[],"groupLabel":[],"valueHier":["http://www.bioassayontology.org/taxon#9606","http://www.bioassayontology.org/taxon#9605","http://www.bioassayontology.org/taxon#314295","http://www.bioassayontology.org/taxon#9526","http://www.bioassayontology.org/taxon#9443","http://www.bioassayontology.org/taxon#314146","http://www.bioassayontology.org/taxon#40674","http://www.bioassayontology.org/taxon#32524","http://www.bioassayontology.org/taxon#8287","http://www.bioassayontology.org/taxon#117570","http://www.bioassayontology.org/taxon#7711","http://www.bioassayontology.org/taxon#33511","http://www.bioassayontology.org/taxon#33213","http://www.bioassayontology.org/taxon#33208","http://www.bioassayontology.org/taxon#33154","http://www.bioassayontology.org/taxon#2759","http://www.bioassayontology.org/taxon#131567","http://www.bioassayontology.org/taxon#Root"],"labelHier":["Homo sapiens","Homo","Hominoidea / Hominidae / Homininae","Catarrhini","Primates / Haplorrhini / Simiiformes","Euarchontoglires","Mammalia / Theria / Eutheria / Boreoeutheria","Amniota","Sarcopterygii / Dipnotetrapodomorpha / Tetrapoda","Teleostomi / Euteleostomi","Chordata / Craniata / Vertebrata / Gnathostomata","Deuterostomia","Bilateria","Metazoa / Eumetazoa","Opisthokonta","Eukaryota","cellular organisms","Faux ProteinID"]},{"propURI":"http://www.bioassayontology.org/bao#BAX_0000011","propLabel":"gene identity","propAbbrev":"bao:BAX_0000011","valueURI":"http://www.bioassayontology.org/geneid#4322","valueLabel":"MMP13: matrix metallopeptidase 13","valueAbbrev":"geneid:4322","valueDescr":"","groupNest":[],"groupLabel":[],"valueHier":["http://www.bioassayontology.org/geneid#Homo_sapiens","http://www.bioassayontology.org/geneid#Mammalia","http://www.bioassayontology.org/geneid#Root"],"labelHier":["Homo sapiens","Mammalia","Faux GeneID"]},{"propURI":"http://www.bioassayontology.org/bao#BAO_0000208","propLabel":"result","propAbbrev":"bao:BAO_0000208","valueURI":"http://www.bioassayontology.org/bao#BAO_0000190","valueLabel":"IC50","valueAbbrev":"bao:BAO_0000190","valueDescr":"The effective concentration of an inhibitor, which produces 50% of the maximum possible response for that inhibitor.","groupNest":[],"groupLabel":[],"valueHier":["http://www.bioassayontology.org/bao#BAO_0002162","http://www.bioassayontology.org/bao#BAO_0000180","http://www.bioassayontology.org/bao#BAO_0000179"],"labelHier":["concentration response endpoint","concentration endpoint","endpoint"]},{"propURI":"http://www.bioassayontology.org/bao#BAO_0002874","propLabel":"units","propAbbrev":"bao:BAO_0002874","valueURI":"http://purl.obolibrary.org/obo/UO_0000064","valueLabel":"micromolar","valueAbbrev":"obo:UO_0000064","valueDescr":"A unit of molarity which is equal to one millionth of a molar or 10^[-6] M.","groupNest":["http://www.bioassayontology.org/bao#BAX_0000017"],"groupLabel":["measurement"],"valueHier":["http://purl.obolibrary.org/obo/UO_0000061","http://purl.obolibrary.org/obo/UO_0000051","http://purl.obolibrary.org/obo/UO_0000000"],"labelHier":["unit of molarity","concentration unit","unit"]},{"propURI":"http://www.bioassayontology.org/bao#BAO_0000210","propLabel":"screening campaign stage","propAbbrev":"bao:BAO_0000210","valueURI":"http://www.bioassayontology.org/bao#BAO_0000030","valueLabel":"confirmatory assay","valueAbbrev":"bao:BAO_0000030","valueDescr":"Assay performed to confirm activity of compounds identified in the primary screen.  It can be performed as replicate measurements at a single screening concentration or as concentration-response assay.","groupNest":[],"groupLabel":[],"valueHier":["http://www.bioassayontology.org/bao#BAO_0000029"],"labelHier":["assay screening campaign stage"]},{"propURI":"http://www.bioassayontology.org/bao#BAO_0002852","propLabel":"assay sources","propAbbrev":"bao:BAO_0002852","valueURI":"http://www.bioassayexpress.org/sources#SRC_0000026","valueLabel":"Molecular Screening Center (The Scripps Research Institute)","valueAbbrev":"src:SRC_0000026","valueDescr":"The Scripps Research Institute Molecular Screening Center.","groupNest":[],"groupLabel":[],"externalURLs":["http://mlpcn.florida.scripps.edu"],"valueHier":["http://www.bioassayexpress.org/sources#pubchem_sources","http://www.bioassayontology.org/bao#BAO_0002934"],"labelHier":["PubChem Sources","organization"]},{"propURI":"http://www.bioassayontology.org/bao#BAO_0000539","valueLabel":"pubchemAID:570","propAbbrev":"bao:BAO_0000539","groupNest":[],"propLabel":"related assays","groupLabel":[]},{"propURI":"http://www.bioassayontology.org/bao#BAO_0000539","valueLabel":"pubchemAID:1931","propAbbrev":"bao:BAO_0000539","groupNest":[],"propLabel":"related assays","groupLabel":[]},{"propURI":"http://www.bioassayontology.org/bao#BAO_0002853","valueLabel":"Dose response biochemical assay for autofluorescent inhibitors of Matrix Metalloproteinase 13 (MMP13) activity","propAbbrev":"bao:BAO_0002853","groupNest":[],"propLabel":"assay title","groupLabel":[]}],"pubchemXRef":[{"type":"aid","id":"570","comment":""},{"type":"aid","id":"1931","comment":"Summary (MMP-13 inhibitors)"},{"type":"mim","id":"600108","comment":""},{"type":"gene","id":"4322","comment":""},{"type":"pmid","id":"2287948","comment":""},{"type":"pmid","id":"11292372","comment":""},{"type":"pmid","id":"9119997","comment":""},{"type":"pmid","id":"15539485","comment":""},{"type":"pmid","id":"12209155","comment":""},{"type":"pmid","id":"11341845","comment":""},{"type":"pmid","id":"15350133","comment":""},{"type":"pmid","id":"10761907","comment":""},{"type":"protein_gi","id":"4505209","comment":"matrix metalloproteinase 13 preproprotein [Homo sapiens]"}],"curationTime":1492468131390,"curatorID":"admin","history":[{"curationTime":1492468131390,"curatorID":"admin","annotsAdded":[{"propURI":"http://www.bioassayontology.org/bao#BAO_0002854","propLabel":"bioassay type","propAbbrev":"bao:BAO_0002854","valueURI":"http://www.bioassayontology.org/bao#BAO_0000010","valueLabel":"functional","valueAbbrev":"bao:BAO_0000010","valueDescr":"An assay where the measured signal corresponds to a complex response such as cell survival, proliferation, localization of a protein, nuclear translocation etc. The molecular target is not assumed.","valueHier":["http://www.bioassayontology.org/bao#BAO_0000008"],"labelHier":["bioassay type"]}],"annotsRemoved":[{"propURI":"http://www.bioassayontology.org/bao#BAX_0000002","propLabel":"has bioassay type","propAbbrev":"bao:BAX_0000002","valueURI":"http://www.bioassayontology.org/bao#BAO_0000010","valueLabel":"functional","valueAbbrev":"bao:BAO_0000010","valueDescr":"An assay where the measured signal corresponds to a complex response such as cell survival, proliferation, localization of a protein, nuclear translocation etc. The molecular target is not assumed.","valueHier":[],"labelHier":[],"outOfSchema":true}],"labelsAdded":[{"propURI":"http://www.bioassayontology.org/bao#BAO_0002854","valueLabel":"functional","propAbbrev":"bao:BAO_0002854","propLabel":"bioassay type"}],"labelsRemoved":[{"propURI":"http://www.bioassayontology.org/bao#BAX_0000002","valueLabel":"functional","propAbbrev":"bao:BAX_0000002","propLabel":"has bioassay type"}],"notesModified":{}},{"curationTime":1492468131390,"curatorID":"admin","annotsAdded":[{"propURI":"http://www.bioassayontology.org/bao#BAO_0002009","propLabel":"biological process","propAbbrev":"bao:BAO_0002009","valueURI":"http://purl.obolibrary.org/obo/GO_0010710","valueLabel":"regulation of collagen catabolic process","valueAbbrev":"obo:GO_0010710","valueDescr":"Any process that modulates the rate, frequency or extent of collagen catabolism. Collagen catabolism is the proteolytic chemical reactions and pathways resulting in the breakdown of collagen in the extracellular matrix.","valueHier":["http://purl.obolibrary.org/obo/GO_0009894","http://purl.obolibrary.org/obo/GO_0019222","http://purl.obolibrary.org/obo/GO_0050789","http://purl.obolibrary.org/obo/GO_0065007","http://purl.obolibrary.org/obo/GO_0008150","http://www.bioassayontology.org/bao#BAO_0003114"],"labelHier":["regulation of catabolic process","regulation of metabolic process","regulation of biological process","biological regulation","biological process","assay biology component"]}],"annotsRemoved":[{"propURI":"http://www.bioassayontology.org/bao#BAX_0000004","propAbbrev":"bao:BAX_0000004","valueURI":"http://purl.obolibrary.org/obo/GO_0010710","valueLabel":"regulation of collagen catabolic process","valueAbbrev":"obo:GO_0010710","valueDescr":"Any process that modulates the rate, frequency or extent of collagen catabolism. Collagen catabolism is the proteolytic chemical reactions and pathways resulting in the breakdown of collagen in the extracellular matrix.","valueHier":[],"labelHier":[],"outOfSchema":true}],"labelsAdded":[{"propURI":"http://www.bioassayontology.org/bao#BAO_0002009","valueLabel":"regulation of collagen catabolic process","propAbbrev":"bao:BAO_0002009","propLabel":"biological process"}],"labelsRemoved":[{"propURI":"http://www.bioassayontology.org/bao#BAX_0000004","valueLabel":"regulation of collagen catabolic process","propAbbrev":"bao:BAX_0000004"}],"notesModified":{}},{"curationTime":1492468131390,"curatorID":"admin","annotsAdded":[{"propURI":"http://www.bioassayontology.org/bao#BAO_0002848","propLabel":"applies to disease","propAbbrev":"bao:BAO_0002848","valueURI":"http://purl.obolibrary.org/obo/DOID_8398","valueLabel":"osteoarthritis","valueAbbrev":"obo:DOID_8398","valueDescr":"An arthritis that has_material_basis_in worn out cartilage located_in joint.","valueHier":["http://purl.obolibrary.org/obo/DOID_848","http://purl.obolibrary.org/obo/DOID_3342","http://purl.obolibrary.org/obo/DOID_0080001","http://purl.obolibrary.org/obo/DOID_65","http://purl.obolibrary.org/obo/DOID_17","http://purl.obolibrary.org/obo/DOID_7","http://purl.obolibrary.org/obo/DOID_4"],"labelHier":["arthritis","bone inflammation disease","bone disease","connective tissue disease","musculoskeletal system disease","disease of anatomical entity","Disease"]}],"annotsRemoved":[{"propURI":"http://www.bioassayontology.org/bao#BAX_0000010","propAbbrev":"bao:BAX_0000010","valueURI":"http://purl.obolibrary.org/obo/DOID_8398","valueLabel":"osteoarthritis","valueAbbrev":"obo:DOID_8398","valueDescr":"An arthritis that has_material_basis_in worn out cartilage located_in joint.","valueHier":[],"labelHier":[],"outOfSchema":true}],"labelsAdded":[{"propURI":"http://www.bioassayontology.org/bao#BAO_0002848","valueLabel":"osteoarthritis","propAbbrev":"bao:BAO_0002848","propLabel":"applies to disease"}],"labelsRemoved":[{"propURI":"http://www.bioassayontology.org/bao#BAX_0000010","valueLabel":"osteoarthritis","propAbbrev":"bao:BAX_0000010"}],"notesModified":{}},{"curationTime":1492468131390,"curatorID":"admin","annotsAdded":[{"propURI":"http://www.bioassayontology.org/bao#BAO_0000208","propLabel":"result","propAbbrev":"bao:BAO_0000208","valueURI":"http://www.bioassayontology.org/bao#BAO_0000190","valueLabel":"IC50","valueAbbrev":"bao:BAO_0000190","valueDescr":"The effective concentration of an inhibitor, which produces 50% of the maximum possible response for that inhibitor.","valueHier":["http://www.bioassayontology.org/bao#BAO_0002162","http://www.bioassayontology.org/bao#BAO_0000180","http://www.bioassayontology.org/bao#BAO_0000179"],"labelHier":["concentration response endpoint","concentration endpoint","endpoint"]}],"annotsRemoved":[{"propURI":"http://www.bioassayontology.org/bao#BAX_0000006","propAbbrev":"bao:BAX_0000006","valueURI":"http://www.bioassayontology.org/bao#BAO_0000190","valueLabel":"IC50","valueAbbrev":"bao:BAO_0000190","valueDescr":"The effective concentration of an inhibitor, which produces 50% of the maximum possible response for that inhibitor.","valueHier":[],"labelHier":[],"outOfSchema":true}],"labelsAdded":[{"propURI":"http://www.bioassayontology.org/bao#BAO_0000208","valueLabel":"IC50","propAbbrev":"bao:BAO_0000208","propLabel":"result"}],"labelsRemoved":[{"propURI":"http://www.bioassayontology.org/bao#BAX_0000006","valueLabel":"IC50","propAbbrev":"bao:BAX_0000006"}],"notesModified":{}},{"curationTime":1492468131390,"curatorID":"admin","annotsAdded":[{"propURI":"http://www.bioassayontology.org/bao#BAO_0002874","propLabel":"units","propAbbrev":"bao:BAO_0002874","valueURI":"http://purl.org/obo/owl/UO#UO_0000064","valueAbbrev":"uo:UO_0000064","valueHier":[],"labelHier":[],"outOfSchema":true}],"annotsRemoved":[{"propURI":"http://www.bioassayontology.org/bao#BAX_0000007","propAbbrev":"bao:BAX_0000007","valueURI":"http://purl.org/obo/owl/UO#UO_0000064","valueAbbrev":"uo:UO_0000064","valueHier":[],"labelHier":[],"outOfSchema":true}],"labelsAdded":[{"propURI":"http://www.bioassayontology.org/bao#BAO_0002874","valueLabel":"micromolar","propAbbrev":"bao:BAO_0002874","propLabel":"units"}],"labelsRemoved":[{"propURI":"http://www.bioassayontology.org/bao#BAX_0000007","valueLabel":"micromolar","propAbbrev":"bao:BAX_0000007"}],"notesModified":{}},{"curationTime":1492468131390,"curatorID":"admin","annotsAdded":[{"propURI":"http://www.bioassayontology.org/bao#BAO_0095009","propLabel":"assay design method","propAbbrev":"bao:BAO_0095009","valueURI":"http://www.bioassayontology.org/bao#BAO_0000139","valueLabel":"direct enzyme activity measurement method","valueAbbrev":"bao:BAO_0000139","valueDescr":"An enzyme is a protein that acts as a catalyst for specific biochemical reaction, converting specific substrates into chemically distinct products. Enzyme activity assays quantify the kinetics of the product formation or substrate depletion in the reaction, which result in fluorescence, luminescence or colorimetric outputs.","valueHier":["http://www.bioassayontology.org/bao#BAO_0000124","http://www.bioassayontology.org/bao#BAO_0002202"],"labelHier":["enzyme activity measurement method","assay design method"]}],"annotsRemoved":[{"propURI":"http://www.bioassayontology.org/bao#BAX_0000003","propAbbrev":"bao:BAX_0000003","valueURI":"http://www.bioassayontology.org/bao#BAO_0000139","valueLabel":"direct enzyme activity measurement method","valueAbbrev":"bao:BAO_0000139","valueDescr":"An enzyme is a protein that acts as a catalyst for specific biochemical reaction, converting specific substrates into chemically distinct products. Enzyme activity assays quantify the kinetics of the product formation or substrate depletion in the reaction, which result in fluorescence, luminescence or colorimetric outputs.","valueHier":[],"labelHier":[],"outOfSchema":true}],"labelsAdded":[{"propURI":"http://www.bioassayontology.org/bao#BAO_0095009","valueLabel":"direct enzyme activity measurement method","propAbbrev":"bao:BAO_0095009","propLabel":"assay design method"}],"labelsRemoved":[{"propURI":"http://www.bioassayontology.org/bao#BAX_0000003","valueLabel":"direct enzyme activity measurement method","propAbbrev":"bao:BAX_0000003"}],"notesModified":{}},{"curationTime":1492468131390,"curatorID":"admin","annotsAdded":[{"propURI":"http://www.bioassayontology.org/bao#BAO_0000211","propLabel":"target","propAbbrev":"bao:BAO_0000211","valueURI":"http://www.bioassayontology.org/bat#SeeGeneID","valueLabel":"see Gene ID","valueAbbrev":"bat:SeeGeneID","valueDescr":"The target is present in the Gene ID section, but needs to be mapped to a formal ontology.","valueHier":["http://www.bioassayontology.org/bat#Absence"],"labelHier":["absence"]}],"annotsRemoved":[{"propURI":"http://www.bioassayontology.org/bao#BAX_0000005","propAbbrev":"bao:BAX_0000005","valueURI":"http://www.bioassayontology.org/bat#SeeGeneID","valueLabel":"see Gene ID","valueAbbrev":"bat:SeeGeneID","valueDescr":"The target is present in the Gene ID section, but needs to be mapped to a formal ontology.","valueHier":[],"labelHier":[],"outOfSchema":true}],"labelsAdded":[{"propURI":"http://www.bioassayontology.org/bao#BAO_0000211","valueLabel":"see Gene ID","propAbbrev":"bao:BAO_0000211","propLabel":"target"}],"labelsRemoved":[{"propURI":"http://www.bioassayontology.org/bao#BAX_0000005","valueLabel":"see Gene ID","propAbbrev":"bao:BAX_0000005"}],"notesModified":{}},{"curationTime":1492468131390,"curatorID":"admin","annotsAdded":[{"propURI":"http://www.bioassayontology.org/bao#BAO_0002855","propLabel":"bioassay","propAbbrev":"bao:BAO_0002855","valueURI":"http://www.bioassayontology.org/bao#BAO_0002764","valueLabel":"protease activity assay","valueAbbrev":"bao:BAO_0002764","valueDescr":"","valueHier":["http://www.bioassayontology.org/bao#BAO_0002790","http://www.bioassayontology.org/bao#BAO_0002994","http://www.bioassayontology.org/bao#BAO_0000015"],"labelHier":["hydrolase activity assay","enzyme activity assay","bioassay"]}],"annotsRemoved":[{"propURI":"http://www.bioassayontology.org/bao#BAX_0000002","propLabel":"has bioassay type","propAbbrev":"bao:BAX_0000002","valueURI":"http://www.bioassayontology.org/bao#BAO_0002764","valueLabel":"protease activity assay","valueAbbrev":"bao:BAO_0002764","valueDescr":"","valueHier":[],"labelHier":[],"outOfSchema":true}],"labelsAdded":[{"propURI":"http://www.bioassayontology.org/bao#BAO_0002855","valueLabel":"protease activity assay","propAbbrev":"bao:BAO_0002855","propLabel":"bioassay"}],"labelsRemoved":[{"propURI":"http://www.bioassayontology.org/bao#BAX_0000002","valueLabel":"protease activity assay","propAbbrev":"bao:BAX_0000002","propLabel":"has bioassay type"}],"notesModified":{}},{"curationTime":1492468131390,"curatorID":"admin","annotsAdded":[{"propURI":"http://www.bioassayontology.org/bao#BAO_0002874","propLabel":"units","propAbbrev":"bao:BAO_0002874","valueURI":"http://purl.obolibrary.org/obo/UO_0000064","valueLabel":"micromolar","valueAbbrev":"obo:UO_0000064","valueDescr":"A unit of molarity which is equal to one millionth of a molar or 10^[-6] M.","valueHier":["http://purl.obolibrary.org/obo/UO_0000061","http://purl.obolibrary.org/obo/UO_0000051","http://purl.obolibrary.org/obo/UO_0000000"],"labelHier":["unit of molarity","concentration unit","unit"]}],"annotsRemoved":[{"propURI":"http://www.bioassayontology.org/bao#BAO_0002874","propLabel":"units","propAbbrev":"bao:BAO_0002874","valueURI":"http://purl.org/obo/owl/UO#UO_0000064","valueAbbrev":"uo:UO_0000064","valueHier":[],"labelHier":[],"outOfSchema":true}],"labelsAdded":[{"propURI":"http://www.bioassayontology.org/bao#BAO_0002874","valueLabel":"micromolar","propAbbrev":"bao:BAO_0002874","propLabel":"units"}],"labelsRemoved":[{"propURI":"http://www.bioassayontology.org/bao#BAO_0002874","valueLabel":"micromolar","propAbbrev":"bao:BAO_0002874","propLabel":"units"}],"notesModified":{}}],"holdingIDList":[]}