{"assayID":1230,"uniqueID":"pubchemAID:1769","text":"Profiling Assay to determine GST-GSH interactions in multiplex bead-based assays\n\n\nThe objective of the HTS associated with this counterscreen was to identify small molecule regulators of Ras and Ras-related GTPases (see Summary Report and PubChem AIDs 1333, 1334, 1335, 1336, 1337, 1339, 1340, 1341). The primary HTS assay was a no-wash fluorescent GTP-binding assay adapted to multiplexed, high-throughput measurements whereby multiple GTPases were simultaneously screened against the MLSCN library. The specificity is based on the observation that individual GTPases including wt and activated forms exhibit measurably distinct affinities for Bodipy-FI-GTP vs GTP. The assay involves the binding of fluorescent GTP to G protein-GST fusion proteins on GSH beads. A set of six G proteins (Rac 1 wt, Rab7 wt, Rac 1 activated, Ras wt, Rab 2 wt., CDC wt) are arrayed under conditions of divalent molecule depletion.\n\nIn this counterscreen assay, compounds were evaluated for the ability to interfere with the binding of the GST fusion proteins to the GSH beads (thus producing potential false positive results).  Dose response experiments were constructed in which compounds at 10 mM concentration in DMSO were serially diluted 1:3.16 eight times for a total of nine different test compound concentrations.  Final compound dilutions in DMSO ranged from 1 microM to 10 mM.  These dilutions were then further diluted 1 to 100 to give an assay concentration range of 10 nanoM  to 100 microM.  GSH beads were incubated overnight with 50 nM GST-green fluorescent protein similar to conditions in the in the screening assay. \n\nSample acquisition and preliminary analysis was conducted with the HyperCyt(R) high throughput flow cytometry platform. The HyperCyt system interfaces a flow cytometer and autosampler for high-throughput microliter-volume sampling from 384-well microtiter plates. The stream of particles is excited at 488 nm and 635 nM, and flow cytometric data of light scatter and fluorescence emission at 530 +/- 20 nm (FL1) and emission at 665 +/- 10 nm (FL8) are collected on a Cyan Flow Cytometer (Dako). Analysis of the time-resolved acquisition data file uses IDLeQuery software to merge the flow cytometry data files with compound worklist files generated by HyperSip software. The raw data are parsed in IDLeQuery to produce annotated fluorescence summary data for each well. The parsed data are then processed through an Excel template file constructed specifically for the assay to segregate data for each target and the fluorescence scavenger in the multiplex. Gating based on forward scatter (FS) and side scatter (SS) parameters is used to identify singlet bead populations. Gating based on FL8 emission distinguishes the beads coated with GFP, and the green median fluorescence intensity (MFI) per bead population (well) is calculated.\n ","notes":{},"schemaURI":"http://www.bioassayontology.org/bas#","annotations":[{"propURI":"http://www.bioassayontology.org/bao#BAO_0000205","propLabel":"assay format","propAbbrev":"bao:BAO_0000205","valueURI":"http://www.bioassayontology.org/bao#BAO_0000217","valueLabel":"biochemical format","valueAbbrev":"bao:BAO_0000217","valueDescr":"It is an in vitro format used to measure the activity of a biological macromolecule, either a purified protein or a nucleic acid. It is most often a homogeneous assay type, but can be heterogeneous if a solid phase such as beads is used to immobilize the macromolecule.","groupNest":[],"groupLabel":[],"valueHier":["http://www.bioassayontology.org/bao#BAO_0000019"],"labelHier":["assay format"]},{"propURI":"http://www.bioassayontology.org/bao#BAO_0000205","propLabel":"assay format","propAbbrev":"bao:BAO_0000205","valueURI":"http://www.bioassayontology.org/bao#BAO_0000224","valueLabel":"protein format","valueAbbrev":"bao:BAO_0000224","valueDescr":"In this format, the perturbagen targets a protein to regulate its function.  ","groupNest":[],"groupLabel":[],"valueHier":["http://www.bioassayontology.org/bao#BAO_0000217","http://www.bioassayontology.org/bao#BAO_0000019"],"labelHier":["biochemical format","assay format"]},{"propURI":"http://www.bioassayontology.org/bao#BAO_0095009","propLabel":"assay design method","propAbbrev":"bao:BAO_0095009","valueURI":"http://www.bioassayontology.org/bao#BAO_0000123","valueLabel":"binding assessment method","valueAbbrev":"bao:BAO_0000123","valueDescr":"Binding reporter technology is used to quantitate the interactions between two molecules, e.g. perturbagen-protein, protein-protein, protein-DNA, etc.\nThe technologies used are radioligand binding, resonance energy transfer, fluorescence polarization, protein fragment complementation assay, and several label-free methods, including surface plasmon resonance, impedance, nuclear magnetic resonance, X-ray diffraction, isothermal titration calorimetry, mass spectrometry, etc.\n","groupNest":[],"groupLabel":[],"valueHier":["http://www.bioassayontology.org/bao#BAO_0002202"],"labelHier":["assay design method"]},{"propURI":"http://www.bioassayontology.org/bao#BAO_0002867","propLabel":"assay footprint","propAbbrev":"bao:BAO_0002867","valueURI":"http://www.bioassayontology.org/bao#BAO_0000515","valueLabel":"384 well plate","valueAbbrev":"bao:BAO_0000515","valueDescr":"This microplate contains 384 wells. It is suitable for a HTS assay.","groupNest":[],"groupLabel":[],"valueHier":["http://www.bioassayontology.org/bao#BAO_0000508","http://www.bioassayontology.org/bao#BAO_0000512"],"labelHier":["microplate","assay footprint"]},{"propURI":"http://www.bioassayontology.org/bao#BAO_0000185","propLabel":"perturbagen type","propAbbrev":"bao:BAO_0000185","valueURI":"http://www.bioassayontology.org/bao#BAO_0000733","valueLabel":"MLSMR library","valueAbbrev":"bao:BAO_0000733","valueDescr":"","groupNest":[],"groupLabel":[],"valueHier":["http://www.bioassayontology.org/bao#BAO_0000648","http://www.bioassayontology.org/bao#BAO_0000661","http://www.bioassayontology.org/bao#BAO_0003120"],"labelHier":["compound library","perturbagen library","assay screened entity component"]},{"propURI":"http://www.bioassayontology.org/bao#BAO_0002855","propLabel":"bioassay","propAbbrev":"bao:BAO_0002855","valueURI":"http://www.bioassayontology.org/bao#BAO_0002989","valueLabel":"binding assay","valueAbbrev":"bao:BAO_0002989","valueDescr":"It is performed to quantify the interactions between two molecules, e.g. small molecule-protein, protein-protein, protein-DNA, etc.","groupNest":[],"groupLabel":[],"valueHier":["http://www.bioassayontology.org/bao#BAO_0000015"],"labelHier":["bioassay"]},{"propURI":"http://www.bioassayontology.org/bao#BAO_0002855","propLabel":"bioassay","propAbbrev":"bao:BAO_0002855","valueURI":"http://www.bioassayontology.org/bao#BAO_0000394","valueLabel":"protein-nucleotide interaction assay","valueAbbrev":"bao:BAO_0000394","valueDescr":"Protein-nucleotide interaction","groupNest":[],"groupLabel":[],"valueHier":["http://www.bioassayontology.org/bao#BAO_0002989","http://www.bioassayontology.org/bao#BAO_0000015"],"labelHier":["binding assay","bioassay"]},{"propURI":"http://www.bioassayontology.org/bao#BAO_0002800","propLabel":"assay cell line","propAbbrev":"bao:BAO_0002800","valueURI":"http://www.bioassayontology.org/bat#NotApplicable","valueLabel":"not applicable","valueAbbrev":"bat:NotApplicable","valueDescr":"This property does not apply to this assay.","groupNest":[],"groupLabel":[],"valueHier":["http://www.bioassayontology.org/bat#Absence"],"labelHier":["absence"]},{"propURI":"http://www.bioassayontology.org/bao#BAO_0002009","propLabel":"biological process","propAbbrev":"bao:BAO_0002009","valueURI":"http://purl.obolibrary.org/obo/GO_0008283","valueLabel":"cell proliferation","valueAbbrev":"obo:GO_0008283","valueDescr":"The multiplication or reproduction of cells, resulting in the expansion of a cell population.","groupNest":[],"groupLabel":[],"valueHier":["http://purl.obolibrary.org/obo/GO_0008150","http://www.bioassayontology.org/bao#BAO_0003114"],"labelHier":["biological process","assay biology component"]},{"propURI":"http://www.bioassayontology.org/bao#BAO_0002009","propLabel":"biological process","propAbbrev":"bao:BAO_0002009","valueURI":"http://purl.obolibrary.org/obo/GO_0009966","valueLabel":"regulation of signal transduction","valueAbbrev":"obo:GO_0009966","valueDescr":"Any process that modulates the frequency, rate or extent of signal transduction.","groupNest":[],"groupLabel":[],"valueHier":["http://purl.obolibrary.org/obo/GO_0023051","http://purl.obolibrary.org/obo/GO_0050789","http://purl.obolibrary.org/obo/GO_0065007","http://purl.obolibrary.org/obo/GO_0008150","http://www.bioassayontology.org/bao#BAO_0003114"],"labelHier":["regulation of signaling","regulation of biological process","biological regulation","biological process","assay biology component"]},{"propURI":"http://www.bioassayontology.org/bao#BAO_0000211","propLabel":"target","propAbbrev":"bao:BAO_0000211","valueURI":"http://www.bioassayontology.org/bat#RequiresTerm","valueLabel":"requires term","valueAbbrev":"bat:RequiresTerm","valueDescr":"An appropriate term could not be found in the underlying ontologies: it may be necessary to create a new one.","groupNest":[],"groupLabel":[],"valueHier":["http://www.bioassayontology.org/bat#Absence"],"labelHier":["absence"]},{"propURI":"http://www.bioassayontology.org/bao#BAO_0002848","propLabel":"applies to disease","propAbbrev":"bao:BAO_0002848","valueURI":"http://purl.obolibrary.org/obo/DOID_162","valueLabel":"cancer","valueAbbrev":"obo:DOID_162","valueDescr":"A disease of cellular proliferation that is malignant and primary, characterized by uncontrolled cellular proliferation, local cell invasion and metastasis.","groupNest":[],"groupLabel":[],"valueHier":["http://purl.obolibrary.org/obo/DOID_14566","http://purl.obolibrary.org/obo/DOID_4"],"labelHier":["disease of cellular proliferation","Disease"]},{"propURI":"http://www.bioassayontology.org/bao#BAO_0003107","propLabel":"GO terms","propAbbrev":"bao:BAO_0003107","valueURI":"http://purl.obolibrary.org/obo/GO_0015055","valueLabel":"secretin receptor activity","valueAbbrev":"obo:GO_0015055","valueDescr":"Combining with secretin to initiate a change in cell activity.","groupNest":[],"groupLabel":[],"valueHier":["http://purl.obolibrary.org/obo/GO_0004930","http://purl.obolibrary.org/obo/GO_0004888","http://purl.obolibrary.org/obo/GO_0038023","http://purl.obolibrary.org/obo/GO_0004872","http://purl.obolibrary.org/obo/GO_0003674","http://www.bioassayontology.org/bao#BAO_0003117","http://www.bioassayontology.org/bao#BAO_0003114"],"labelHier":["G-protein coupled receptor activity","transmembrane signaling receptor activity","signaling receptor activity","receptor activity","molecular function","function","assay biology component"]},{"propURI":"http://www.bioassayontology.org/bao#BAO_0002663","propLabel":"assay kit","propAbbrev":"bao:BAO_0002663","valueURI":"http://www.bioassayontology.org/bat#NotApplicable","valueLabel":"not applicable","valueAbbrev":"bat:NotApplicable","valueDescr":"This property does not apply to this assay.","groupNest":[],"groupLabel":[],"valueHier":["http://www.bioassayontology.org/bat#Absence"],"labelHier":["absence"]},{"propURI":"http://www.bioassayontology.org/bao#BAO_0000207","propLabel":"physical detection method","propAbbrev":"bao:BAO_0000207","valueURI":"http://www.bioassayontology.org/bao#BAO_0000363","valueLabel":"fluorescence intensity","valueAbbrev":"bao:BAO_0000363","valueDescr":"Fluorescence intensity is the measure of fluorescence from a sample.","groupNest":[],"groupLabel":[],"valueHier":["http://www.bioassayontology.org/bao#BAO_0000046","http://www.bioassayontology.org/bao#BAO_0000035"],"labelHier":["fluorescence method","physical detection method"]},{"propURI":"http://www.bioassayontology.org/bao#BAO_0000207","propLabel":"physical detection method","propAbbrev":"bao:BAO_0000207","valueURI":"http://www.bioassayontology.org/bao#BAO_0000005","valueLabel":"flow cytometry","valueAbbrev":"bao:BAO_0000005","valueDescr":"Flow cytometry uses the principles of light scattering and fluorescence from fluorochrome molecules to generate specific multi-parameter data from particles and cells in the size range of 0.5um to 40um diameter.\n","groupNest":[],"groupLabel":[],"altLabels":["Fluorescence-activated cell sorting","FACS"],"valueHier":["http://www.bioassayontology.org/bao#BAO_0000046","http://www.bioassayontology.org/bao#BAO_0000035"],"labelHier":["fluorescence method","physical detection method"]},{"propURI":"http://www.bioassayontology.org/bao#BAO_0002865","propLabel":"detection instrument","propAbbrev":"bao:BAO_0002865","valueURI":"http://www.bioassayontology.org/bao#BAO_0000943","valueLabel":"HyperCyt High Throughput Flow Cytometry System","valueAbbrev":"bao:BAO_0000943","valueDescr":"","groupNest":[],"groupLabel":[],"valueHier":["http://www.bioassayontology.org/bao#BAO_0000697"],"labelHier":["detection instrument"]},{"propURI":"http://www.bioassayontology.org/bao#BAO_0003107","propLabel":"GO terms","propAbbrev":"bao:BAO_0003107","valueURI":"http://purl.obolibrary.org/obo/GO_0030229","valueLabel":"very-low-density lipoprotein particle receptor activity","valueAbbrev":"obo:GO_0030229","valueDescr":"Combining with a very-low-density lipoprotein particle and delivering the very-low-density lipoprotein into the cell via endocytosis.","groupNest":[],"groupLabel":[],"valueHier":["http://purl.obolibrary.org/obo/GO_0030228","http://purl.obolibrary.org/obo/GO_0038024","http://purl.obolibrary.org/obo/GO_0004872","http://purl.obolibrary.org/obo/GO_0003674","http://www.bioassayontology.org/bao#BAO_0003117","http://www.bioassayontology.org/bao#BAO_0003114"],"labelHier":["lipoprotein particle receptor activity","cargo receptor activity","receptor activity","molecular function","function","assay biology component"]},{"propURI":"http://www.bioassayontology.org/bao#BAO_0003107","propLabel":"GO terms","propAbbrev":"bao:BAO_0003107","valueURI":"http://purl.obolibrary.org/obo/GO_0047810","valueLabel":"D-alanine:2-oxoglutarate aminotransferase activity","valueAbbrev":"obo:GO_0047810","valueDescr":"Catalysis of the reaction: D-alanine + 2-oxoglutarate = pyruvate + D-glutamate.","groupNest":[],"groupLabel":[],"valueHier":["http://purl.obolibrary.org/obo/GO_0008483","http://purl.obolibrary.org/obo/GO_0016769","http://purl.obolibrary.org/obo/GO_0016740","http://purl.obolibrary.org/obo/GO_0003824","http://purl.obolibrary.org/obo/GO_0003674","http://www.bioassayontology.org/bao#BAO_0003117","http://www.bioassayontology.org/bao#BAO_0003114"],"labelHier":["transaminase activity","transferase activity, transferring nitrogenous groups","transferase activity","catalytic activity","molecular function","function","assay biology component"]},{"propURI":"http://www.bioassayontology.org/bao#BAO_0000208","propLabel":"result","propAbbrev":"bao:BAO_0000208","valueURI":"http://www.bioassayontology.org/bao#BAO_0000188","valueLabel":"EC50","valueAbbrev":"bao:BAO_0000188","valueDescr":"The effective concentration of an agonist, which produces 50% of the maximum possible response for that agonist.","groupNest":[],"groupLabel":[],"valueHier":["http://www.bioassayontology.org/bao#BAO_0002162","http://www.bioassayontology.org/bao#BAO_0000180","http://www.bioassayontology.org/bao#BAO_0000179"],"labelHier":["concentration response endpoint","concentration endpoint","endpoint"]},{"propURI":"http://www.bioassayontology.org/bao#BAO_0002874","propLabel":"units","propAbbrev":"bao:BAO_0002874","valueURI":"http://purl.obolibrary.org/obo/UO_0000064","valueLabel":"micromolar","valueAbbrev":"obo:UO_0000064","valueDescr":"A unit of molarity which is equal to one millionth of a molar or 10^[-6] M.","groupNest":["http://www.bioassayontology.org/bao#BAX_0000017"],"groupLabel":["measurement"],"valueHier":["http://purl.obolibrary.org/obo/UO_0000061","http://purl.obolibrary.org/obo/UO_0000051","http://purl.obolibrary.org/obo/UO_0000000"],"labelHier":["unit of molarity","concentration unit","unit"]},{"propURI":"http://www.bioassayontology.org/bao#BAO_0002921","propLabel":"organism","propAbbrev":"bao:BAO_0002921","valueURI":"http://purl.obolibrary.org/obo/NCBITaxon_9606","valueLabel":"Homo sapiens","valueAbbrev":"obo:NCBITaxon_9606","valueDescr":"","groupNest":[],"groupLabel":[],"altLabels":["man","human"],"valueHier":["http://www.bioassayontology.org/bao#BAO_0000362","http://www.bioassayontology.org/bao#BAO_0000510","http://www.bioassayontology.org/bao#BAO_0000659","http://www.bioassayontology.org/bao#BAO_0000509","http://www.bioassayontology.org/bao#BAO_0000658","http://www.bioassayontology.org/bao#BAO_0000551"],"labelHier":["mammalian","vertebrate","metazoa","eukaryote","cellular organisms","organism"]},{"propURI":"http://www.bioassayontology.org/bao#BAO_0000210","propLabel":"screening campaign stage","propAbbrev":"bao:BAO_0000210","valueURI":"http://www.bioassayontology.org/bao#BAO_0000803","valueLabel":"counter screening assay","valueAbbrev":"bao:BAO_0000803","valueDescr":"An assay run to eliminate those hits from the primary and confirmatory assay stages that are not of interest, i.e. do not act via the MMOA of interest; for example compounds that are assay artifacts (e.g. fluorescent), promiscuously active, toxic. ","groupNest":[],"groupLabel":[],"valueHier":["http://www.bioassayontology.org/bao#BAO_0000032","http://www.bioassayontology.org/bao#BAO_0000029"],"labelHier":["secondary assay","assay screening campaign stage"]},{"propURI":"http://www.bioassayontology.org/bao#BAO_0000196","propLabel":"assay mode of action","propAbbrev":"bao:BAO_0000196","valueURI":"http://www.bioassayontology.org/bao#BAO_0002909","valueLabel":"modulation","valueAbbrev":"bao:BAO_0002909","valueDescr":"","groupNest":[],"groupLabel":[],"valueHier":["http://www.bioassayontology.org/bao#BAO_0000084","http://www.bioassayontology.org/bao#BAO_0000074"],"labelHier":["ligand function mode of action","mode of action"]},{"propURI":"http://www.bioassayontology.org/bao#BAX_0000011","propLabel":"gene identity","propAbbrev":"bao:BAX_0000011","valueURI":"http://www.bioassayontology.org/geneid#2944","valueLabel":"GSTM1: glutathione S-transferase mu 1","valueAbbrev":"geneid:2944","valueDescr":"","groupNest":[],"groupLabel":[],"valueHier":["http://www.bioassayontology.org/geneid#Homo_sapiens","http://www.bioassayontology.org/geneid#Mammalia","http://www.bioassayontology.org/geneid#Root"],"labelHier":["Homo sapiens","Mammalia","Faux GeneID"]},{"propURI":"http://www.bioassayontology.org/bao#BAX_0000012","propLabel":"protein identity","propAbbrev":"bao:BAX_0000012","valueURI":"http://www.bioassayontology.org/protein#31933","valueLabel":"glutathione S-transferase, partial [Homo sapiens]","valueAbbrev":"protein:31933","valueDescr":"Protein: glutathione S-transferase, partial [Homo sapiens], Organism: Homo sapiens","groupNest":[],"groupLabel":[],"valueHier":["http://www.bioassayontology.org/taxon#9606","http://www.bioassayontology.org/taxon#9605","http://www.bioassayontology.org/taxon#314295","http://www.bioassayontology.org/taxon#9526","http://www.bioassayontology.org/taxon#9443","http://www.bioassayontology.org/taxon#314146","http://www.bioassayontology.org/taxon#40674","http://www.bioassayontology.org/taxon#32524","http://www.bioassayontology.org/taxon#8287","http://www.bioassayontology.org/taxon#117570","http://www.bioassayontology.org/taxon#7711","http://www.bioassayontology.org/taxon#33511","http://www.bioassayontology.org/taxon#33213","http://www.bioassayontology.org/taxon#33208","http://www.bioassayontology.org/taxon#33154","http://www.bioassayontology.org/taxon#2759","http://www.bioassayontology.org/taxon#131567","http://www.bioassayontology.org/taxon#Root"],"labelHier":["Homo sapiens","Homo","Hominoidea / Hominidae / Homininae","Catarrhini","Primates / Haplorrhini / Simiiformes","Euarchontoglires","Mammalia / Theria / Eutheria / Boreoeutheria","Amniota","Sarcopterygii / Dipnotetrapodomorpha / Tetrapoda","Teleostomi / Euteleostomi","Chordata / Craniata / Vertebrata / Gnathostomata","Deuterostomia","Bilateria","Metazoa / Eumetazoa","Opisthokonta","Eukaryota","cellular organisms","Faux ProteinID"]},{"propURI":"http://www.bioassayontology.org/bao#BAO_0002852","propLabel":"assay sources","propAbbrev":"bao:BAO_0002852","valueURI":"http://www.bioassayexpress.org/sources#SRC_0000018","valueLabel":"New Mexico Molecular Libraries Screening Center (NMMLSC)","valueAbbrev":"src:SRC_0000018","valueDescr":"New Mexico Molecular Libraries Screening Center (NMMLSC).","groupNest":[],"groupLabel":[],"externalURLs":["http://nmmlsc.health.unm.edu"],"valueHier":["http://www.bioassayexpress.org/sources#pubchem_sources","http://www.bioassayontology.org/bao#BAO_0002934"],"labelHier":["PubChem Sources","organization"]},{"propURI":"http://www.bioassayontology.org/bao#BAO_0000211","valueLabel":"glutathione S-transferase","propAbbrev":"bao:BAO_0000211","groupNest":[],"propLabel":"target","groupLabel":[]},{"propURI":"http://www.bioassayontology.org/bao#BAO_0000539","valueLabel":"pubchemAID:1333","propAbbrev":"bao:BAO_0000539","groupNest":[],"propLabel":"related assays","groupLabel":[]},{"propURI":"http://www.bioassayontology.org/bao#BAO_0000539","valueLabel":"pubchemAID:1334","propAbbrev":"bao:BAO_0000539","groupNest":[],"propLabel":"related assays","groupLabel":[]},{"propURI":"http://www.bioassayontology.org/bao#BAO_0000539","valueLabel":"pubchemAID:1335","propAbbrev":"bao:BAO_0000539","groupNest":[],"propLabel":"related assays","groupLabel":[]},{"propURI":"http://www.bioassayontology.org/bao#BAO_0000539","valueLabel":"pubchemAID:1336","propAbbrev":"bao:BAO_0000539","groupNest":[],"propLabel":"related assays","groupLabel":[]},{"propURI":"http://www.bioassayontology.org/bao#BAO_0000539","valueLabel":"pubchemAID:1337","propAbbrev":"bao:BAO_0000539","groupNest":[],"propLabel":"related assays","groupLabel":[]},{"propURI":"http://www.bioassayontology.org/bao#BAO_0000539","valueLabel":"pubchemAID:1339","propAbbrev":"bao:BAO_0000539","groupNest":[],"propLabel":"related assays","groupLabel":[]},{"propURI":"http://www.bioassayontology.org/bao#BAO_0000539","valueLabel":"pubchemAID:1340","propAbbrev":"bao:BAO_0000539","groupNest":[],"propLabel":"related assays","groupLabel":[]},{"propURI":"http://www.bioassayontology.org/bao#BAO_0000539","valueLabel":"pubchemAID:1341","propAbbrev":"bao:BAO_0000539","groupNest":[],"propLabel":"related assays","groupLabel":[]},{"propURI":"http://www.bioassayontology.org/bao#BAO_0002853","valueLabel":"Profiling Assay to determine GST-GSH interactions in multiplex bead-based assays","propAbbrev":"bao:BAO_0002853","groupNest":[],"propLabel":"assay title","groupLabel":[]}],"pubchemXRef":[{"type":"aid","id":"1333","comment":""},{"type":"aid","id":"1334","comment":""},{"type":"aid","id":"1335","comment":""},{"type":"aid","id":"1336","comment":""},{"type":"aid","id":"1337","comment":""},{"type":"aid","id":"1339","comment":""},{"type":"aid","id":"1340","comment":""},{"type":"aid","id":"1341","comment":""},{"type":"gene","id":"2944","comment":"GSTM1; glutathione S-transferase mu 1"},{"type":"mim","id":"138350","comment":"GLUTATHIONE S-TRANSFERASE, MU-1; GSTM1"},{"type":"nucleotide_gi","id":"215276995","comment":"Homo sapiens glutathione S-transferase mu 1 (GSTM1), transcript variant 1, mRNA"},{"type":"taxonomy","id":"9606","comment":"human"},{"type":"mesh","id":"68005982","comment":"Glutathione Transferase"},{"type":"dburl","id":"http://nmmlsc.health.unm.edu","comment":""},{"type":"protein_gi","id":"31933","comment":"glutathione S-transferase [Homo sapiens]"}],"curationTime":1466762816000,"curatorID":"","history":[{"curationTime":1466762816000,"curatorID":"","annotsAdded":[{"propURI":"http://www.bioassayontology.org/bao#BAO_0002009","propLabel":"biological process","propAbbrev":"bao:BAO_0002009","valueURI":"http://purl.obolibrary.org/obo/GO_0008283","valueLabel":"cell proliferation","valueAbbrev":"obo:GO_0008283","valueDescr":"The multiplication or reproduction of cells, resulting in the expansion of a cell population.","valueHier":["http://purl.obolibrary.org/obo/GO_0008150","http://www.bioassayontology.org/bao#BAO_0003114"],"labelHier":["biological process","assay biology component"]},{"propURI":"http://www.bioassayontology.org/bao#BAO_0002009","propLabel":"biological process","propAbbrev":"bao:BAO_0002009","valueURI":"http://purl.obolibrary.org/obo/GO_0009966","valueLabel":"regulation of signal transduction","valueAbbrev":"obo:GO_0009966","valueDescr":"Any process that modulates the frequency, rate or extent of signal transduction.","valueHier":["http://purl.obolibrary.org/obo/GO_0023051","http://purl.obolibrary.org/obo/GO_0050789","http://purl.obolibrary.org/obo/GO_0065007","http://purl.obolibrary.org/obo/GO_0008150","http://www.bioassayontology.org/bao#BAO_0003114"],"labelHier":["regulation of signaling","regulation of biological process","biological regulation","biological process","assay biology component"]}],"annotsRemoved":[{"propURI":"http://www.bioassayontology.org/bao#BAX_0000004","propAbbrev":"bao:BAX_0000004","valueURI":"http://purl.obolibrary.org/obo/GO_0008283","valueLabel":"cell proliferation","valueAbbrev":"obo:GO_0008283","valueDescr":"The multiplication or reproduction of cells, resulting in the expansion of a cell population.","valueHier":[],"labelHier":[],"outOfSchema":true},{"propURI":"http://www.bioassayontology.org/bao#BAX_0000004","propAbbrev":"bao:BAX_0000004","valueURI":"http://purl.obolibrary.org/obo/GO_0009966","valueLabel":"regulation of signal transduction","valueAbbrev":"obo:GO_0009966","valueDescr":"Any process that modulates the frequency, rate or extent of signal transduction.","valueHier":[],"labelHier":[],"outOfSchema":true}],"labelsAdded":[{"propURI":"http://www.bioassayontology.org/bao#BAO_0002009","valueLabel":"cell proliferation","propAbbrev":"bao:BAO_0002009","propLabel":"biological process"},{"propURI":"http://www.bioassayontology.org/bao#BAO_0002009","valueLabel":"regulation of signal transduction","propAbbrev":"bao:BAO_0002009","propLabel":"biological process"}],"labelsRemoved":[{"propURI":"http://www.bioassayontology.org/bao#BAX_0000004","valueLabel":"cell proliferation","propAbbrev":"bao:BAX_0000004"},{"propURI":"http://www.bioassayontology.org/bao#BAX_0000004","valueLabel":"regulation of signal transduction","propAbbrev":"bao:BAX_0000004"}],"notesModified":{}},{"curationTime":1466762816000,"curatorID":"","annotsAdded":[{"propURI":"http://www.bioassayontology.org/bao#BAO_0002848","propLabel":"applies to disease","propAbbrev":"bao:BAO_0002848","valueURI":"http://purl.obolibrary.org/obo/DOID_162","valueLabel":"cancer","valueAbbrev":"obo:DOID_162","valueDescr":"A disease of cellular proliferation that is malignant and primary, characterized by uncontrolled cellular proliferation, local cell invasion and metastasis.","valueHier":["http://purl.obolibrary.org/obo/DOID_14566","http://purl.obolibrary.org/obo/DOID_4"],"labelHier":["disease of cellular proliferation","Disease"]}],"annotsRemoved":[{"propURI":"http://www.bioassayontology.org/bao#BAX_0000010","propAbbrev":"bao:BAX_0000010","valueURI":"http://purl.obolibrary.org/obo/DOID_162","valueLabel":"cancer","valueAbbrev":"obo:DOID_162","valueDescr":"A disease of cellular proliferation that is malignant and primary, characterized by uncontrolled cellular proliferation, local cell invasion and metastasis.","valueHier":[],"labelHier":[],"outOfSchema":true}],"labelsAdded":[{"propURI":"http://www.bioassayontology.org/bao#BAO_0002848","valueLabel":"cancer","propAbbrev":"bao:BAO_0002848","propLabel":"applies to disease"}],"labelsRemoved":[{"propURI":"http://www.bioassayontology.org/bao#BAX_0000010","valueLabel":"cancer","propAbbrev":"bao:BAX_0000010"}],"notesModified":{}},{"curationTime":1466762816000,"curatorID":"","annotsAdded":[{"propURI":"http://www.bioassayontology.org/bao#BAO_0000208","propLabel":"result","propAbbrev":"bao:BAO_0000208","valueURI":"http://www.bioassayontology.org/bao#BAO_0000188","valueLabel":"EC50","valueAbbrev":"bao:BAO_0000188","valueDescr":"The effective concentration of an agonist, which produces 50% of the maximum possible response for that agonist.","valueHier":["http://www.bioassayontology.org/bao#BAO_0002162","http://www.bioassayontology.org/bao#BAO_0000180","http://www.bioassayontology.org/bao#BAO_0000179"],"labelHier":["concentration response endpoint","concentration endpoint","endpoint"]}],"annotsRemoved":[{"propURI":"http://www.bioassayontology.org/bao#BAX_0000006","propAbbrev":"bao:BAX_0000006","valueURI":"http://www.bioassayontology.org/bao#BAO_0000188","valueLabel":"EC50","valueAbbrev":"bao:BAO_0000188","valueDescr":"The effective concentration of an agonist, which produces 50% of the maximum possible response for that agonist.","valueHier":[],"labelHier":[],"outOfSchema":true}],"labelsAdded":[{"propURI":"http://www.bioassayontology.org/bao#BAO_0000208","valueLabel":"EC50","propAbbrev":"bao:BAO_0000208","propLabel":"result"}],"labelsRemoved":[{"propURI":"http://www.bioassayontology.org/bao#BAX_0000006","valueLabel":"EC50","propAbbrev":"bao:BAX_0000006"}],"notesModified":{}},{"curationTime":1466762816000,"curatorID":"","annotsAdded":[{"propURI":"http://www.bioassayontology.org/bao#BAO_0002874","propLabel":"units","propAbbrev":"bao:BAO_0002874","valueURI":"http://purl.org/obo/owl/UO#UO_0000064","valueAbbrev":"uo:UO_0000064","valueHier":[],"labelHier":[],"outOfSchema":true}],"annotsRemoved":[{"propURI":"http://www.bioassayontology.org/bao#BAX_0000007","propAbbrev":"bao:BAX_0000007","valueURI":"http://purl.org/obo/owl/UO#UO_0000064","valueAbbrev":"uo:UO_0000064","valueHier":[],"labelHier":[],"outOfSchema":true}],"labelsAdded":[{"propURI":"http://www.bioassayontology.org/bao#BAO_0002874","valueLabel":"micromolar","propAbbrev":"bao:BAO_0002874","propLabel":"units"}],"labelsRemoved":[{"propURI":"http://www.bioassayontology.org/bao#BAX_0000007","valueLabel":"micromolar","propAbbrev":"bao:BAX_0000007"}],"notesModified":{}},{"curationTime":1466762816000,"curatorID":"","annotsAdded":[{"propURI":"http://www.bioassayontology.org/bao#BAO_0003107","propLabel":"GO terms","propAbbrev":"bao:BAO_0003107","valueURI":"http://purl.obolibrary.org/obo/GO_0030229","valueLabel":"very-low-density lipoprotein particle receptor activity","valueAbbrev":"obo:GO_0030229","valueDescr":"Combining with a very-low-density lipoprotein particle and delivering the very-low-density lipoprotein into the cell via endocytosis.","valueHier":["http://purl.obolibrary.org/obo/GO_0030228","http://purl.obolibrary.org/obo/GO_0038024","http://purl.obolibrary.org/obo/GO_0004872","http://purl.obolibrary.org/obo/GO_0003674","http://www.bioassayontology.org/bao#BAO_0003117","http://www.bioassayontology.org/bao#BAO_0003114"],"labelHier":["lipoprotein particle receptor activity","cargo receptor activity","receptor activity","molecular function","function","assay biology component"]},{"propURI":"http://www.bioassayontology.org/bao#BAO_0003107","propLabel":"GO terms","propAbbrev":"bao:BAO_0003107","valueURI":"http://purl.obolibrary.org/obo/GO_0047810","valueLabel":"D-alanine:2-oxoglutarate aminotransferase activity","valueAbbrev":"obo:GO_0047810","valueDescr":"Catalysis of the reaction: D-alanine + 2-oxoglutarate = pyruvate + D-glutamate.","valueHier":["http://purl.obolibrary.org/obo/GO_0008483","http://purl.obolibrary.org/obo/GO_0016769","http://purl.obolibrary.org/obo/GO_0016740","http://purl.obolibrary.org/obo/GO_0003824","http://purl.obolibrary.org/obo/GO_0003674","http://www.bioassayontology.org/bao#BAO_0003117","http://www.bioassayontology.org/bao#BAO_0003114"],"labelHier":["transaminase activity","transferase activity, transferring nitrogenous groups","transferase activity","catalytic activity","molecular function","function","assay biology component"]},{"propURI":"http://www.bioassayontology.org/bao#BAO_0003107","propLabel":"GO terms","propAbbrev":"bao:BAO_0003107","valueURI":"http://purl.obolibrary.org/obo/GO_0015055","valueLabel":"secretin receptor activity","valueAbbrev":"obo:GO_0015055","valueDescr":"Combining with secretin to initiate a change in cell activity.","valueHier":["http://purl.obolibrary.org/obo/GO_0004930","http://purl.obolibrary.org/obo/GO_0004888","http://purl.obolibrary.org/obo/GO_0038023","http://purl.obolibrary.org/obo/GO_0004872","http://purl.obolibrary.org/obo/GO_0003674","http://www.bioassayontology.org/bao#BAO_0003117","http://www.bioassayontology.org/bao#BAO_0003114"],"labelHier":["G-protein coupled receptor activity","transmembrane signaling receptor activity","signaling receptor activity","receptor activity","molecular function","function","assay biology component"]}],"annotsRemoved":[{"propURI":"http://www.bioassayontology.org/bao#BAX_0000009","propAbbrev":"bao:BAX_0000009","valueURI":"http://purl.obolibrary.org/obo/GO_0047810","valueLabel":"D-alanine:2-oxoglutarate aminotransferase activity","valueAbbrev":"obo:GO_0047810","valueDescr":"Catalysis of the reaction: D-alanine + 2-oxoglutarate = pyruvate + D-glutamate.","valueHier":[],"labelHier":[],"outOfSchema":true},{"propURI":"http://www.bioassayontology.org/bao#BAX_0000009","propAbbrev":"bao:BAX_0000009","valueURI":"http://purl.obolibrary.org/obo/GO_0030229","valueLabel":"very-low-density lipoprotein particle receptor activity","valueAbbrev":"obo:GO_0030229","valueDescr":"Combining with a very-low-density lipoprotein particle and delivering the very-low-density lipoprotein into the cell via endocytosis.","valueHier":[],"labelHier":[],"outOfSchema":true},{"propURI":"http://www.bioassayontology.org/bao#BAX_0000009","propAbbrev":"bao:BAX_0000009","valueURI":"http://purl.obolibrary.org/obo/GO_0015055","valueLabel":"secretin receptor activity","valueAbbrev":"obo:GO_0015055","valueDescr":"Combining with secretin to initiate a change in cell activity.","valueHier":[],"labelHier":[],"outOfSchema":true}],"labelsAdded":[{"propURI":"http://www.bioassayontology.org/bao#BAO_0003107","valueLabel":"very-low-density lipoprotein particle receptor activity","propAbbrev":"bao:BAO_0003107","propLabel":"GO terms"},{"propURI":"http://www.bioassayontology.org/bao#BAO_0003107","valueLabel":"D-alanine:2-oxoglutarate aminotransferase activity","propAbbrev":"bao:BAO_0003107","propLabel":"GO terms"},{"propURI":"http://www.bioassayontology.org/bao#BAO_0003107","valueLabel":"secretin receptor activity","propAbbrev":"bao:BAO_0003107","propLabel":"GO terms"}],"labelsRemoved":[{"propURI":"http://www.bioassayontology.org/bao#BAX_0000009","valueLabel":"D-alanine:2-oxoglutarate aminotransferase activity","propAbbrev":"bao:BAX_0000009"},{"propURI":"http://www.bioassayontology.org/bao#BAX_0000009","valueLabel":"very-low-density lipoprotein particle receptor activity","propAbbrev":"bao:BAX_0000009"},{"propURI":"http://www.bioassayontology.org/bao#BAX_0000009","valueLabel":"secretin receptor activity","propAbbrev":"bao:BAX_0000009"}],"notesModified":{}},{"curationTime":1466762816000,"curatorID":"","annotsAdded":[{"propURI":"http://www.bioassayontology.org/bao#BAO_0095009","propLabel":"assay design method","propAbbrev":"bao:BAO_0095009","valueURI":"http://www.bioassayontology.org/bao#BAO_0000123","valueLabel":"binding assessment method","valueAbbrev":"bao:BAO_0000123","valueDescr":"Binding reporter technology is used to quantitate the interactions between two molecules, e.g. perturbagen-protein, protein-protein, protein-DNA, etc.\nThe technologies used are radioligand binding, resonance energy transfer, fluorescence polarization, protein fragment complementation assay, and several label-free methods, including surface plasmon resonance, impedance, nuclear magnetic resonance, X-ray diffraction, isothermal titration calorimetry, mass spectrometry, etc.\n","valueHier":["http://www.bioassayontology.org/bao#BAO_0002202"],"labelHier":["assay design method"]}],"annotsRemoved":[{"propURI":"http://www.bioassayontology.org/bao#BAX_0000003","propAbbrev":"bao:BAX_0000003","valueURI":"http://www.bioassayontology.org/bao#BAO_0000123","valueLabel":"binding assessment method","valueAbbrev":"bao:BAO_0000123","valueDescr":"Binding reporter technology is used to quantitate the interactions between two molecules, e.g. perturbagen-protein, protein-protein, protein-DNA, etc.\nThe technologies used are radioligand binding, resonance energy transfer, fluorescence polarization, protein fragment complementation assay, and several label-free methods, including surface plasmon resonance, impedance, nuclear magnetic resonance, X-ray diffraction, isothermal titration calorimetry, mass spectrometry, etc.\n","valueHier":[],"labelHier":[],"outOfSchema":true}],"labelsAdded":[{"propURI":"http://www.bioassayontology.org/bao#BAO_0095009","valueLabel":"binding assessment method","propAbbrev":"bao:BAO_0095009","propLabel":"assay design method"}],"labelsRemoved":[{"propURI":"http://www.bioassayontology.org/bao#BAX_0000003","valueLabel":"binding assessment method","propAbbrev":"bao:BAX_0000003"}],"notesModified":{}},{"curationTime":1466762816000,"curatorID":"","annotsAdded":[{"propURI":"http://www.bioassayontology.org/bao#BAO_0000211","propLabel":"target","propAbbrev":"bao:BAO_0000211","valueURI":"http://www.bioassayontology.org/bat#RequiresTerm","valueLabel":"requires term","valueAbbrev":"bat:RequiresTerm","valueDescr":"An appropriate term could not be found in the underlying ontologies: it may be necessary to create a new one.","valueHier":["http://www.bioassayontology.org/bat#Absence"],"labelHier":["absence"]}],"annotsRemoved":[{"propURI":"http://www.bioassayontology.org/bao#BAX_0000005","propAbbrev":"bao:BAX_0000005","valueURI":"http://www.bioassayontology.org/bat#RequiresTerm","valueLabel":"requires term","valueAbbrev":"bat:RequiresTerm","valueDescr":"An appropriate term could not be found in the underlying ontologies: it may be necessary to create a new one.","valueHier":[],"labelHier":[],"outOfSchema":true}],"labelsAdded":[{"propURI":"http://www.bioassayontology.org/bao#BAO_0000211","valueLabel":"requires term","propAbbrev":"bao:BAO_0000211","propLabel":"target"}],"labelsRemoved":[{"propURI":"http://www.bioassayontology.org/bao#BAX_0000005","valueLabel":"requires term","propAbbrev":"bao:BAX_0000005"}],"notesModified":{}},{"curationTime":1466762816000,"curatorID":"","annotsAdded":[{"propURI":"http://www.bioassayontology.org/bao#BAO_0002855","propLabel":"bioassay","propAbbrev":"bao:BAO_0002855","valueURI":"http://www.bioassayontology.org/bao#BAO_0002989","valueLabel":"binding assay","valueAbbrev":"bao:BAO_0002989","valueDescr":"It is performed to quantify the interactions between two molecules, e.g. small molecule-protein, protein-protein, protein-DNA, etc.","valueHier":["http://www.bioassayontology.org/bao#BAO_0000015"],"labelHier":["bioassay"]},{"propURI":"http://www.bioassayontology.org/bao#BAO_0002855","propLabel":"bioassay","propAbbrev":"bao:BAO_0002855","valueURI":"http://www.bioassayontology.org/bao#BAO_0000394","valueLabel":"protein-nucleotide interaction assay","valueAbbrev":"bao:BAO_0000394","valueDescr":"Protein-nucleotide interaction","valueHier":["http://www.bioassayontology.org/bao#BAO_0002989","http://www.bioassayontology.org/bao#BAO_0000015"],"labelHier":["binding assay","bioassay"]}],"annotsRemoved":[{"propURI":"http://www.bioassayontology.org/bao#BAX_0000002","propLabel":"has bioassay type","propAbbrev":"bao:BAX_0000002","valueURI":"http://www.bioassayontology.org/bao#BAO_0002989","valueLabel":"binding assay","valueAbbrev":"bao:BAO_0002989","valueDescr":"It is performed to quantify the interactions between two molecules, e.g. small molecule-protein, protein-protein, protein-DNA, etc.","valueHier":[],"labelHier":[],"outOfSchema":true},{"propURI":"http://www.bioassayontology.org/bao#BAX_0000002","propLabel":"has bioassay type","propAbbrev":"bao:BAX_0000002","valueURI":"http://www.bioassayontology.org/bao#BAO_0000394","valueLabel":"protein-nucleotide interaction assay","valueAbbrev":"bao:BAO_0000394","valueDescr":"Protein-nucleotide interaction","valueHier":[],"labelHier":[],"outOfSchema":true}],"labelsAdded":[{"propURI":"http://www.bioassayontology.org/bao#BAO_0002855","valueLabel":"binding assay","propAbbrev":"bao:BAO_0002855","propLabel":"bioassay"},{"propURI":"http://www.bioassayontology.org/bao#BAO_0002855","valueLabel":"protein-nucleotide interaction assay","propAbbrev":"bao:BAO_0002855","propLabel":"bioassay"}],"labelsRemoved":[{"propURI":"http://www.bioassayontology.org/bao#BAX_0000002","valueLabel":"binding assay","propAbbrev":"bao:BAX_0000002","propLabel":"has bioassay type"},{"propURI":"http://www.bioassayontology.org/bao#BAX_0000002","valueLabel":"protein-nucleotide interaction assay","propAbbrev":"bao:BAX_0000002","propLabel":"has bioassay type"}],"notesModified":{}},{"curationTime":1466762816000,"curatorID":"","annotsAdded":[{"propURI":"http://www.bioassayontology.org/bao#BAO_0002874","propLabel":"units","propAbbrev":"bao:BAO_0002874","valueURI":"http://purl.obolibrary.org/obo/UO_0000064","valueLabel":"micromolar","valueAbbrev":"obo:UO_0000064","valueDescr":"A unit of molarity which is equal to one millionth of a molar or 10^[-6] M.","valueHier":["http://purl.obolibrary.org/obo/UO_0000061","http://purl.obolibrary.org/obo/UO_0000051","http://purl.obolibrary.org/obo/UO_0000000"],"labelHier":["unit of molarity","concentration unit","unit"]}],"annotsRemoved":[{"propURI":"http://www.bioassayontology.org/bao#BAO_0002874","propLabel":"units","propAbbrev":"bao:BAO_0002874","valueURI":"http://purl.org/obo/owl/UO#UO_0000064","valueAbbrev":"uo:UO_0000064","valueHier":[],"labelHier":[],"outOfSchema":true}],"labelsAdded":[{"propURI":"http://www.bioassayontology.org/bao#BAO_0002874","valueLabel":"micromolar","propAbbrev":"bao:BAO_0002874","propLabel":"units"}],"labelsRemoved":[{"propURI":"http://www.bioassayontology.org/bao#BAO_0002874","valueLabel":"micromolar","propAbbrev":"bao:BAO_0002874","propLabel":"units"}],"notesModified":{}}],"holdingIDList":[]}