{"assayID":960,"uniqueID":"pubchemAID:1496","text":"uHTS identification of compounds inhibiting the binding between the RUNX1 Runt domain and CBFb via a fluorescence resonance energy transfer (FRET) assay.\n\nThe purpose of this assay to use HTS to identify inhibitors of the protein-protein interaction between the RUNX1 Runt domain and CBFb. This is accomplished by using a fluorescence resonance energy transfer (FRET) assay.  When added together Cerulean-Runt domain and Venus-CBFb will bind and allow for energy transfer.  If an inhibitor is present, binding will not occur and the FRET signal will be abated.  This assay can be a counterscreen for AID:1434.\n\nCompounds with greater than 50% inhibition at 20 uM concentration are defined as actives of the primary screening.  \n\nTo simplify the distinction between the inactives of the primary screen and of the confirmatory screening stage, the Tiered Activity Scoring System was developed and implemented.  Its utilization for the assay is described below. \n\nActivity Scoring\nActivity scoring rules were devised to take into consideration compound efficacy, its potential interference with the assay and the screening stage that the data was obtained. Details of the Scoring System will be published elsewhere. Briefly, the outline of the scoring system utilized for the assay is as follows: \n1) First tier (0-40 range) is reserved for primary screening data. The score is correlated with % displacement in the assay demonstrated by a compound at 20 uM concentration:\na. If primary % inhibition is less than 0%, then the assigned score is 0\nb. If primary % inhibition is greater than 100%, then the assigned score is 40\nc. If primary % inhibition is between 0% and 100%, then the calculated score is (% Inhibition)*0.4\n2) Second tier (41-80 range) is reserved for dose-response confirmation data and is not applicable to this assay.\n3) Third tier (81-100 range) is reserved for resynthesized true positives and their analogues and is not applicable to this assay.\n\nAssay materials:\n\n1) Cerulean-Runt domain, Venus-CBFb and unlabeled-CBFb was provided by Dr. John Bushweller (University of Virginia Charlottesville, Charlottesville VA).  \n\nuHTS protocol:\n\n1) The protein complex (PC); 100nM Cerulean-Runt domain, 100nM Venus-CBFb in 50mM Tris pH7.5, 100mM KCl, 10mM K2SO4, 2mM Mg2SO4, and 0.01% BSA is incubated in the dark at room temperature.\n2) After 1 hour 4ul of PC is dispensed into columns 3 through 48 of a black 1536 well plate (Corning #3724)\n3) 4ul of positive control (PC + 5uM unlabeled CBFb) is added to the wells in columns 1 and 2.\n4) 40nl of 100% DMSO is added to wells in columns 1 through 4, while 40nl of 2mM compounds in 100% DMSO is added to wells in columns  5 through 48.  Final compound concentration is 20uM, final DMSO concentration is 1%.\n5) The plate is incubated for 1 hr at room temperature protected from light.\n6) After 1 hour the plate is read on a BMG Pherastar 422ex, 530em and 480em\n7) Raw values are the ratio of 530/480 signals.","notes":{},"schemaURI":"http://www.bioassayontology.org/bas#","annotations":[{"propURI":"http://www.bioassayontology.org/bao#BAO_0000205","propLabel":"assay format","propAbbrev":"bao:BAO_0000205","valueURI":"http://www.bioassayontology.org/bao#BAO_0000223","valueLabel":"protein complex format","valueAbbrev":"bao:BAO_0000223","valueDescr":"Two or more proteins interact to form a stable complex. Each of the members of this complex has a distinct role in mediating the overall function of the complex, which can be as a chaperone (DnaK, DnaJ and grpE), an enzyme (mitochondrial respiratory complexes), a signaling complex (G-proteins), etc. It can be viewed as a quaternary structure of the proteins.","groupNest":[],"groupLabel":[],"valueHier":["http://www.bioassayontology.org/bao#BAO_0000224","http://www.bioassayontology.org/bao#BAO_0000217","http://www.bioassayontology.org/bao#BAO_0000019"],"labelHier":["protein format","biochemical format","assay format"]},{"propURI":"http://www.bioassayontology.org/bao#BAO_0095009","propLabel":"assay design method","propAbbrev":"bao:BAO_0095009","valueURI":"http://www.bioassayontology.org/bao#BAO_0000123","valueLabel":"binding assessment method","valueAbbrev":"bao:BAO_0000123","valueDescr":"Binding reporter technology is used to quantitate the interactions between two molecules, e.g. perturbagen-protein, protein-protein, protein-DNA, etc.\nThe technologies used are radioligand binding, resonance energy transfer, fluorescence polarization, protein fragment complementation assay, and several label-free methods, including surface plasmon resonance, impedance, nuclear magnetic resonance, X-ray diffraction, isothermal titration calorimetry, mass spectrometry, etc.\n","groupNest":[],"groupLabel":[],"valueHier":["http://www.bioassayontology.org/bao#BAO_0002202"],"labelHier":["assay design method"]},{"propURI":"http://www.bioassayontology.org/bao#BAO_0002867","propLabel":"assay footprint","propAbbrev":"bao:BAO_0002867","valueURI":"http://www.bioassayontology.org/bao#BAO_0000516","valueLabel":"1536 well plate","valueAbbrev":"bao:BAO_0000516","valueDescr":"This microplate contains 1536 wells. It is highly miniaturized to accommodate more wells on one plate which reduces the plate handling time and allows working with very small volumes (few microliters) that reduces the cost of an assay.","groupNest":[],"groupLabel":[],"valueHier":["http://www.bioassayontology.org/bao#BAO_0000508","http://www.bioassayontology.org/bao#BAO_0000512"],"labelHier":["microplate","assay footprint"]},{"propURI":"http://www.bioassayontology.org/bao#BAO_0002921","propLabel":"organism","propAbbrev":"bao:BAO_0002921","valueURI":"http://purl.obolibrary.org/obo/NCBITaxon_9606","valueLabel":"Homo sapiens","valueAbbrev":"obo:NCBITaxon_9606","valueDescr":"","groupNest":[],"groupLabel":[],"altLabels":["man","human"],"valueHier":["http://www.bioassayontology.org/bao#BAO_0000362","http://www.bioassayontology.org/bao#BAO_0000510","http://www.bioassayontology.org/bao#BAO_0000659","http://www.bioassayontology.org/bao#BAO_0000509","http://www.bioassayontology.org/bao#BAO_0000658","http://www.bioassayontology.org/bao#BAO_0000551"],"labelHier":["mammalian","vertebrate","metazoa","eukaryote","cellular organisms","organism"]},{"propURI":"http://www.bioassayontology.org/bao#BAO_0002865","propLabel":"detection instrument","propAbbrev":"bao:BAO_0002865","valueURI":"http://www.bioassayontology.org/bao#BAO_0000705","valueLabel":"PHERAstar Plus","valueAbbrev":"bao:BAO_0000705","valueDescr":"","groupNest":[],"groupLabel":[],"valueHier":["http://www.bioassayontology.org/bao#BAO_0000697"],"labelHier":["detection instrument"]},{"propURI":"http://www.bioassayontology.org/bao#BAO_0000208","propLabel":"result","propAbbrev":"bao:BAO_0000208","valueURI":"http://www.bioassayontology.org/bao#BAO_0000201","valueLabel":"percent inhibition","valueAbbrev":"bao:BAO_0000201","valueDescr":"Percent decrease of a measureable response as a consequence of compound treatment.  Unit of Measure is always % when normalized to the dynamic range of the assay. Percent inhibition is expressed relative to a positive control (which results in total inhibition).","groupNest":[],"groupLabel":[],"valueHier":["http://www.bioassayontology.org/bao#BAO_0000082","http://www.bioassayontology.org/bao#BAO_0000181","http://www.bioassayontology.org/bao#BAO_0000179"],"labelHier":["percent response","response endpoint","endpoint"]},{"propURI":"http://www.bioassayontology.org/bao#BAO_0002874","propLabel":"units","propAbbrev":"bao:BAO_0002874","valueURI":"http://purl.obolibrary.org/obo/UO_0000187","valueLabel":"percent","valueAbbrev":"obo:UO_0000187","valueDescr":"A dimensionless ratio unit which denotes numbers as fractions of 100.","groupNest":["http://www.bioassayontology.org/bao#BAX_0000017"],"groupLabel":["measurement"],"valueHier":["http://purl.obolibrary.org/obo/UO_0000190","http://purl.obolibrary.org/obo/UO_0000186","http://purl.obolibrary.org/obo/UO_0000000"],"labelHier":["ratio","dimensionless unit","unit"]},{"propURI":"http://www.bioassayontology.org/bao#BAO_0000196","propLabel":"assay mode of action","propAbbrev":"bao:BAO_0000196","valueURI":"http://www.bioassayontology.org/bao#BAO_0000091","valueLabel":"inhibition","valueAbbrev":"bao:BAO_0000091","valueDescr":"Reduction of a predefined stimulus. Unit of Measure is always % when normalized to the dynamic range of the assay.","groupNest":[],"groupLabel":[],"valueHier":["http://www.bioassayontology.org/bao#BAO_0000084","http://www.bioassayontology.org/bao#BAO_0000074"],"labelHier":["ligand function mode of action","mode of action"]},{"propURI":"http://www.bioassayontology.org/bao#BAX_0000011","propLabel":"gene identity","propAbbrev":"bao:BAX_0000011","valueURI":"http://www.bioassayontology.org/geneid#861","valueLabel":"RUNX1: runt related transcription factor 1","valueAbbrev":"geneid:861","valueDescr":"","groupNest":[],"groupLabel":[],"valueHier":["http://www.bioassayontology.org/geneid#Homo_sapiens","http://www.bioassayontology.org/geneid#Mammalia","http://www.bioassayontology.org/geneid#Root"],"labelHier":["Homo sapiens","Mammalia","Faux GeneID"]},{"propURI":"http://www.bioassayontology.org/bao#BAX_0000011","propLabel":"gene identity","propAbbrev":"bao:BAX_0000011","valueURI":"http://www.bioassayontology.org/geneid#865","valueLabel":"CBFB: core-binding factor, beta subunit","valueAbbrev":"geneid:865","valueDescr":"","groupNest":[],"groupLabel":[],"valueHier":["http://www.bioassayontology.org/geneid#Homo_sapiens","http://www.bioassayontology.org/geneid#Mammalia","http://www.bioassayontology.org/geneid#Root"],"labelHier":["Homo sapiens","Mammalia","Faux GeneID"]},{"propURI":"http://www.bioassayontology.org/bao#BAX_0000012","propLabel":"protein identity","propAbbrev":"bao:BAX_0000012","valueURI":"http://www.bioassayontology.org/protein#13124881","valueLabel":"core-binding factor subunit beta isoform 1 [Homo sapiens]","valueAbbrev":"protein:13124881","valueDescr":"Protein: core-binding factor subunit beta isoform 1 [Homo sapiens], Organism: Homo sapiens","groupNest":[],"groupLabel":[],"valueHier":["http://www.bioassayontology.org/taxon#9606","http://www.bioassayontology.org/taxon#9605","http://www.bioassayontology.org/taxon#314295","http://www.bioassayontology.org/taxon#9526","http://www.bioassayontology.org/taxon#9443","http://www.bioassayontology.org/taxon#314146","http://www.bioassayontology.org/taxon#40674","http://www.bioassayontology.org/taxon#32524","http://www.bioassayontology.org/taxon#8287","http://www.bioassayontology.org/taxon#117570","http://www.bioassayontology.org/taxon#7711","http://www.bioassayontology.org/taxon#33511","http://www.bioassayontology.org/taxon#33213","http://www.bioassayontology.org/taxon#33208","http://www.bioassayontology.org/taxon#33154","http://www.bioassayontology.org/taxon#2759","http://www.bioassayontology.org/taxon#131567","http://www.bioassayontology.org/taxon#Root"],"labelHier":["Homo sapiens","Homo","Hominoidea / Hominidae / Homininae","Catarrhini","Primates / Haplorrhini / Simiiformes","Euarchontoglires","Mammalia / Theria / Eutheria / Boreoeutheria","Amniota","Sarcopterygii / Dipnotetrapodomorpha / Tetrapoda","Teleostomi / Euteleostomi","Chordata / Craniata / Vertebrata / Gnathostomata","Deuterostomia","Bilateria","Metazoa / Eumetazoa","Opisthokonta","Eukaryota","cellular organisms","Faux ProteinID"]},{"propURI":"http://www.bioassayontology.org/bao#BAX_0000012","propLabel":"protein identity","propAbbrev":"bao:BAX_0000012","valueURI":"http://www.bioassayontology.org/protein#19923198","valueLabel":"runt-related transcription factor 1 isoform AML1c [Homo sapiens]","valueAbbrev":"protein:19923198","valueDescr":"Protein: runt-related transcription factor 1 isoform AML1c [Homo sapiens], Organism: Homo sapiens","groupNest":[],"groupLabel":[],"valueHier":["http://www.bioassayontology.org/taxon#9606","http://www.bioassayontology.org/taxon#9605","http://www.bioassayontology.org/taxon#314295","http://www.bioassayontology.org/taxon#9526","http://www.bioassayontology.org/taxon#9443","http://www.bioassayontology.org/taxon#314146","http://www.bioassayontology.org/taxon#40674","http://www.bioassayontology.org/taxon#32524","http://www.bioassayontology.org/taxon#8287","http://www.bioassayontology.org/taxon#117570","http://www.bioassayontology.org/taxon#7711","http://www.bioassayontology.org/taxon#33511","http://www.bioassayontology.org/taxon#33213","http://www.bioassayontology.org/taxon#33208","http://www.bioassayontology.org/taxon#33154","http://www.bioassayontology.org/taxon#2759","http://www.bioassayontology.org/taxon#131567","http://www.bioassayontology.org/taxon#Root"],"labelHier":["Homo sapiens","Homo","Hominoidea / Hominidae / Homininae","Catarrhini","Primates / Haplorrhini / Simiiformes","Euarchontoglires","Mammalia / Theria / Eutheria / Boreoeutheria","Amniota","Sarcopterygii / Dipnotetrapodomorpha / Tetrapoda","Teleostomi / Euteleostomi","Chordata / Craniata / Vertebrata / Gnathostomata","Deuterostomia","Bilateria","Metazoa / Eumetazoa","Opisthokonta","Eukaryota","cellular organisms","Faux ProteinID"]},{"propURI":"http://www.bioassayontology.org/bao#BAO_0002848","propLabel":"applies to disease","propAbbrev":"bao:BAO_0002848","valueURI":"http://purl.obolibrary.org/obo/DOID_8692","valueLabel":"myeloid leukemia","valueAbbrev":"obo:DOID_8692","valueDescr":"A leukemia that is located_in myeloid tissue.","groupNest":[],"groupLabel":[],"valueHier":["http://purl.obolibrary.org/obo/DOID_1240","http://purl.obolibrary.org/obo/DOID_2531","http://purl.obolibrary.org/obo/DOID_0060083","http://purl.obolibrary.org/obo/DOID_2914","http://purl.obolibrary.org/obo/DOID_7","http://purl.obolibrary.org/obo/DOID_4"],"labelHier":["leukemia","hematologic cancer","immune system cancer","immune system disease","disease of anatomical entity","Disease"]},{"propURI":"http://www.bioassayontology.org/bao#BAO_0002848","propLabel":"applies to disease","propAbbrev":"bao:BAO_0002848","valueURI":"http://purl.obolibrary.org/obo/DOID_1037","valueLabel":"lymphoblastic leukemia","valueAbbrev":"obo:DOID_1037","valueDescr":"A leukemia that has_material_basis_in lymphoblasts (immature white blood cells).","groupNest":[],"groupLabel":[],"valueHier":["http://purl.obolibrary.org/obo/DOID_1240","http://purl.obolibrary.org/obo/DOID_2531","http://purl.obolibrary.org/obo/DOID_0060083","http://purl.obolibrary.org/obo/DOID_2914","http://purl.obolibrary.org/obo/DOID_7","http://purl.obolibrary.org/obo/DOID_4"],"labelHier":["leukemia","hematologic cancer","immune system cancer","immune system disease","disease of anatomical entity","Disease"]},{"propURI":"http://www.bioassayontology.org/bao#BAO_0002855","propLabel":"bioassay","propAbbrev":"bao:BAO_0002855","valueURI":"http://www.bioassayontology.org/bao#BAO_0002990","valueLabel":"protein-protein interaction assay","valueAbbrev":"bao:BAO_0002990","valueDescr":"It is performed to quantify the interactions between two protein molecules, using methods such as protein fragment complementation assay, immunoassay, radioligand binding, etc.","groupNest":[],"groupLabel":[],"valueHier":["http://www.bioassayontology.org/bao#BAO_0002989","http://www.bioassayontology.org/bao#BAO_0000015"],"labelHier":["binding assay","bioassay"]},{"propURI":"http://www.bioassayontology.org/bao#BAO_0002854","propLabel":"bioassay type","propAbbrev":"bao:BAO_0002854","valueURI":"http://www.bioassayontology.org/bao#BAO_0000041","valueLabel":"binding type","valueAbbrev":"bao:BAO_0000041","valueDescr":"Binding assays are performed to understand the interaction between two molecules, e.g. perturbagen-protein, protein-protein, protein-DNA, etc.","groupNest":[],"groupLabel":[],"valueHier":["http://www.bioassayontology.org/bao#BAO_0000008"],"labelHier":["bioassay type"]},{"propURI":"http://www.bioassayontology.org/bao#BAO_0002800","propLabel":"assay cell line","propAbbrev":"bao:BAO_0002800","valueURI":"http://www.bioassayontology.org/bat#NotApplicable","valueLabel":"not applicable","valueAbbrev":"bat:NotApplicable","valueDescr":"This property does not apply to this assay.","groupNest":[],"groupLabel":[],"valueHier":["http://www.bioassayontology.org/bat#Absence"],"labelHier":["absence"]},{"propURI":"http://www.bioassayontology.org/bao#BAO_0002009","propLabel":"biological process","propAbbrev":"bao:BAO_0002009","valueURI":"http://purl.obolibrary.org/obo/GO_0006357","valueLabel":"regulation of transcription from RNA polymerase II promoter","valueAbbrev":"obo:GO_0006357","valueDescr":"Any process that modulates the frequency, rate or extent of transcription from an RNA polymerase II promoter.","groupNest":[],"groupLabel":[],"valueHier":["http://purl.obolibrary.org/obo/GO_0006355","http://purl.obolibrary.org/obo/GO_0008150","http://www.bioassayontology.org/bao#BAO_0003114"],"labelHier":["regulation of transcription, DNA-templated","biological process","assay biology component"]},{"propURI":"http://www.bioassayontology.org/bao#BAO_0000211","propLabel":"target","propAbbrev":"bao:BAO_0000211","valueURI":"http://www.bioassayontology.org/bat#SeeGeneID","valueLabel":"see Gene ID","valueAbbrev":"bat:SeeGeneID","valueDescr":"The target is present in the Gene ID section, but needs to be mapped to a formal ontology.","groupNest":[],"groupLabel":[],"valueHier":["http://www.bioassayontology.org/bat#Absence"],"labelHier":["absence"]},{"propURI":"http://www.bioassayontology.org/bao#BAO_0000210","propLabel":"screening campaign stage","propAbbrev":"bao:BAO_0000210","valueURI":"http://www.bioassayontology.org/bao#BAO_0000031","valueLabel":"primary assay","valueAbbrev":"bao:BAO_0000031","valueDescr":"The first assay performed in a in a screening campaign. The purpose of the primary assay is to identify hits, which are potentially biologically active chemical entities. Generally in this assay, the perturbagens are tested at a single concentration with only one measurement. It is followed by a confirmatory screen, which can be run at a single concentration with multiple replicates or as concentration-response assay.","groupNest":[],"groupLabel":[],"valueHier":["http://www.bioassayontology.org/bao#BAO_0000029"],"labelHier":["assay screening campaign stage"]},{"propURI":"http://www.bioassayontology.org/bao#BAO_0002663","propLabel":"assay kit","propAbbrev":"bao:BAO_0002663","valueURI":"http://www.bioassayontology.org/bat#NotApplicable","valueLabel":"not applicable","valueAbbrev":"bat:NotApplicable","valueDescr":"This property does not apply to this assay.","groupNest":[],"groupLabel":[],"valueHier":["http://www.bioassayontology.org/bat#Absence"],"labelHier":["absence"]},{"propURI":"http://www.bioassayontology.org/bao#BAO_0000207","propLabel":"physical detection method","propAbbrev":"bao:BAO_0000207","valueURI":"http://www.bioassayontology.org/bao#BAO_0000001","valueLabel":"fluorescence resonance energy transfer","valueAbbrev":"bao:BAO_0000001","valueDescr":"Fluorescence resonance energy transfer (FRET) is based on the transfer of energy between two fluorophores, a donor and an acceptor, when in close proximity. The energy transfer is directed from higher-energy donor fluorophore to lower-energy acceptor fluorophore of labeled protein pairs. Target protein pairs are likely to exhibit FRET if they are no more than 10 nm apart.","groupNest":[],"groupLabel":[],"altLabels":["FRET"],"valueHier":["http://www.bioassayontology.org/bao#BAO_0000046","http://www.bioassayontology.org/bao#BAO_0000035"],"labelHier":["fluorescence method","physical detection method"]},{"propURI":"http://www.bioassayontology.org/bao#BAO_0000185","propLabel":"perturbagen type","propAbbrev":"bao:BAO_0000185","valueURI":"http://www.bioassayontology.org/bao#BAO_0000733","valueLabel":"MLSMR library","valueAbbrev":"bao:BAO_0000733","valueDescr":"","groupNest":[],"groupLabel":[],"valueHier":["http://www.bioassayontology.org/bao#BAO_0000648","http://www.bioassayontology.org/bao#BAO_0000661","http://www.bioassayontology.org/bao#BAO_0003120"],"labelHier":["compound library","perturbagen library","assay screened entity component"]},{"propURI":"http://www.bioassayontology.org/bao#BAO_0002852","propLabel":"assay sources","propAbbrev":"bao:BAO_0002852","valueURI":"http://www.bioassayexpress.org/sources#SRC_0000002","valueLabel":"Center for Chemical Genomics (Sanford-Burnham)","valueAbbrev":"src:SRC_0000002","valueDescr":"Sanford-Burnham Center for Chemical Genomics.","groupNest":[],"groupLabel":[],"externalURLs":["http://cpccg.sanfordburnham.org"],"valueHier":["http://www.bioassayexpress.org/sources#pubchem_sources","http://www.bioassayontology.org/bao#BAO_0002934"],"labelHier":["PubChem Sources","organization"]},{"propURI":"http://www.bioassayontology.org/bao#BAO_0000539","valueLabel":"pubchemAID:1434","propAbbrev":"bao:BAO_0000539","groupNest":[],"propLabel":"related assays","groupLabel":[]},{"propURI":"http://www.bioassayontology.org/bao#BAO_0000539","valueLabel":"pubchemAID:1438","propAbbrev":"bao:BAO_0000539","groupNest":[],"propLabel":"related assays","groupLabel":[]},{"propURI":"http://www.bioassayontology.org/bao#BAO_0000539","valueLabel":"pubchemAID:1502","propAbbrev":"bao:BAO_0000539","groupNest":[],"propLabel":"related assays","groupLabel":[]},{"propURI":"http://www.bioassayontology.org/bao#BAO_0002853","valueLabel":"uHTS identification of compounds inhibiting the binding between the RUNX1 Runt domain and CBFb via a fluorescence resonance energy transfer (FRET) assay.","propAbbrev":"bao:BAO_0002853","groupNest":[],"propLabel":"assay title","groupLabel":[]}],"pubchemXRef":[{"type":"gene","id":"861","comment":"RUNX1##runt-related transcription factor 1"},{"type":"gene","id":"865","comment":"CBFB##core-binding factor, beta subunit"},{"type":"pmid","id":"17961830","comment":""},{"type":"pmid","id":"11891322","comment":""},{"type":"aid","id":"1434","comment":""},{"type":"aid","id":"1438","comment":""},{"type":"aid","id":"1502","comment":""},{"type":"mim","id":"151385","comment":""},{"type":"dburl","id":"http://cpccg.burnham.org","comment":""},{"type":"protein_gi","id":"13124881","comment":"core-binding factor, beta subunit isoform 1 [Homo sapiens]"},{"type":"protein_gi","id":"19923198","comment":"runt-related transcription factor 1 isoform AML1c [Homo sapiens]"}],"curationTime":1492468130448,"curatorID":"admin","history":[{"curationTime":1492468130448,"curatorID":"admin","annotsAdded":[{"propURI":"http://www.bioassayontology.org/bao#BAO_0002854","propLabel":"bioassay type","propAbbrev":"bao:BAO_0002854","valueURI":"http://www.bioassayontology.org/bao#BAO_0000041","valueLabel":"binding type","valueAbbrev":"bao:BAO_0000041","valueDescr":"Binding assays are performed to understand the interaction between two molecules, e.g. perturbagen-protein, protein-protein, protein-DNA, etc.","valueHier":["http://www.bioassayontology.org/bao#BAO_0000008"],"labelHier":["bioassay type"]}],"annotsRemoved":[{"propURI":"http://www.bioassayontology.org/bao#BAX_0000002","propLabel":"has bioassay type","propAbbrev":"bao:BAX_0000002","valueURI":"http://www.bioassayontology.org/bao#BAO_0000041","valueLabel":"binding type","valueAbbrev":"bao:BAO_0000041","valueDescr":"Binding assays are performed to understand the interaction between two molecules, e.g. perturbagen-protein, protein-protein, protein-DNA, etc.","valueHier":[],"labelHier":[],"outOfSchema":true}],"labelsAdded":[{"propURI":"http://www.bioassayontology.org/bao#BAO_0002854","valueLabel":"binding type","propAbbrev":"bao:BAO_0002854","propLabel":"bioassay type"}],"labelsRemoved":[{"propURI":"http://www.bioassayontology.org/bao#BAX_0000002","valueLabel":"binding type","propAbbrev":"bao:BAX_0000002","propLabel":"has bioassay type"}],"notesModified":{}},{"curationTime":1492468130448,"curatorID":"admin","annotsAdded":[{"propURI":"http://www.bioassayontology.org/bao#BAO_0002009","propLabel":"biological process","propAbbrev":"bao:BAO_0002009","valueURI":"http://purl.obolibrary.org/obo/GO_0006357","valueLabel":"regulation of transcription from RNA polymerase II promoter","valueAbbrev":"obo:GO_0006357","valueDescr":"Any process that modulates the frequency, rate or extent of transcription from an RNA polymerase II promoter.","valueHier":["http://purl.obolibrary.org/obo/GO_0006355","http://purl.obolibrary.org/obo/GO_0008150","http://www.bioassayontology.org/bao#BAO_0003114"],"labelHier":["regulation of transcription, DNA-templated","biological process","assay biology component"]}],"annotsRemoved":[{"propURI":"http://www.bioassayontology.org/bao#BAX_0000004","propAbbrev":"bao:BAX_0000004","valueURI":"http://purl.obolibrary.org/obo/GO_0006357","valueLabel":"regulation of transcription from RNA polymerase II promoter","valueAbbrev":"obo:GO_0006357","valueDescr":"Any process that modulates the frequency, rate or extent of transcription from an RNA polymerase II promoter.","valueHier":[],"labelHier":[],"outOfSchema":true}],"labelsAdded":[{"propURI":"http://www.bioassayontology.org/bao#BAO_0002009","valueLabel":"regulation of transcription from RNA polymerase II promoter","propAbbrev":"bao:BAO_0002009","propLabel":"biological process"}],"labelsRemoved":[{"propURI":"http://www.bioassayontology.org/bao#BAX_0000004","valueLabel":"regulation of transcription from RNA polymerase II promoter","propAbbrev":"bao:BAX_0000004"}],"notesModified":{}},{"curationTime":1492468130448,"curatorID":"admin","annotsAdded":[{"propURI":"http://www.bioassayontology.org/bao#BAO_0002848","propLabel":"applies to disease","propAbbrev":"bao:BAO_0002848","valueURI":"http://purl.obolibrary.org/obo/DOID_8692","valueLabel":"myeloid leukemia","valueAbbrev":"obo:DOID_8692","valueDescr":"A leukemia that is located_in myeloid tissue.","valueHier":["http://purl.obolibrary.org/obo/DOID_1240","http://purl.obolibrary.org/obo/DOID_2531","http://purl.obolibrary.org/obo/DOID_0060083","http://purl.obolibrary.org/obo/DOID_2914","http://purl.obolibrary.org/obo/DOID_7","http://purl.obolibrary.org/obo/DOID_4"],"labelHier":["leukemia","hematologic cancer","immune system cancer","immune system disease","disease of anatomical entity","Disease"]},{"propURI":"http://www.bioassayontology.org/bao#BAO_0002848","propLabel":"applies to disease","propAbbrev":"bao:BAO_0002848","valueURI":"http://purl.obolibrary.org/obo/DOID_1037","valueLabel":"lymphoblastic leukemia","valueAbbrev":"obo:DOID_1037","valueDescr":"A leukemia that has_material_basis_in lymphoblasts (immature white blood cells).","valueHier":["http://purl.obolibrary.org/obo/DOID_1240","http://purl.obolibrary.org/obo/DOID_2531","http://purl.obolibrary.org/obo/DOID_0060083","http://purl.obolibrary.org/obo/DOID_2914","http://purl.obolibrary.org/obo/DOID_7","http://purl.obolibrary.org/obo/DOID_4"],"labelHier":["leukemia","hematologic cancer","immune system cancer","immune system disease","disease of anatomical entity","Disease"]}],"annotsRemoved":[{"propURI":"http://www.bioassayontology.org/bao#BAX_0000010","propAbbrev":"bao:BAX_0000010","valueURI":"http://purl.obolibrary.org/obo/DOID_8692","valueLabel":"myeloid leukemia","valueAbbrev":"obo:DOID_8692","valueDescr":"A leukemia that is located_in myeloid tissue.","valueHier":[],"labelHier":[],"outOfSchema":true},{"propURI":"http://www.bioassayontology.org/bao#BAX_0000010","propAbbrev":"bao:BAX_0000010","valueURI":"http://purl.obolibrary.org/obo/DOID_1037","valueLabel":"lymphoblastic leukemia","valueAbbrev":"obo:DOID_1037","valueDescr":"A leukemia that has_material_basis_in lymphoblasts (immature white blood cells).","valueHier":[],"labelHier":[],"outOfSchema":true}],"labelsAdded":[{"propURI":"http://www.bioassayontology.org/bao#BAO_0002848","valueLabel":"myeloid leukemia","propAbbrev":"bao:BAO_0002848","propLabel":"applies to disease"},{"propURI":"http://www.bioassayontology.org/bao#BAO_0002848","valueLabel":"lymphoblastic leukemia","propAbbrev":"bao:BAO_0002848","propLabel":"applies to disease"}],"labelsRemoved":[{"propURI":"http://www.bioassayontology.org/bao#BAX_0000010","valueLabel":"myeloid leukemia","propAbbrev":"bao:BAX_0000010"},{"propURI":"http://www.bioassayontology.org/bao#BAX_0000010","valueLabel":"lymphoblastic leukemia","propAbbrev":"bao:BAX_0000010"}],"notesModified":{}},{"curationTime":1492468130448,"curatorID":"admin","annotsAdded":[{"propURI":"http://www.bioassayontology.org/bao#BAO_0000208","propLabel":"result","propAbbrev":"bao:BAO_0000208","valueURI":"http://www.bioassayontology.org/bao#BAO_0000201","valueLabel":"percent inhibition","valueAbbrev":"bao:BAO_0000201","valueDescr":"Percent decrease of a measureable response as a consequence of compound treatment.  Unit of Measure is always % when normalized to the dynamic range of the assay. Percent inhibition is expressed relative to a positive control (which results in total inhibition).","valueHier":["http://www.bioassayontology.org/bao#BAO_0000082","http://www.bioassayontology.org/bao#BAO_0000181","http://www.bioassayontology.org/bao#BAO_0000179"],"labelHier":["percent response","response endpoint","endpoint"]}],"annotsRemoved":[{"propURI":"http://www.bioassayontology.org/bao#BAX_0000006","propAbbrev":"bao:BAX_0000006","valueURI":"http://www.bioassayontology.org/bao#BAO_0000201","valueLabel":"percent inhibition","valueAbbrev":"bao:BAO_0000201","valueDescr":"Percent decrease of a measureable response as a consequence of compound treatment.  Unit of Measure is always % when normalized to the dynamic range of the assay. Percent inhibition is expressed relative to a positive control (which results in total inhibition).","valueHier":[],"labelHier":[],"outOfSchema":true}],"labelsAdded":[{"propURI":"http://www.bioassayontology.org/bao#BAO_0000208","valueLabel":"percent inhibition","propAbbrev":"bao:BAO_0000208","propLabel":"result"}],"labelsRemoved":[{"propURI":"http://www.bioassayontology.org/bao#BAX_0000006","valueLabel":"percent inhibition","propAbbrev":"bao:BAX_0000006"}],"notesModified":{}},{"curationTime":1492468130448,"curatorID":"admin","annotsAdded":[{"propURI":"http://www.bioassayontology.org/bao#BAO_0002874","propLabel":"units","propAbbrev":"bao:BAO_0002874","valueURI":"http://purl.org/obo/owl/UO#UO_0000187","valueAbbrev":"uo:UO_0000187","valueHier":[],"labelHier":[],"outOfSchema":true}],"annotsRemoved":[{"propURI":"http://www.bioassayontology.org/bao#BAX_0000007","propAbbrev":"bao:BAX_0000007","valueURI":"http://purl.org/obo/owl/UO#UO_0000187","valueAbbrev":"uo:UO_0000187","valueHier":[],"labelHier":[],"outOfSchema":true}],"labelsAdded":[{"propURI":"http://www.bioassayontology.org/bao#BAO_0002874","valueLabel":"percent","propAbbrev":"bao:BAO_0002874","propLabel":"units"}],"labelsRemoved":[{"propURI":"http://www.bioassayontology.org/bao#BAX_0000007","valueLabel":"percent","propAbbrev":"bao:BAX_0000007"}],"notesModified":{}},{"curationTime":1492468130448,"curatorID":"admin","annotsAdded":[{"propURI":"http://www.bioassayontology.org/bao#BAO_0095009","propLabel":"assay design method","propAbbrev":"bao:BAO_0095009","valueURI":"http://www.bioassayontology.org/bao#BAO_0000123","valueLabel":"binding assessment method","valueAbbrev":"bao:BAO_0000123","valueDescr":"Binding reporter technology is used to quantitate the interactions between two molecules, e.g. perturbagen-protein, protein-protein, protein-DNA, etc.\nThe technologies used are radioligand binding, resonance energy transfer, fluorescence polarization, protein fragment complementation assay, and several label-free methods, including surface plasmon resonance, impedance, nuclear magnetic resonance, X-ray diffraction, isothermal titration calorimetry, mass spectrometry, etc.\n","valueHier":["http://www.bioassayontology.org/bao#BAO_0002202"],"labelHier":["assay design method"]}],"annotsRemoved":[{"propURI":"http://www.bioassayontology.org/bao#BAX_0000003","propAbbrev":"bao:BAX_0000003","valueURI":"http://www.bioassayontology.org/bao#BAO_0000123","valueLabel":"binding assessment method","valueAbbrev":"bao:BAO_0000123","valueDescr":"Binding reporter technology is used to quantitate the interactions between two molecules, e.g. perturbagen-protein, protein-protein, protein-DNA, etc.\nThe technologies used are radioligand binding, resonance energy transfer, fluorescence polarization, protein fragment complementation assay, and several label-free methods, including surface plasmon resonance, impedance, nuclear magnetic resonance, X-ray diffraction, isothermal titration calorimetry, mass spectrometry, etc.\n","valueHier":[],"labelHier":[],"outOfSchema":true}],"labelsAdded":[{"propURI":"http://www.bioassayontology.org/bao#BAO_0095009","valueLabel":"binding assessment method","propAbbrev":"bao:BAO_0095009","propLabel":"assay design method"}],"labelsRemoved":[{"propURI":"http://www.bioassayontology.org/bao#BAX_0000003","valueLabel":"binding assessment method","propAbbrev":"bao:BAX_0000003"}],"notesModified":{}},{"curationTime":1492468130448,"curatorID":"admin","annotsAdded":[{"propURI":"http://www.bioassayontology.org/bao#BAO_0000211","propLabel":"target","propAbbrev":"bao:BAO_0000211","valueURI":"http://www.bioassayontology.org/bat#SeeGeneID","valueLabel":"see Gene ID","valueAbbrev":"bat:SeeGeneID","valueDescr":"The target is present in the Gene ID section, but needs to be mapped to a formal ontology.","valueHier":["http://www.bioassayontology.org/bat#Absence"],"labelHier":["absence"]}],"annotsRemoved":[{"propURI":"http://www.bioassayontology.org/bao#BAX_0000005","propAbbrev":"bao:BAX_0000005","valueURI":"http://www.bioassayontology.org/bat#SeeGeneID","valueLabel":"see Gene ID","valueAbbrev":"bat:SeeGeneID","valueDescr":"The target is present in the Gene ID section, but needs to be mapped to a formal ontology.","valueHier":[],"labelHier":[],"outOfSchema":true}],"labelsAdded":[{"propURI":"http://www.bioassayontology.org/bao#BAO_0000211","valueLabel":"see Gene ID","propAbbrev":"bao:BAO_0000211","propLabel":"target"}],"labelsRemoved":[{"propURI":"http://www.bioassayontology.org/bao#BAX_0000005","valueLabel":"see Gene ID","propAbbrev":"bao:BAX_0000005"}],"notesModified":{}},{"curationTime":1492468130448,"curatorID":"admin","annotsAdded":[{"propURI":"http://www.bioassayontology.org/bao#BAO_0002855","propLabel":"bioassay","propAbbrev":"bao:BAO_0002855","valueURI":"http://www.bioassayontology.org/bao#BAO_0002990","valueLabel":"protein-protein interaction assay","valueAbbrev":"bao:BAO_0002990","valueDescr":"It is performed to quantify the interactions between two protein molecules, using methods such as protein fragment complementation assay, immunoassay, radioligand binding, etc.","valueHier":["http://www.bioassayontology.org/bao#BAO_0002989","http://www.bioassayontology.org/bao#BAO_0000015"],"labelHier":["binding assay","bioassay"]}],"annotsRemoved":[{"propURI":"http://www.bioassayontology.org/bao#BAX_0000002","propLabel":"has bioassay type","propAbbrev":"bao:BAX_0000002","valueURI":"http://www.bioassayontology.org/bao#BAO_0002990","valueLabel":"protein-protein interaction assay","valueAbbrev":"bao:BAO_0002990","valueDescr":"It is performed to quantify the interactions between two protein molecules, using methods such as protein fragment complementation assay, immunoassay, radioligand binding, etc.","valueHier":[],"labelHier":[],"outOfSchema":true}],"labelsAdded":[{"propURI":"http://www.bioassayontology.org/bao#BAO_0002855","valueLabel":"protein-protein interaction assay","propAbbrev":"bao:BAO_0002855","propLabel":"bioassay"}],"labelsRemoved":[{"propURI":"http://www.bioassayontology.org/bao#BAX_0000002","valueLabel":"protein-protein interaction assay","propAbbrev":"bao:BAX_0000002","propLabel":"has bioassay type"}],"notesModified":{}},{"curationTime":1492468130448,"curatorID":"admin","annotsAdded":[{"propURI":"http://www.bioassayontology.org/bao#BAO_0002874","propLabel":"units","propAbbrev":"bao:BAO_0002874","valueURI":"http://purl.obolibrary.org/obo/UO_0000187","valueLabel":"percent","valueAbbrev":"obo:UO_0000187","valueDescr":"A dimensionless ratio unit which denotes numbers as fractions of 100.","valueHier":["http://purl.obolibrary.org/obo/UO_0000190","http://purl.obolibrary.org/obo/UO_0000186","http://purl.obolibrary.org/obo/UO_0000000"],"labelHier":["ratio","dimensionless unit","unit"]}],"annotsRemoved":[{"propURI":"http://www.bioassayontology.org/bao#BAO_0002874","propLabel":"units","propAbbrev":"bao:BAO_0002874","valueURI":"http://purl.org/obo/owl/UO#UO_0000187","valueAbbrev":"uo:UO_0000187","valueHier":[],"labelHier":[],"outOfSchema":true}],"labelsAdded":[{"propURI":"http://www.bioassayontology.org/bao#BAO_0002874","valueLabel":"percent","propAbbrev":"bao:BAO_0002874","propLabel":"units"}],"labelsRemoved":[{"propURI":"http://www.bioassayontology.org/bao#BAO_0002874","valueLabel":"percent","propAbbrev":"bao:BAO_0002874","propLabel":"units"}],"notesModified":{}}],"holdingIDList":[]}