{"assayID":1017,"uniqueID":"pubchemAID:1553","text":"Data Source: Sanford-Burnham Center for Chemical Genomics (SBCCG)\nSource Affiliation: Sanford-Burnham Medical Research Institute (SBMRI, San Diego, CA)\nNetwork: NIH Molecular Libraries Screening Centers Network (MLSCN)\nGrant Number: R03 MH082386-01\nAssay Provider: Dr. Hudson H. Freeze, Sanford-Burnham Medical Research Institute, San Diego, CA\n\nCongenital Disorders of Glycosylation (CDG) are autosomal recessive defects in the synthesis of N-linked oligosaccharide chains. CDG group I (CDG-I) defects are defined as those caused by mutations in genes encoding enzymes used for the synthesis and transfer of lipid linked oligosaccharide (LLO) to newly synthesized proteins in the lumen of the ER. The steps in this pathway and the genes encoding them are very similar from yeast to human. It requires 30-40 single gene products, each dependent on the previous step in the linear sequence to produce and transfer the LLO to protein. Therefore, mutations in any step may cause a type of CDG. There is considerable overlap in the clinical presentations between different types of CDG and a broad diversity within each type. The most common form of CDG, called Type Ia (CDG-Ia), is caused by defects in PMM2 (Man-6-P to Man-1-P), the gene that encodes phosphomannomutase. Mortality is 20% in the first 5 yrs, but then patients stabilize. Currently, there is no treatment for CDG-Ia. \n\nCDG-Ib patients, who are deficient in phosphomannose isomerase (PMI) catalyzing conversion of Man-6-P to Fru-6-P, are successfully treated with free mannose. Unfortunately, mannose therapy is not effective for CDG-Ia patients, most likely due to efficient Man-6-P consumption in the PMI reaction.  It is believed that patients with Congenital Disorder of Glycosylation Type Ia (CDG-Ia) will benefit from dietary mannose if there is a simultaneous reduction of phosphomannose isomerase (PMI) activity. This would allow a modest intracellular accumulation of Man-6-P and drive metabolic flux into the glycosylation pathway using the residual PMM2 activity. It is assumed that a non-competitive inhibitor would work best in this setting.  \n\nDescription of assay :\n                                                          \n3H-Mannose + HK -> 3H-Man-6-P + PMI <-> 3H2O + Fru-6-P\n\nor \n\n3H-Mannose + HK -> 3H-Man-6-P + PMM2 -> 3H-Man-1-P -> 3H-Glycoproteins\n\nWhen cells are labeled with 3H-Mannose, the label is either found in medium as 3H2O or in labeled glycoproteins. If a compound inhibits PMI then there will be more 3H-Mannose influx through glycosylation pathway and more 3H counts would appear in glycoproteins as compare to control. A cellular assay involving labeling Hela cells in the presence of different concentration of potential candidate compounds and determining 3H counts in isolated protein was developed in 24 well format.\n\nThe inhibitor activity was determined as fold increase in 3H-incorporation in cellular proteins as compare to a control (treated with DMSO). \n\nCompounds that have \"Low\", Moderate or \"high\" activity are considered as \"active\" in this assay.  All other compounds are marked as inactive.\n\nTo simplify the distinction between the inactives of the primary screen and of the confirmatory screening stage, the Tiered Activity Scoring System was developed and implemented.  Its utilization for the PMI assay is described below. \n\nActivity Scoring\nActivity scoring rules were devised to take into consideration compound efficacy, its potential interference with the assay and the screening stage that the data was obtained. Details of the Scoring System will be published elsewhere. Briefly, the outline of the scoring system utilized for the PMI assay is as follows: \n\n1) First tier (0-40 range) is reserved for primary screening data and is not relevant in this assay.\n\n2)Second tier (41-80 range) is reserved for dose-response confirmation data and is not applicable to this assay\n\n3) Third tier (81-100 range) is reserved for resynthesized true positives and their analogues\n\nCompounds that are inactive in this assay are assigned a score of 81\nCompounds with Low Activity in this assay are assigned a score of 85\nCompounds with Moderate Activity in this assay are assigned a score of 90\nCompounds with High Activity in this assay are assigned a score of 95\n\nPMI assay materials:\n1) Hela cells\n2) 3H-Mannose\n3) 35S-trans label\n4) Trichloroacetic Acid\n\nProtocol for cellular assays:  Hela cells were incubated with the compounds or DMSO for 2 hours at 37oC. 3H-Mannose and 35S-methionine/cysteine was added to the cells and incubated for another hour at 37oC. Media was removed. The cells were washed once with PBS and harvested. The cell pellet was solubilized in 100 ul 10 mM Tris-Cl (pH 7.4)/1% NP-40. 20 ul was precipitated using Trichloroacetic acid (TCA) and counted. 5 ul was used in duplicate for protein estimation. 3H- and 35S incorporation was determined as cpm/ug. \n\n","notes":{},"schemaURI":"http://www.bioassayontology.org/bas#","annotations":[{"propURI":"http://www.bioassayontology.org/bao#BAO_0002852","propLabel":"assay sources","propAbbrev":"bao:BAO_0002852","valueURI":"http://www.bioassayexpress.org/sources#SRC_0000002","valueLabel":"Center for Chemical Genomics (Sanford-Burnham)","valueAbbrev":"src:SRC_0000002","valueDescr":"Sanford-Burnham Center for Chemical Genomics.","groupNest":[],"groupLabel":[],"externalURLs":["http://cpccg.sanfordburnham.org"],"valueHier":["http://www.bioassayexpress.org/sources#pubchem_sources","http://www.bioassayontology.org/bao#BAO_0002934"],"labelHier":["PubChem Sources","organization"]},{"propURI":"http://www.bioassayontology.org/bao#BAX_0000011","propLabel":"gene identity","propAbbrev":"bao:BAX_0000011","valueURI":"http://www.bioassayontology.org/geneid#4351","valueLabel":"MPI: mannose phosphate isomerase","valueAbbrev":"geneid:4351","valueDescr":"","groupNest":[],"groupLabel":[],"valueHier":["http://www.bioassayontology.org/geneid#Homo_sapiens","http://www.bioassayontology.org/geneid#Mammalia","http://www.bioassayontology.org/geneid#Root"],"labelHier":["Homo sapiens","Mammalia","Faux GeneID"]},{"propURI":"http://www.bioassayontology.org/bao#BAX_0000012","propLabel":"protein identity","propAbbrev":"bao:BAX_0000012","valueURI":"http://www.bioassayontology.org/protein#16878311","valueLabel":"MPI protein [Homo sapiens]","valueAbbrev":"protein:16878311","valueDescr":"Protein: MPI protein [Homo sapiens], Organism: Homo sapiens","groupNest":[],"groupLabel":[],"valueHier":["http://www.bioassayontology.org/taxon#9606","http://www.bioassayontology.org/taxon#9605","http://www.bioassayontology.org/taxon#314295","http://www.bioassayontology.org/taxon#9526","http://www.bioassayontology.org/taxon#9443","http://www.bioassayontology.org/taxon#314146","http://www.bioassayontology.org/taxon#40674","http://www.bioassayontology.org/taxon#32524","http://www.bioassayontology.org/taxon#8287","http://www.bioassayontology.org/taxon#117570","http://www.bioassayontology.org/taxon#7711","http://www.bioassayontology.org/taxon#33511","http://www.bioassayontology.org/taxon#33213","http://www.bioassayontology.org/taxon#33208","http://www.bioassayontology.org/taxon#33154","http://www.bioassayontology.org/taxon#2759","http://www.bioassayontology.org/taxon#131567","http://www.bioassayontology.org/taxon#Root"],"labelHier":["Homo sapiens","Homo","Hominoidea / Hominidae / Homininae","Catarrhini","Primates / Haplorrhini / Simiiformes","Euarchontoglires","Mammalia / Theria / Eutheria / Boreoeutheria","Amniota","Sarcopterygii / Dipnotetrapodomorpha / Tetrapoda","Teleostomi / Euteleostomi","Chordata / Craniata / Vertebrata / Gnathostomata","Deuterostomia","Bilateria","Metazoa / Eumetazoa","Opisthokonta","Eukaryota","cellular organisms","Faux ProteinID"]},{"propURI":"http://www.bioassayontology.org/bao#BAO_0002800","propLabel":"assay cell line","propAbbrev":"bao:BAO_0002800","valueURI":"http://purl.obolibrary.org/obo/CLO_0003684","valueLabel":"HeLa cell","valueAbbrev":"obo:CLO_0003684","valueDescr":"","groupNest":[],"groupLabel":[],"altLabels":["HeLa"],"valueHier":["http://purl.obolibrary.org/obo/CLO_0000019","http://purl.obolibrary.org/obo/CLO_0000001"],"labelHier":["immortal cell line cell","cell line cell"]},{"propURI":"http://www.bioassayontology.org/bao#BAO_0002848","propLabel":"applies to disease","propAbbrev":"bao:BAO_0002848","valueURI":"http://purl.obolibrary.org/obo/DOID_5212","valueLabel":"congenital disorder of glycosylation","valueAbbrev":"obo:DOID_5212","valueDescr":"\nA carbohydrate metabolic disorder that involves deficient or defective glycosylation of a variety of tissue proteins and/or lipids.\n","groupNest":[],"groupLabel":[],"valueHier":["http://purl.obolibrary.org/obo/DOID_2978","http://purl.obolibrary.org/obo/DOID_655","http://purl.obolibrary.org/obo/DOID_0014667","http://purl.obolibrary.org/obo/DOID_4"],"labelHier":["carbohydrate metabolic disorder","inherited metabolic disorder","disease of metabolism","Disease"]},{"propURI":"http://www.bioassayontology.org/bao#BAO_0000196","propLabel":"assay mode of action","propAbbrev":"bao:BAO_0000196","valueURI":"http://www.bioassayontology.org/bao#BAO_0000091","valueLabel":"inhibition","valueAbbrev":"bao:BAO_0000091","valueDescr":"Reduction of a predefined stimulus. Unit of Measure is always % when normalized to the dynamic range of the assay.","groupNest":[],"groupLabel":[],"valueHier":["http://www.bioassayontology.org/bao#BAO_0000084","http://www.bioassayontology.org/bao#BAO_0000074"],"labelHier":["ligand function mode of action","mode of action"]},{"propURI":"http://www.bioassayontology.org/bao#BAO_0000196","propLabel":"assay mode of action","propAbbrev":"bao:BAO_0000196","valueURI":"http://www.bioassayontology.org/bao#BAO_0000485","valueLabel":"non-competitive inhibition","valueAbbrev":"bao:BAO_0000485","valueDescr":"A noncompetitive inhibitor binds equally well to both free enzyme and the enzyme-substrate complex. These binding events occur exclusively at a site distinct from the precise active site occupied by substrate. It will lower the apparent Vmax value, yet there is no effect on the apparent KM value for its substrate. Essentially, the KI of the inhibitor does not change as a function of the substrate concentration.","groupNest":[],"groupLabel":[],"valueHier":["http://www.bioassayontology.org/bao#BAO_0000091","http://www.bioassayontology.org/bao#BAO_0000084","http://www.bioassayontology.org/bao#BAO_0000074"],"labelHier":["inhibition","ligand function mode of action","mode of action"]},{"propURI":"http://www.bioassayontology.org/bao#BAO_0002867","propLabel":"assay footprint","propAbbrev":"bao:BAO_0002867","valueURI":"http://www.bioassayontology.org/bao#BAO_0000576","valueLabel":"24 well plate","valueAbbrev":"bao:BAO_0000576","valueDescr":"This microplate contains 24 wells. It is suitable for a low throughput assay.","groupNest":[],"groupLabel":[],"valueHier":["http://www.bioassayontology.org/bao#BAO_0000508","http://www.bioassayontology.org/bao#BAO_0000512"],"labelHier":["microplate","assay footprint"]},{"propURI":"http://www.bioassayontology.org/bao#BAO_0000208","propLabel":"result","propAbbrev":"bao:BAO_0000208","valueURI":"http://www.bioassayontology.org/bao#BAO_0000193","valueLabel":"fold change","valueAbbrev":"bao:BAO_0000193","valueDescr":"It is the ratio of biological activity in the presence of an exogenous substance to that in its absence. The fold change is useful when comparing test compounds evaluated across multiple functional assays because varying levels of efficacy can be observed amongst the different or same reference agonists.","groupNest":[],"groupLabel":[],"valueHier":["http://www.bioassayontology.org/bao#BAO_0000181","http://www.bioassayontology.org/bao#BAO_0000179"],"labelHier":["response endpoint","endpoint"]},{"propURI":"http://www.bioassayontology.org/bao#BAO_0000211","propLabel":"target","propAbbrev":"bao:BAO_0000211","valueURI":"http://www.bioassayontology.org/bao#BAO_0000279","valueLabel":"enzyme","valueAbbrev":"bao:BAO_0000279","valueDescr":"Enzymes are biological catalysts involved in important pathways that allow chemical reactions to occur at higher rates (velocities) than would be possible without the enzyme. Enzymes are generally globular proteins that have one or more substrate binding sites.","groupNest":[],"groupLabel":[],"valueHier":["http://www.bioassayontology.org/bao#BAO_0000175","http://www.bioassayontology.org/bao#BAO_0003111"],"labelHier":["protein","biological macromolecule"]},{"propURI":"http://www.bioassayontology.org/bao#BAO_0000205","propLabel":"assay format","propAbbrev":"bao:BAO_0000205","valueURI":"http://www.bioassayontology.org/bao#BAO_0000366","valueLabel":"cell-free format","valueAbbrev":"bao:BAO_0000366","valueDescr":"This originates from a cell, but does not use intact (live) cells; does not include biochemical assays, which is one of the major formats that is categorized separately. It is most often a homogeneous assay type, but can be heterogeneous if a solid phase such as beads are used to immobilize the components.","groupNest":[],"groupLabel":[],"valueHier":["http://www.bioassayontology.org/bao#BAO_0000019"],"labelHier":["assay format"]},{"propURI":"http://www.bioassayontology.org/bao#BAO_0002854","propLabel":"bioassay type","propAbbrev":"bao:BAO_0002854","valueURI":"http://www.bioassayontology.org/bao#BAO_0000041","valueLabel":"binding type","valueAbbrev":"bao:BAO_0000041","valueDescr":"Binding assays are performed to understand the interaction between two molecules, e.g. perturbagen-protein, protein-protein, protein-DNA, etc.","groupNest":[],"groupLabel":[],"valueHier":["http://www.bioassayontology.org/bao#BAO_0000008"],"labelHier":["bioassay type"]},{"propURI":"http://www.bioassayontology.org/bao#BAO_0002921","propLabel":"organism","propAbbrev":"bao:BAO_0002921","valueURI":"http://purl.obolibrary.org/obo/NCBITaxon_9606","valueLabel":"Homo sapiens","valueAbbrev":"obo:NCBITaxon_9606","valueDescr":"","groupNest":[],"groupLabel":[],"altLabels":["man","human"],"valueHier":["http://www.bioassayontology.org/bao#BAO_0000362","http://www.bioassayontology.org/bao#BAO_0000510","http://www.bioassayontology.org/bao#BAO_0000659","http://www.bioassayontology.org/bao#BAO_0000509","http://www.bioassayontology.org/bao#BAO_0000658","http://www.bioassayontology.org/bao#BAO_0000551"],"labelHier":["mammalian","vertebrate","metazoa","eukaryote","cellular organisms","organism"]},{"propURI":"http://www.bioassayontology.org/bao#BAO_0002855","propLabel":"bioassay","propAbbrev":"bao:BAO_0002855","valueURI":"http://www.bioassayontology.org/bao#BAO_0002994","valueLabel":"enzyme activity assay","valueAbbrev":"bao:BAO_0002994","valueDescr":"It is used to measure the effect of a perturbagen on the enzyme activity, which can be measured either directly or coupled to a secondary signal. ","groupNest":[],"groupLabel":[],"valueHier":["http://www.bioassayontology.org/bao#BAO_0000015"],"labelHier":["bioassay"]},{"propURI":"http://www.bioassayontology.org/bao#BAO_0095009","propLabel":"assay design method","propAbbrev":"bao:BAO_0095009","valueURI":"http://www.bioassayontology.org/bao#BAO_0000402","valueLabel":"radioligand binding method","valueAbbrev":"bao:BAO_0000402","valueDescr":"It is used for analysis of receptor-ligand interactions in screening applications. It utilizes a radiolabeled ligand and a source of receptor (membranes, soluble/purified).","groupNest":[],"groupLabel":[],"valueHier":["http://www.bioassayontology.org/bao#BAO_0000123","http://www.bioassayontology.org/bao#BAO_0002202"],"labelHier":["binding assessment method","assay design method"]},{"propURI":"http://www.bioassayontology.org/bao#BAO_0095010","propLabel":"assay supporting method","propAbbrev":"bao:BAO_0095010","valueURI":"http://www.bioassayontology.org/bao#BAO_0002033","valueLabel":"cell processing method","valueAbbrev":"bao:BAO_0002033","valueDescr":"","groupNest":[],"groupLabel":[],"valueHier":["http://www.bioassayontology.org/bao#BAO_0002011","http://www.bioassayontology.org/bao#BAO_0002429"],"labelHier":["processing method","assay supporting method"]},{"propURI":"http://www.bioassayontology.org/bao#BAO_0002009","propLabel":"biological process","propAbbrev":"bao:BAO_0002009","valueURI":"http://purl.obolibrary.org/obo/GO_0060049","valueLabel":"regulation of protein glycosylation","valueAbbrev":"obo:GO_0060049","valueDescr":"Any process that modulates the frequency, rate or extent of protein glycosylation. Protein glycosylation is the addition of a carbohydrate or carbohydrate derivative unit to a protein amino acid, e.g. the addition of glycan chains to proteins.","groupNest":[],"groupLabel":[],"valueHier":["http://purl.obolibrary.org/obo/GO_0010559","http://purl.obolibrary.org/obo/GO_2000112","http://purl.obolibrary.org/obo/GO_0010556","http://purl.obolibrary.org/obo/GO_0009889","http://purl.obolibrary.org/obo/GO_0019222","http://purl.obolibrary.org/obo/GO_0050789","http://purl.obolibrary.org/obo/GO_0065007","http://purl.obolibrary.org/obo/GO_0008150","http://www.bioassayontology.org/bao#BAO_0003114"],"labelHier":["regulation of glycoprotein biosynthetic process","regulation of cellular macromolecule biosynthetic process","regulation of macromolecule biosynthetic process","regulation of biosynthetic process","regulation of metabolic process","regulation of biological process","biological regulation","biological process","assay biology component"]},{"propURI":"http://www.bioassayontology.org/bao#BAO_0000210","propLabel":"screening campaign stage","propAbbrev":"bao:BAO_0000210","valueURI":"http://www.bioassayontology.org/bao#BAO_0000030","valueLabel":"confirmatory assay","valueAbbrev":"bao:BAO_0000030","valueDescr":"Assay performed to confirm activity of compounds identified in the primary screen.  It can be performed as replicate measurements at a single screening concentration or as concentration-response assay.","groupNest":[],"groupLabel":[],"valueHier":["http://www.bioassayontology.org/bao#BAO_0000029"],"labelHier":["assay screening campaign stage"]},{"propURI":"http://www.bioassayontology.org/bao#BAO_0002663","propLabel":"assay kit","propAbbrev":"bao:BAO_0002663","valueURI":"http://www.bioassayontology.org/bat#NotApplicable","valueLabel":"not applicable","valueAbbrev":"bat:NotApplicable","valueDescr":"This property does not apply to this assay.","groupNest":[],"groupLabel":[],"valueHier":["http://www.bioassayontology.org/bat#Absence"],"labelHier":["absence"]},{"propURI":"http://www.bioassayontology.org/bao#BAO_0000207","propLabel":"physical detection method","propAbbrev":"bao:BAO_0000207","valueURI":"http://www.bioassayontology.org/bao#BAO_0000405","valueLabel":"scintillation counting","valueAbbrev":"bao:BAO_0000405","valueDescr":"It involves the incorporation of radiolabeled precursors into uniform distribution with a liquid medium capable of converting the kinetic energy of nuclear emissions into light energy. A scintillation counter is used to measure ionizing radiation. The scintillation counter consists of a sensor, called a scintillator, made of transparent crystal or an organic liquid that fluoresces when struck by ionizing radiation. A photomultiplier is then used to measure the light emitted by the sensor and is attached to an electronic apparatus that amplifies and quantifies the radiation signal.","groupNest":[],"groupLabel":[],"valueHier":["http://www.bioassayontology.org/bao#BAO_0000657","http://www.bioassayontology.org/bao#BAO_0000035"],"labelHier":["radiometry method","physical detection method"]},{"propURI":"http://www.bioassayontology.org/bao#BAO_0002865","propLabel":"detection instrument","propAbbrev":"bao:BAO_0002865","valueURI":"http://www.bioassayontology.org/bat#Unknown","valueLabel":"unknown","valueAbbrev":"bat:Unknown","valueDescr":"There should be a term assigned to this property but the value was not specified in the source information.","groupNest":[],"groupLabel":[],"valueHier":["http://www.bioassayontology.org/bat#Absence"],"labelHier":["absence"]},{"propURI":"http://www.bioassayontology.org/bao#BAO_0000185","propLabel":"perturbagen type","propAbbrev":"bao:BAO_0000185","valueURI":"http://www.bioassayontology.org/bao#BAO_0000648","valueLabel":"compound library","valueAbbrev":"bao:BAO_0000648","valueDescr":"The name of a small molecule collection from one source, which can be either commercial or academic, e.g., MLSMR, LOPAC, etc. This collection is generally diverse and contains compounds that modulate diverse biological targets.","groupNest":[],"groupLabel":[],"valueHier":["http://www.bioassayontology.org/bao#BAO_0000661","http://www.bioassayontology.org/bao#BAO_0003120"],"labelHier":["perturbagen library","assay screened entity component"]},{"propURI":"http://www.bioassayontology.org/bao#BAO_0000539","valueLabel":"pubchemAID:1209","propAbbrev":"bao:BAO_0000539","groupNest":[],"propLabel":"related assays","groupLabel":[]},{"propURI":"http://www.bioassayontology.org/bao#BAO_0000539","valueLabel":"pubchemAID:1220","propAbbrev":"bao:BAO_0000539","groupNest":[],"propLabel":"related assays","groupLabel":[]},{"propURI":"http://www.bioassayontology.org/bao#BAO_0000539","valueLabel":"pubchemAID:1535","propAbbrev":"bao:BAO_0000539","groupNest":[],"propLabel":"related assays","groupLabel":[]},{"propURI":"http://www.bioassayontology.org/bao#BAO_0000539","valueLabel":"pubchemAID:1536","propAbbrev":"bao:BAO_0000539","groupNest":[],"propLabel":"related assays","groupLabel":[]},{"propURI":"http://www.bioassayontology.org/bao#BAO_0002853","valueLabel":"Screening for Phosphomannose Isomerase inhibitors in cellular based assay using Hela cells.","propAbbrev":"bao:BAO_0002853","groupNest":[],"propLabel":"assay title","groupLabel":[]}],"pubchemXRef":[{"type":"pmid","id":"16755287","comment":""},{"type":"pmid","id":"16339137","comment":""},{"type":"dburl","id":"http://cpccg.burnham.org","comment":""},{"type":"gene","id":"4351","comment":"MPI, mannose phosphate isomerase"},{"type":"aid","id":"1209","comment":""},{"type":"aid","id":"1220","comment":""},{"type":"aid","id":"1535","comment":""},{"type":"aid","id":"1536","comment":""},{"type":"protein_gi","id":"16878311","comment":"MPI protein [Homo sapiens]"}],"curationTime":1525275663664,"curatorID":"google:108375455890260223170","curatorName":"","curatorEmail":"aclark.xyz@gmail.com","history":[{"curationTime":1525139315682,"curatorID":"google:116162532162477418918","curatorName":"","curatorEmail":"sjeschonek@collaborativedrug.com","annotsAdded":[{"propURI":"http://www.bioassayontology.org/bao#BAO_0095010","propLabel":"assay supporting method","propAbbrev":"bao:BAO_0095010","valueURI":"http://www.bioassayontology.org/bao#BAO_0002033","valueLabel":"cell processing method","valueAbbrev":"bao:BAO_0002033","valueDescr":"","valueHier":["http://www.bioassayontology.org/bao#BAO_0002011","http://www.bioassayontology.org/bao#BAO_0002429"],"labelHier":["processing method","assay supporting method"]},{"propURI":"http://www.bioassayontology.org/bao#BAO_0002800","propLabel":"assay cell line","propAbbrev":"bao:BAO_0002800","valueURI":"http://purl.obolibrary.org/obo/CLO_0003684","valueLabel":"HeLa cell","valueAbbrev":"obo:CLO_0003684","valueDescr":"","altLabels":["HeLa"],"valueHier":["http://purl.obolibrary.org/obo/CLO_0000019","http://purl.obolibrary.org/obo/CLO_0000001"],"labelHier":["immortal cell line cell","cell line cell"]},{"propURI":"http://www.bioassayontology.org/bao#BAO_0002855","propLabel":"bioassay","propAbbrev":"bao:BAO_0002855","valueURI":"http://www.bioassayontology.org/bao#BAO_0002994","valueLabel":"enzyme activity assay","valueAbbrev":"bao:BAO_0002994","valueDescr":"It is used to measure the effect of a perturbagen on the enzyme activity, which can be measured either directly or coupled to a secondary signal. ","valueHier":["http://www.bioassayontology.org/bao#BAO_0000015"],"labelHier":["bioassay"]},{"propURI":"http://www.bioassayontology.org/bao#BAO_0002663","propLabel":"assay kit","propAbbrev":"bao:BAO_0002663","valueURI":"http://www.bioassayontology.org/bat#NotApplicable","valueLabel":"not applicable","valueAbbrev":"bat:NotApplicable","valueDescr":"This property does not apply to this assay.","valueHier":["http://www.bioassayontology.org/bat#Absence"],"labelHier":["absence"]},{"propURI":"http://www.bioassayontology.org/bao#BAO_0000196","propLabel":"assay mode of action","propAbbrev":"bao:BAO_0000196","valueURI":"http://www.bioassayontology.org/bao#BAO_0000091","valueLabel":"inhibition","valueAbbrev":"bao:BAO_0000091","valueDescr":"Reduction of a predefined stimulus. Unit of Measure is always % when normalized to the dynamic range of the assay.","valueHier":["http://www.bioassayontology.org/bao#BAO_0000084","http://www.bioassayontology.org/bao#BAO_0000074"],"labelHier":["ligand function mode of action","mode of action"]},{"propURI":"http://www.bioassayontology.org/bao#BAO_0002848","propLabel":"applies to disease","propAbbrev":"bao:BAO_0002848","valueURI":"http://purl.obolibrary.org/obo/DOID_5212","valueLabel":"congenital disorder of glycosylation","valueAbbrev":"obo:DOID_5212","valueDescr":"\nA carbohydrate metabolic disorder that involves deficient or defective glycosylation of a variety of tissue proteins and/or lipids.\n","valueHier":["http://purl.obolibrary.org/obo/DOID_2978","http://purl.obolibrary.org/obo/DOID_655","http://purl.obolibrary.org/obo/DOID_0014667","http://purl.obolibrary.org/obo/DOID_4"],"labelHier":["carbohydrate metabolic disorder","inherited metabolic disorder","disease of metabolism","Disease"]},{"propURI":"http://www.bioassayontology.org/bao#BAO_0000185","propLabel":"perturbagen type","propAbbrev":"bao:BAO_0000185","valueURI":"http://www.bioassayontology.org/bao#BAO_0000648","valueLabel":"compound library","valueAbbrev":"bao:BAO_0000648","valueDescr":"The name of a small molecule collection from one source, which can be either commercial or academic, e.g., MLSMR, LOPAC, etc. This collection is generally diverse and contains compounds that modulate diverse biological targets.","valueHier":["http://www.bioassayontology.org/bao#BAO_0000661","http://www.bioassayontology.org/bao#BAO_0003120"],"labelHier":["perturbagen library","assay screened entity component"]},{"propURI":"http://www.bioassayontology.org/bao#BAO_0000196","propLabel":"assay mode of action","propAbbrev":"bao:BAO_0000196","valueURI":"http://www.bioassayontology.org/bao#BAO_0000485","valueLabel":"non-competitive inhibition","valueAbbrev":"bao:BAO_0000485","valueDescr":"A noncompetitive inhibitor binds equally well to both free enzyme and the enzyme-substrate complex. These binding events occur exclusively at a site distinct from the precise active site occupied by substrate. It will lower the apparent Vmax value, yet there is no effect on the apparent KM value for its substrate. Essentially, the KI of the inhibitor does not change as a function of the substrate concentration.","valueHier":["http://www.bioassayontology.org/bao#BAO_0000091","http://www.bioassayontology.org/bao#BAO_0000084","http://www.bioassayontology.org/bao#BAO_0000074"],"labelHier":["inhibition","ligand function mode of action","mode of action"]},{"propURI":"http://www.bioassayontology.org/bao#BAO_0002865","propLabel":"detection instrument","propAbbrev":"bao:BAO_0002865","valueURI":"http://www.bioassayontology.org/bat#Unknown","valueLabel":"unknown","valueAbbrev":"bat:Unknown","valueDescr":"There should be a term assigned to this property but the value was not specified in the source information.","valueHier":["http://www.bioassayontology.org/bat#Absence"],"labelHier":["absence"]},{"propURI":"http://www.bioassayontology.org/bao#BAO_0000207","propLabel":"physical detection method","propAbbrev":"bao:BAO_0000207","valueURI":"http://www.bioassayontology.org/bao#BAO_0000405","valueLabel":"scintillation counting","valueAbbrev":"bao:BAO_0000405","valueDescr":"It involves the incorporation of radiolabeled precursors into uniform distribution with a liquid medium capable of converting the kinetic energy of nuclear emissions into light energy. A scintillation counter is used to measure ionizing radiation. The scintillation counter consists of a sensor, called a scintillator, made of transparent crystal or an organic liquid that fluoresces when struck by ionizing radiation. A photomultiplier is then used to measure the light emitted by the sensor and is attached to an electronic apparatus that amplifies and quantifies the radiation signal.","valueHier":["http://www.bioassayontology.org/bao#BAO_0000657","http://www.bioassayontology.org/bao#BAO_0000035"],"labelHier":["radiometry method","physical detection method"]},{"propURI":"http://www.bioassayontology.org/bao#BAO_0002867","propLabel":"assay footprint","propAbbrev":"bao:BAO_0002867","valueURI":"http://www.bioassayontology.org/bao#BAO_0000576","valueLabel":"24 well plate","valueAbbrev":"bao:BAO_0000576","valueDescr":"This microplate contains 24 wells. It is suitable for a low throughput assay.","valueHier":["http://www.bioassayontology.org/bao#BAO_0000508","http://www.bioassayontology.org/bao#BAO_0000512"],"labelHier":["microplate","assay footprint"]},{"propURI":"http://www.bioassayontology.org/bao#BAO_0002854","propLabel":"bioassay type","propAbbrev":"bao:BAO_0002854","valueURI":"http://www.bioassayontology.org/bao#BAO_0000041","valueLabel":"binding type","valueAbbrev":"bao:BAO_0000041","valueDescr":"Binding assays are performed to understand the interaction between two molecules, e.g. perturbagen-protein, protein-protein, protein-DNA, etc.","valueHier":["http://www.bioassayontology.org/bao#BAO_0000008"],"labelHier":["bioassay type"]},{"propURI":"http://www.bioassayontology.org/bao#BAO_0095009","propLabel":"assay design method","propAbbrev":"bao:BAO_0095009","valueURI":"http://www.bioassayontology.org/bao#BAO_0000402","valueLabel":"radioligand binding method","valueAbbrev":"bao:BAO_0000402","valueDescr":"It is used for analysis of receptor-ligand interactions in screening applications. It utilizes a radiolabeled ligand and a source of receptor (membranes, soluble/purified).","valueHier":["http://www.bioassayontology.org/bao#BAO_0000123","http://www.bioassayontology.org/bao#BAO_0002202"],"labelHier":["binding assessment method","assay design method"]},{"propURI":"http://www.bioassayontology.org/bao#BAO_0000210","propLabel":"screening campaign stage","propAbbrev":"bao:BAO_0000210","valueURI":"http://www.bioassayontology.org/bao#BAO_0000030","valueLabel":"confirmatory assay","valueAbbrev":"bao:BAO_0000030","valueDescr":"Assay performed to confirm activity of compounds identified in the primary screen.  It can be performed as replicate measurements at a single screening concentration or as concentration-response assay.","valueHier":["http://www.bioassayontology.org/bao#BAO_0000029"],"labelHier":["assay screening campaign stage"]},{"propURI":"http://www.bioassayontology.org/bao#BAO_0000205","propLabel":"assay format","propAbbrev":"bao:BAO_0000205","valueURI":"http://www.bioassayontology.org/bao#BAO_0000366","valueLabel":"cell-free format","valueAbbrev":"bao:BAO_0000366","valueDescr":"This originates from a cell, but does not use intact (live) cells; does not include biochemical assays, which is one of the major formats that is categorized separately. It is most often a homogeneous assay type, but can be heterogeneous if a solid phase such as beads are used to immobilize the components.","valueHier":["http://www.bioassayontology.org/bao#BAO_0000019"],"labelHier":["assay format"]},{"propURI":"http://www.bioassayontology.org/bao#BAO_0000211","propLabel":"target","propAbbrev":"bao:BAO_0000211","valueURI":"http://www.bioassayontology.org/bao#BAO_0000279","valueLabel":"enzyme","valueAbbrev":"bao:BAO_0000279","valueDescr":"Enzymes are biological catalysts involved in important pathways that allow chemical reactions to occur at higher rates (velocities) than would be possible without the enzyme. Enzymes are generally globular proteins that have one or more substrate binding sites.","valueHier":["http://www.bioassayontology.org/bao#BAO_0000175","http://www.bioassayontology.org/bao#BAO_0003111"],"labelHier":["protein","biological macromolecule"]},{"propURI":"http://www.bioassayontology.org/bao#BAO_0002921","propLabel":"organism","propAbbrev":"bao:BAO_0002921","valueURI":"http://purl.obolibrary.org/obo/NCBITaxon_9606","valueLabel":"Homo sapiens","valueAbbrev":"obo:NCBITaxon_9606","valueDescr":"","altLabels":["man","human"],"valueHier":["http://www.bioassayontology.org/bao#BAO_0000362","http://www.bioassayontology.org/bao#BAO_0000510","http://www.bioassayontology.org/bao#BAO_0000659","http://www.bioassayontology.org/bao#BAO_0000509","http://www.bioassayontology.org/bao#BAO_0000658","http://www.bioassayontology.org/bao#BAO_0000551"],"labelHier":["mammalian","vertebrate","metazoa","eukaryote","cellular organisms","organism"]},{"propURI":"http://www.bioassayontology.org/bao#BAO_0002009","propLabel":"biological process","propAbbrev":"bao:BAO_0002009","valueURI":"http://purl.obolibrary.org/obo/GO_0060049","valueLabel":"regulation of protein glycosylation","valueAbbrev":"obo:GO_0060049","valueDescr":"Any process that modulates the frequency, rate or extent of protein glycosylation. Protein glycosylation is the addition of a carbohydrate or carbohydrate derivative unit to a protein amino acid, e.g. the addition of glycan chains to proteins.","valueHier":["http://purl.obolibrary.org/obo/GO_0010559","http://purl.obolibrary.org/obo/GO_2000112","http://purl.obolibrary.org/obo/GO_0010556","http://purl.obolibrary.org/obo/GO_0009889","http://purl.obolibrary.org/obo/GO_0019222","http://purl.obolibrary.org/obo/GO_0050789","http://purl.obolibrary.org/obo/GO_0065007","http://purl.obolibrary.org/obo/GO_0008150","http://www.bioassayontology.org/bao#BAO_0003114"],"labelHier":["regulation of glycoprotein biosynthetic process","regulation of cellular macromolecule biosynthetic process","regulation of macromolecule biosynthetic process","regulation of biosynthetic process","regulation of metabolic process","regulation of biological process","biological regulation","biological process","assay biology component"]},{"propURI":"http://www.bioassayontology.org/bao#BAO_0000208","propLabel":"result","propAbbrev":"bao:BAO_0000208","valueURI":"http://www.bioassayontology.org/bao#BAO_0000193","valueLabel":"fold change","valueAbbrev":"bao:BAO_0000193","valueDescr":"It is the ratio of biological activity in the presence of an exogenous substance to that in its absence. The fold change is useful when comparing test compounds evaluated across multiple functional assays because varying levels of efficacy can be observed amongst the different or same reference agonists.","valueHier":["http://www.bioassayontology.org/bao#BAO_0000181","http://www.bioassayontology.org/bao#BAO_0000179"],"labelHier":["response endpoint","endpoint"]}],"annotsRemoved":[],"labelsAdded":[],"labelsRemoved":[],"notesModified":{}}],"holdingIDList":[]}