{"assayID":920,"uniqueID":"pubchemAID:1456","text":"Identification of Novel Modulators of Cl- dependent Transport Process via HTS: Primary Screen\n\nCation-chloride cotransporters such as K-Cl cotransport and Na-K-2Cl cotransport play major roles in a variety of physiological settings, including the modulation of GABAergic synaptic transmission. For instance, KCC2, a neuronal-specific K-Cl cotransporter is up-regulated in the brain during postnatal development, and is responsible for lowering the intracellular Cl- concentration in neurons, thus promoting GABA inhibition. Reduction in KCC2 expression results in brain hyperexcitability, as demonstrated by animal models. Furthermore, KCC2 expression is decreased in brain tissue isolated from epileptic patients. \n\nThere are very few pharmacological agents that affect K-Cl cotransporters. First, there are no specific inhibitors of K-Cl cotransporters. Furosemide is mostly used to inhibit K-Cl cotransporter function, but the diuretic is not very potent and is not specific as it inhibits the Na-K-2Cl cotransporter (diuretic effect), many Cl- channels including the GABAA receptor. Finding new inhibitors will provide important tools for the study of KCC2 in modulating inhibitory neurotransmission. Second, there are also no compounds known to activate K-Cl cotransporter, except for N-ethylmaleimide, which affects many cellular processes as an unspecific alkylating agent. Finding a specific agent that increase KCC2 function would potentially have therapeutic value, as increased KCC2 function reduces susceptibility to epileptic seizures.\n\nThe purpose of this screen was to test compounds from the Molecular Libraries Small Molecule Repository (MLSMR) at a single concentration in a cell-based kinetic flux assay for modulators of the cation-chloride cotransporter, KCC2. \n\nThese data reflect the observations from primary screening where the number of independent observations or sample size is one (n = 1). Possible artifacts include, but are not limited to, dust in or on the microtiter plate, compounds that fluoresce, and compounds or conditions that cause a change in thallium levels.\n\nMETHOD:\n1. Human embryonic kidney cells stably transfected with KCC2 were plated at 20,000 cells/well in Dulbecco's modified medium (DMEM), 41.6% F12 (Gibco catalog 11320-033) in 384 well plate, black, clear bottom, poly-D-lysine coated (Greiner catalog 781946).\n2. Cells were incubated overnight at 37 degrees C in 5%CO2.\n3. Cells were loaded with 0.5 micromolar FluoZin2-AM dye (Invitrogen catalog number F24189) in assay buffer (Hanks Buffered Salt Solution, 20 mM HEPES, 0.2 mM oubain) for 48 minutes.\n4. Dye was removed and the plate imaged using the Hamamatsu FDSS kinetic plate reader equipped with 480 nanometer excitation and 540 nanometer emission filters.\n5. Compounds in DMSO were added to a final concentration of 10 micromolar (0.1% DMSO final concentration). \n6. Thallium buffer stimulus (125 mM sodium bicarbonate, 12 mM thallium sulfate, 1 mM magnesium sulfate, 1.8 mM calcium sulfate, 5 mM glucose, 10 mM HEPES, pH 7.3.) was added and images collected at 1 Hz.\n7. Assay buffer containing DMSO (0.1% final concentration) was used as the negative control and 2 mM bumetanide was used as the positive control on each plate.\n\nDATA PROCESSING:\n1. The raw fluorescence intensities were divided by the initial fluorescence, and the slope from 10 to 20 seconds after thallium addition was calculated and labeled 'Value.'\n2. Bscore [1] was calculated using 'Value' normalized for row and column effects on a per-plate basis.\n3. 'Value' and 'BScore' were treated as Gaussian distributions. \n4. Compounds selected with 'Score' of '100' and 'Outcome' of 'Active' had values that differed from the mean sample distribution at 99.7% confidence level after each of 2 rounds of filtering.\n5. All calculations were done on a per-plate basis using Pipeline Pilot with the R statistics package.\n\nReferences:\n1. Malo N, Hanley JA, Cerquozzi S, Pelletier J, Nadon R. Statistical practice in high-throughput screening data analysis. Nat Biotechnol. 2006 Feb; 24(2):167-75.","notes":{},"schemaURI":"http://www.bioassayontology.org/bas#","annotations":[{"propURI":"http://www.bioassayontology.org/bao#BAX_0000011","propLabel":"gene identity","propAbbrev":"bao:BAX_0000011","valueURI":"http://www.bioassayontology.org/geneid#57468","valueLabel":"SLC12A5: solute carrier family 12 member 5","valueAbbrev":"geneid:57468","valueDescr":"","groupNest":[],"groupLabel":[],"valueHier":["http://www.bioassayontology.org/geneid#Homo_sapiens","http://www.bioassayontology.org/geneid#Mammalia","http://www.bioassayontology.org/geneid#Root"],"labelHier":["Homo sapiens","Mammalia","Faux GeneID"]},{"propURI":"http://www.bioassayontology.org/bao#BAX_0000012","propLabel":"protein identity","propAbbrev":"bao:BAX_0000012","valueURI":"http://www.bioassayontology.org/protein#12003227","valueLabel":"electroneutral potassium-chloride cotransporter KCC2 [Homo sapiens]","valueAbbrev":"protein:12003227","valueDescr":"Protein: electroneutral potassium-chloride cotransporter KCC2 [Homo sapiens], Organism: Homo sapiens","groupNest":[],"groupLabel":[],"valueHier":["http://www.bioassayontology.org/taxon#9606","http://www.bioassayontology.org/taxon#9605","http://www.bioassayontology.org/taxon#314295","http://www.bioassayontology.org/taxon#9526","http://www.bioassayontology.org/taxon#9443","http://www.bioassayontology.org/taxon#314146","http://www.bioassayontology.org/taxon#40674","http://www.bioassayontology.org/taxon#32524","http://www.bioassayontology.org/taxon#8287","http://www.bioassayontology.org/taxon#117570","http://www.bioassayontology.org/taxon#7711","http://www.bioassayontology.org/taxon#33511","http://www.bioassayontology.org/taxon#33213","http://www.bioassayontology.org/taxon#33208","http://www.bioassayontology.org/taxon#33154","http://www.bioassayontology.org/taxon#2759","http://www.bioassayontology.org/taxon#131567","http://www.bioassayontology.org/taxon#Root"],"labelHier":["Homo sapiens","Homo","Hominoidea / Hominidae / Homininae","Catarrhini","Primates / Haplorrhini / Simiiformes","Euarchontoglires","Mammalia / Theria / Eutheria / Boreoeutheria","Amniota","Sarcopterygii / Dipnotetrapodomorpha / Tetrapoda","Teleostomi / Euteleostomi","Chordata / Craniata / Vertebrata / Gnathostomata","Deuterostomia","Bilateria","Metazoa / Eumetazoa","Opisthokonta","Eukaryota","cellular organisms","Faux ProteinID"]},{"propURI":"http://www.bioassayontology.org/bao#BAO_0095009","propLabel":"assay design method","propAbbrev":"bao:BAO_0095009","valueURI":"http://www.bioassayontology.org/bao#BAO_0000377","valueLabel":"membrane potential measurement method","valueAbbrev":"bao:BAO_0000377","valueDescr":"All living cells maintain a resting membrane potential, which is the difference in voltage between the interior and exterior of the cell. Electrically active cells, such as neurons, muscle and endocrine cells undergo changes in membrane potential due to depolarization and hyperpolarization as a result of opening and closing of ion channels. Action potentials are large and rapid changes in membrane potential which are generated as a result of a large depolarization event. In neurons, action potentials are used to transmit signals across neurons, while in muscle and endocrine cells, they lead to intracellular events, such as muscle contraction and hormone release, respectively.\nIn addition, mitochondria possess a trans-membrane potential as a result of their respiratory function.\nMembrane potential can be measured either by using electrophysiological techniques or by staining with dyes whose binding is dependent on the membrane potential.","groupNest":[],"groupLabel":[],"valueHier":["http://www.bioassayontology.org/bao#BAO_0002202"],"labelHier":["assay design method"]},{"propURI":"http://www.bioassayontology.org/bao#BAO_0002921","propLabel":"organism","propAbbrev":"bao:BAO_0002921","valueURI":"http://purl.obolibrary.org/obo/NCBITaxon_9606","valueLabel":"Homo sapiens","valueAbbrev":"obo:NCBITaxon_9606","valueDescr":"","groupNest":[],"groupLabel":[],"altLabels":["man","human"],"valueHier":["http://www.bioassayontology.org/bao#BAO_0000362","http://www.bioassayontology.org/bao#BAO_0000510","http://www.bioassayontology.org/bao#BAO_0000659","http://www.bioassayontology.org/bao#BAO_0000509","http://www.bioassayontology.org/bao#BAO_0000658","http://www.bioassayontology.org/bao#BAO_0000551"],"labelHier":["mammalian","vertebrate","metazoa","eukaryote","cellular organisms","organism"]},{"propURI":"http://www.bioassayontology.org/bao#BAO_0002800","propLabel":"assay cell line","propAbbrev":"bao:BAO_0002800","valueURI":"http://purl.obolibrary.org/obo/BTO_0000007","valueLabel":"HEK-293 cell","valueAbbrev":"obo:BTO_0000007","valueDescr":"Established from a human primary embryonal kidney transformed by adenovirus type 5.","groupNest":[],"groupLabel":[],"valueHier":["http://dto.org/DTO/DTO_000"],"labelHier":["BRENDA tissues and cell lines"]},{"propURI":"http://www.bioassayontology.org/bao#BAO_0000205","propLabel":"assay format","propAbbrev":"bao:BAO_0000205","valueURI":"http://www.bioassayontology.org/bao#BAO_0000219","valueLabel":"cell based format","valueAbbrev":"bao:BAO_0000219","valueDescr":"Involves the use of living cells of eukaryotic origin, derived from a multicellular organism, and is a heterogeneous assay type. Typically, this refers to permanent (immortal) cell lines, or primary cells, or some form of stem cells. This is distinct from a single-celled organism-based format (classically bacteria or yeast).","groupNest":[],"groupLabel":[],"valueHier":["http://www.bioassayontology.org/bao#BAO_0000019"],"labelHier":["assay format"]},{"propURI":"http://www.bioassayontology.org/bao#BAO_0000210","propLabel":"screening campaign stage","propAbbrev":"bao:BAO_0000210","valueURI":"http://www.bioassayontology.org/bao#BAO_0000031","valueLabel":"primary assay","valueAbbrev":"bao:BAO_0000031","valueDescr":"The first assay performed in a in a screening campaign. The purpose of the primary assay is to identify hits, which are potentially biologically active chemical entities. Generally in this assay, the perturbagens are tested at a single concentration with only one measurement. It is followed by a confirmatory screen, which can be run at a single concentration with multiple replicates or as concentration-response assay.","groupNest":[],"groupLabel":[],"valueHier":["http://www.bioassayontology.org/bao#BAO_0000029"],"labelHier":["assay screening campaign stage"]},{"propURI":"http://www.bioassayontology.org/bao#BAO_0002854","propLabel":"bioassay type","propAbbrev":"bao:BAO_0002854","valueURI":"http://www.bioassayontology.org/bao#BAO_0000010","valueLabel":"functional","valueAbbrev":"bao:BAO_0000010","valueDescr":"An assay where the measured signal corresponds to a complex response such as cell survival, proliferation, localization of a protein, nuclear translocation etc. The molecular target is not assumed.","groupNest":[],"groupLabel":[],"valueHier":["http://www.bioassayontology.org/bao#BAO_0000008"],"labelHier":["bioassay type"]},{"propURI":"http://www.bioassayontology.org/bao#BAO_0002855","propLabel":"bioassay","propAbbrev":"bao:BAO_0002855","valueURI":"http://www.bioassayontology.org/bao#BAO_0000819","valueLabel":"ion redistribution assay","valueAbbrev":"bao:BAO_0000819","valueDescr":"Radiolabeled flux assays to study ion channel activity by chemically initiating the opening of channels in the presence of a fixed amount of radiolabeled cation or anion, and a potential ion channel modulator compound.","groupNest":[],"groupLabel":[],"valueHier":["http://www.bioassayontology.org/bao#BAO_0002999","http://www.bioassayontology.org/bao#BAO_0000015"],"labelHier":["redistribution assay","bioassay"]},{"propURI":"http://www.bioassayontology.org/bao#BAO_0095009","propLabel":"assay design method","propAbbrev":"bao:BAO_0095009","valueURI":"http://www.bioassayontology.org/bao#BAO_0000425","valueLabel":"dye binding method","valueAbbrev":"bao:BAO_0000425","valueDescr":"Most often, the mitochondrial membrane potential which is called delta-psi is quantitated by staining with specific dyes whose binding is dependent on the potential.","groupNest":[],"groupLabel":[],"valueHier":["http://www.bioassayontology.org/bao#BAO_0000377","http://www.bioassayontology.org/bao#BAO_0002202"],"labelHier":["membrane potential measurement method","assay design method"]},{"propURI":"http://www.bioassayontology.org/bao#BAO_0002867","propLabel":"assay footprint","propAbbrev":"bao:BAO_0002867","valueURI":"http://www.bioassayontology.org/bao#BAO_0000515","valueLabel":"384 well plate","valueAbbrev":"bao:BAO_0000515","valueDescr":"This microplate contains 384 wells. It is suitable for a HTS assay.","groupNest":[],"groupLabel":[],"valueHier":["http://www.bioassayontology.org/bao#BAO_0000508","http://www.bioassayontology.org/bao#BAO_0000512"],"labelHier":["microplate","assay footprint"]},{"propURI":"http://www.bioassayontology.org/bao#BAO_0000207","propLabel":"physical detection method","propAbbrev":"bao:BAO_0000207","valueURI":"http://www.bioassayontology.org/bao#BAO_0000363","valueLabel":"fluorescence intensity","valueAbbrev":"bao:BAO_0000363","valueDescr":"Fluorescence intensity is the measure of fluorescence from a sample.","groupNest":[],"groupLabel":[],"valueHier":["http://www.bioassayontology.org/bao#BAO_0000046","http://www.bioassayontology.org/bao#BAO_0000035"],"labelHier":["fluorescence method","physical detection method"]},{"propURI":"http://www.bioassayontology.org/bao#BAO_0002865","propLabel":"detection instrument","propAbbrev":"bao:BAO_0002865","valueURI":"http://www.bioassayontology.org/bao#BAO_0000903","valueLabel":"FDSS6000","valueAbbrev":"bao:BAO_0000903","valueDescr":"","groupNest":[],"groupLabel":[],"valueHier":["http://www.bioassayontology.org/bao#BAO_0000697"],"labelHier":["detection instrument"]},{"propURI":"http://www.bioassayontology.org/bao#BAO_0000185","propLabel":"perturbagen type","propAbbrev":"bao:BAO_0000185","valueURI":"http://www.bioassayontology.org/bao#BAO_0000733","valueLabel":"MLSMR library","valueAbbrev":"bao:BAO_0000733","valueDescr":"","groupNest":[],"groupLabel":[],"valueHier":["http://www.bioassayontology.org/bao#BAO_0000648","http://www.bioassayontology.org/bao#BAO_0000661","http://www.bioassayontology.org/bao#BAO_0003120"],"labelHier":["compound library","perturbagen library","assay screened entity component"]},{"propURI":"http://www.bioassayontology.org/bao#BAO_0002663","propLabel":"assay kit","propAbbrev":"bao:BAO_0002663","valueURI":"http://www.bioassayontology.org/bat#NotApplicable","valueLabel":"not applicable","valueAbbrev":"bat:NotApplicable","valueDescr":"This property does not apply to this assay.","groupNest":[],"groupLabel":[],"valueHier":["http://www.bioassayontology.org/bat#Absence"],"labelHier":["absence"]},{"propURI":"http://www.bioassayontology.org/bao#BAO_0002848","propLabel":"applies to disease","propAbbrev":"bao:BAO_0002848","valueURI":"http://purl.obolibrary.org/obo/DOID_331","valueLabel":"central nervous system disease","valueAbbrev":"obo:DOID_331","valueDescr":"\nA nervous system disease that affects either the spinal cord (myelopathy) or brain (encephalopathy) of the central nervous system.\n","groupNest":[],"groupLabel":[],"valueHier":["http://purl.obolibrary.org/obo/DOID_863","http://purl.obolibrary.org/obo/DOID_7","http://purl.obolibrary.org/obo/DOID_4"],"labelHier":["nervous system disease","disease of anatomical entity","Disease"]},{"propURI":"http://www.bioassayontology.org/bao#BAO_0002848","propLabel":"applies to disease","propAbbrev":"bao:BAO_0002848","valueURI":"http://purl.obolibrary.org/obo/DOID_1826","valueLabel":"epilepsy","valueAbbrev":"obo:DOID_1826","valueDescr":"A brain disease that is characterized by the occurrance of at least two unprovoked seizures resulting from a persistent epileptogenic abnormality of the brain that is able to spontaneously generate paroxysmal activity and typically manifested by sudden brief episodes of altered or diminished consciousness, involuntary movements, or convulsions.","groupNest":[],"groupLabel":[],"valueHier":["http://purl.obolibrary.org/obo/DOID_936","http://purl.obolibrary.org/obo/DOID_331","http://purl.obolibrary.org/obo/DOID_863","http://purl.obolibrary.org/obo/DOID_7","http://purl.obolibrary.org/obo/DOID_4"],"labelHier":["brain disease","central nervous system disease","nervous system disease","disease of anatomical entity","Disease"]},{"propURI":"http://www.bioassayontology.org/bao#BAO_0000196","propLabel":"assay mode of action","propAbbrev":"bao:BAO_0000196","valueURI":"http://www.bioassayontology.org/bao#BAO_0002909","valueLabel":"modulation","valueAbbrev":"bao:BAO_0002909","valueDescr":"","groupNest":[],"groupLabel":[],"valueHier":["http://www.bioassayontology.org/bao#BAO_0000084","http://www.bioassayontology.org/bao#BAO_0000074"],"labelHier":["ligand function mode of action","mode of action"]},{"propURI":"http://www.bioassayontology.org/bao#BAO_0002874","propLabel":"units","propAbbrev":"bao:BAO_0002874","valueURI":"http://purl.obolibrary.org/obo/UO_0000190","valueLabel":"ratio","valueAbbrev":"obo:UO_0000190","valueDescr":"A dimensionless unit which denotes an amount or magnitude of one quantity relative to another.","groupNest":["http://www.bioassayontology.org/bao#BAX_0000017"],"groupLabel":["measurement"],"valueHier":["http://purl.obolibrary.org/obo/UO_0000186","http://purl.obolibrary.org/obo/UO_0000000"],"labelHier":["dimensionless unit","unit"]},{"propURI":"http://www.bioassayontology.org/bao#BAO_0000211","propLabel":"target","propAbbrev":"bao:BAO_0000211","valueURI":"http://www.bioassayontology.org/bat#SeeGeneID","valueLabel":"see Gene ID","valueAbbrev":"bat:SeeGeneID","valueDescr":"The target is present in the Gene ID section, but needs to be mapped to a formal ontology.","groupNest":[],"groupLabel":[],"valueHier":["http://www.bioassayontology.org/bat#Absence"],"labelHier":["absence"]},{"propURI":"http://www.bioassayontology.org/bao#BAO_0000208","propLabel":"result","propAbbrev":"bao:BAO_0000208","valueURI":"http://www.bioassayontology.org/bao#BAO_0000430","valueLabel":"B-score","valueAbbrev":"bao:BAO_0000430","valueDescr":"The B score is an analog of the Z score, but is more resistant to the presence of outliers and to differences in the measurement error distributions of the compounds. It is calculated by first computing a two-way median to account for row and column effects of the plate,  which is then divided by their median absolute deviation to standardize for plate-to-plate variability.","groupNest":[],"groupLabel":[],"valueHier":["http://www.bioassayontology.org/bao#BAO_0002126","http://www.bioassayontology.org/bao#BAO_0000181","http://www.bioassayontology.org/bao#BAO_0000179"],"labelHier":["statistical endpoint","response endpoint","endpoint"]},{"propURI":"http://www.bioassayontology.org/bao#BAO_0002009","propLabel":"biological process","propAbbrev":"bao:BAO_0002009","valueURI":"http://purl.obolibrary.org/obo/GO_0015695","valueLabel":"organic cation transport","valueAbbrev":"obo:GO_0015695","valueDescr":"The directed movement of organic cations into, out of or within a cell, or between cells, by means of some agent such as a transporter or pore. Organic cations are atoms or small molecules with a positive charge which contain carbon in covalent linkage.","groupNest":[],"groupLabel":[],"valueHier":["http://purl.obolibrary.org/obo/GO_0071702","http://purl.obolibrary.org/obo/GO_0006810","http://purl.obolibrary.org/obo/GO_0051234","http://purl.obolibrary.org/obo/GO_0051179","http://purl.obolibrary.org/obo/GO_0008150","http://www.bioassayontology.org/bao#BAO_0003114"],"labelHier":["organic substance transport","transport","establishment of localization","localization","biological process","assay biology component"]},{"propURI":"http://www.bioassayontology.org/bao#BAO_0002009","propLabel":"biological process","propAbbrev":"bao:BAO_0002009","valueURI":"http://purl.obolibrary.org/obo/GO_2001225","valueLabel":"regulation of chloride transport","valueAbbrev":"obo:GO_2001225","valueDescr":"Any process that modulates the frequency, rate or extent of chloride transport.","groupNest":[],"groupLabel":[],"valueHier":["http://purl.obolibrary.org/obo/GO_0044070","http://purl.obolibrary.org/obo/GO_0043269","http://purl.obolibrary.org/obo/GO_0051049","http://purl.obolibrary.org/obo/GO_0032879","http://purl.obolibrary.org/obo/GO_0050789","http://purl.obolibrary.org/obo/GO_0065007","http://purl.obolibrary.org/obo/GO_0008150","http://www.bioassayontology.org/bao#BAO_0003114"],"labelHier":["regulation of anion transport","regulation of ion transport","regulation of transport","regulation of localization","regulation of biological process","biological regulation","biological process","assay biology component"]},{"propURI":"http://www.bioassayontology.org/bao#BAO_0002009","propLabel":"biological process","propAbbrev":"bao:BAO_0002009","valueURI":"http://purl.obolibrary.org/obo/GO_0044070","valueLabel":"regulation of anion transport","valueAbbrev":"obo:GO_0044070","valueDescr":"Any process that modulates the frequency, rate or extent of the directed movement of anions, atoms or small molecules with a net negative charge into, out of or within a cell, or between cells, by means of some agent such as a transporter or pore.","groupNest":[],"groupLabel":[],"valueHier":["http://purl.obolibrary.org/obo/GO_0043269","http://purl.obolibrary.org/obo/GO_0051049","http://purl.obolibrary.org/obo/GO_0032879","http://purl.obolibrary.org/obo/GO_0050789","http://purl.obolibrary.org/obo/GO_0065007","http://purl.obolibrary.org/obo/GO_0008150","http://www.bioassayontology.org/bao#BAO_0003114"],"labelHier":["regulation of ion transport","regulation of transport","regulation of localization","regulation of biological process","biological regulation","biological process","assay biology component"]},{"propURI":"http://www.bioassayontology.org/bao#BAO_0002852","propLabel":"assay sources","propAbbrev":"bao:BAO_0002852","valueURI":"http://www.bioassayexpress.org/sources#SRC_0000030","valueLabel":"Screening Center for GPCRs, Ion Channels and Transporters (Vanderbilt)","valueAbbrev":"src:SRC_0000030","valueDescr":"The Vanderbilt High-Throughput Screening (HTS) facility provides screening-based services to aide research investigators in the identification and investigation of new compounds for basic research and pharmacological discovery.","groupNest":[],"groupLabel":[],"externalURLs":["http://www.vanderbilt.edu/hts"],"valueHier":["http://www.bioassayexpress.org/sources#pubchem_sources","http://www.bioassayontology.org/bao#BAO_0002934"],"labelHier":["PubChem Sources","organization"]},{"propURI":"http://www.bioassayontology.org/bao#BAO_0002800","propLabel":"assay cell line","propAbbrev":"bao:BAO_0002800","valueURI":"http://purl.obolibrary.org/obo/CLO_0001230","valueLabel":"HEK293","valueAbbrev":"obo:CLO_0001230","valueDescr":"","groupNest":[],"groupLabel":[],"altLabels":["HEK 293","HEK-293","293 HEK","293","293 cell","Human Embryonic Kidney 293"],"valueHier":["http://purl.obolibrary.org/obo/CLO_0000019","http://purl.obolibrary.org/obo/CLO_0000001"],"labelHier":["immortal cell line cell","cell line cell"]},{"propURI":"http://www.bioassayontology.org/bao#BAO_0002853","valueLabel":"Identification of Novel Modulators of Cl- dependent Transport Process via HTS: Primary Screen","propAbbrev":"bao:BAO_0002853","groupNest":[],"propLabel":"assay title","groupLabel":[]}],"pubchemXRef":[{"type":"regid","id":"ED001","comment":"Vanderbilt Screening Center for GPCRs, Ion Channels and Transporters"},{"type":"dburl","id":"http://www.vanderbilt.edu/MLSCN/Templates/index.htm","comment":""},{"type":"pmid","id":"16465162","comment":""},{"type":"gene","id":"57468","comment":"SLC12A5, solute carrier family 12 (potassium-chloride transporter), member 5"},{"type":"protein_gi","id":"12003227","comment":"electroneutral potassium-chloride cotransporter KCC2 [Homo sapiens]"}],"curationTime":1520356854178,"curatorID":"google:108375455890260223170","curatorName":"","curatorEmail":"aclark.xyz@gmail.com","history":[{"curationTime":1492468131117,"curatorID":"admin","annotsAdded":[{"propURI":"http://www.bioassayontology.org/bao#BAO_0002854","propLabel":"bioassay type","propAbbrev":"bao:BAO_0002854","valueURI":"http://www.bioassayontology.org/bao#BAO_0000010","valueLabel":"functional","valueAbbrev":"bao:BAO_0000010","valueDescr":"An assay where the measured signal corresponds to a complex response such as cell survival, proliferation, localization of a protein, nuclear translocation etc. The molecular target is not assumed.","valueHier":["http://www.bioassayontology.org/bao#BAO_0000008"],"labelHier":["bioassay type"]}],"annotsRemoved":[{"propURI":"http://www.bioassayontology.org/bao#BAX_0000002","propLabel":"has bioassay type","propAbbrev":"bao:BAX_0000002","valueURI":"http://www.bioassayontology.org/bao#BAO_0000010","valueLabel":"functional","valueAbbrev":"bao:BAO_0000010","valueDescr":"An assay where the measured signal corresponds to a complex response such as cell survival, proliferation, localization of a protein, nuclear translocation etc. The molecular target is not assumed.","valueHier":[],"labelHier":[],"outOfSchema":true}],"labelsAdded":[{"propURI":"http://www.bioassayontology.org/bao#BAO_0002854","valueLabel":"functional","propAbbrev":"bao:BAO_0002854","propLabel":"bioassay type"}],"labelsRemoved":[{"propURI":"http://www.bioassayontology.org/bao#BAX_0000002","valueLabel":"functional","propAbbrev":"bao:BAX_0000002","propLabel":"has bioassay type"}],"notesModified":{}},{"curationTime":1492468131117,"curatorID":"admin","annotsAdded":[{"propURI":"http://www.bioassayontology.org/bao#BAO_0002009","propLabel":"biological process","propAbbrev":"bao:BAO_0002009","valueURI":"http://purl.obolibrary.org/obo/GO_0015695","valueLabel":"organic cation transport","valueAbbrev":"obo:GO_0015695","valueDescr":"The directed movement of organic cations into, out of or within a cell, or between cells, by means of some agent such as a transporter or pore. Organic cations are atoms or small molecules with a positive charge which contain carbon in covalent linkage.","valueHier":["http://purl.obolibrary.org/obo/GO_0071702","http://purl.obolibrary.org/obo/GO_0006810","http://purl.obolibrary.org/obo/GO_0051234","http://purl.obolibrary.org/obo/GO_0051179","http://purl.obolibrary.org/obo/GO_0008150","http://www.bioassayontology.org/bao#BAO_0003114"],"labelHier":["organic substance transport","transport","establishment of localization","localization","biological process","assay biology component"]},{"propURI":"http://www.bioassayontology.org/bao#BAO_0002009","propLabel":"biological process","propAbbrev":"bao:BAO_0002009","valueURI":"http://purl.obolibrary.org/obo/GO_2001225","valueLabel":"regulation of chloride transport","valueAbbrev":"obo:GO_2001225","valueDescr":"Any process that modulates the frequency, rate or extent of chloride transport.","valueHier":["http://purl.obolibrary.org/obo/GO_0044070","http://purl.obolibrary.org/obo/GO_0043269","http://purl.obolibrary.org/obo/GO_0051049","http://purl.obolibrary.org/obo/GO_0032879","http://purl.obolibrary.org/obo/GO_0050789","http://purl.obolibrary.org/obo/GO_0065007","http://purl.obolibrary.org/obo/GO_0008150","http://www.bioassayontology.org/bao#BAO_0003114"],"labelHier":["regulation of anion transport","regulation of ion transport","regulation of transport","regulation of localization","regulation of biological process","biological regulation","biological process","assay biology component"]},{"propURI":"http://www.bioassayontology.org/bao#BAO_0002009","propLabel":"biological process","propAbbrev":"bao:BAO_0002009","valueURI":"http://purl.obolibrary.org/obo/GO_0044070","valueLabel":"regulation of anion transport","valueAbbrev":"obo:GO_0044070","valueDescr":"Any process that modulates the frequency, rate or extent of the directed movement of anions, atoms or small molecules with a net negative charge into, out of or within a cell, or between cells, by means of some agent such as a transporter or pore.","valueHier":["http://purl.obolibrary.org/obo/GO_0043269","http://purl.obolibrary.org/obo/GO_0051049","http://purl.obolibrary.org/obo/GO_0032879","http://purl.obolibrary.org/obo/GO_0050789","http://purl.obolibrary.org/obo/GO_0065007","http://purl.obolibrary.org/obo/GO_0008150","http://www.bioassayontology.org/bao#BAO_0003114"],"labelHier":["regulation of ion transport","regulation of transport","regulation of localization","regulation of biological process","biological regulation","biological process","assay biology component"]}],"annotsRemoved":[{"propURI":"http://www.bioassayontology.org/bao#BAX_0000004","propAbbrev":"bao:BAX_0000004","valueURI":"http://purl.obolibrary.org/obo/GO_0044070","valueLabel":"regulation of anion transport","valueAbbrev":"obo:GO_0044070","valueDescr":"Any process that modulates the frequency, rate or extent of the directed movement of anions, atoms or small molecules with a net negative charge into, out of or within a cell, or between cells, by means of some agent such as a transporter or pore.","valueHier":[],"labelHier":[],"outOfSchema":true},{"propURI":"http://www.bioassayontology.org/bao#BAX_0000004","propAbbrev":"bao:BAX_0000004","valueURI":"http://purl.obolibrary.org/obo/GO_2001225","valueLabel":"regulation of chloride transport","valueAbbrev":"obo:GO_2001225","valueDescr":"Any process that modulates the frequency, rate or extent of chloride transport.","valueHier":[],"labelHier":[],"outOfSchema":true},{"propURI":"http://www.bioassayontology.org/bao#BAX_0000004","propAbbrev":"bao:BAX_0000004","valueURI":"http://purl.obolibrary.org/obo/GO_0015695","valueLabel":"organic cation transport","valueAbbrev":"obo:GO_0015695","valueDescr":"The directed movement of organic cations into, out of or within a cell, or between cells, by means of some agent such as a transporter or pore. Organic cations are atoms or small molecules with a positive charge which contain carbon in covalent linkage.","valueHier":[],"labelHier":[],"outOfSchema":true}],"labelsAdded":[{"propURI":"http://www.bioassayontology.org/bao#BAO_0002009","valueLabel":"organic cation transport","propAbbrev":"bao:BAO_0002009","propLabel":"biological process"},{"propURI":"http://www.bioassayontology.org/bao#BAO_0002009","valueLabel":"regulation of chloride transport","propAbbrev":"bao:BAO_0002009","propLabel":"biological process"},{"propURI":"http://www.bioassayontology.org/bao#BAO_0002009","valueLabel":"regulation of anion transport","propAbbrev":"bao:BAO_0002009","propLabel":"biological process"}],"labelsRemoved":[{"propURI":"http://www.bioassayontology.org/bao#BAX_0000004","valueLabel":"regulation of anion transport","propAbbrev":"bao:BAX_0000004"},{"propURI":"http://www.bioassayontology.org/bao#BAX_0000004","valueLabel":"regulation of chloride transport","propAbbrev":"bao:BAX_0000004"},{"propURI":"http://www.bioassayontology.org/bao#BAX_0000004","valueLabel":"organic cation transport","propAbbrev":"bao:BAX_0000004"}],"notesModified":{}},{"curationTime":1492468131117,"curatorID":"admin","annotsAdded":[{"propURI":"http://www.bioassayontology.org/bao#BAO_0002848","propLabel":"applies to disease","propAbbrev":"bao:BAO_0002848","valueURI":"http://purl.obolibrary.org/obo/DOID_331","valueLabel":"central nervous system disease","valueAbbrev":"obo:DOID_331","valueDescr":"\nA nervous system disease that affects either the spinal cord (myelopathy) or brain (encephalopathy) of the central nervous system.\n","valueHier":["http://purl.obolibrary.org/obo/DOID_863","http://purl.obolibrary.org/obo/DOID_7","http://purl.obolibrary.org/obo/DOID_4"],"labelHier":["nervous system disease","disease of anatomical entity","Disease"]},{"propURI":"http://www.bioassayontology.org/bao#BAO_0002848","propLabel":"applies to disease","propAbbrev":"bao:BAO_0002848","valueURI":"http://purl.obolibrary.org/obo/DOID_1826","valueLabel":"epilepsy","valueAbbrev":"obo:DOID_1826","valueDescr":"A brain disease that is characterized by the occurrance of at least two unprovoked seizures resulting from a persistent epileptogenic abnormality of the brain that is able to spontaneously generate paroxysmal activity and typically manifested by sudden brief episodes of altered or diminished consciousness, involuntary movements, or convulsions.","valueHier":["http://purl.obolibrary.org/obo/DOID_936","http://purl.obolibrary.org/obo/DOID_331","http://purl.obolibrary.org/obo/DOID_863","http://purl.obolibrary.org/obo/DOID_7","http://purl.obolibrary.org/obo/DOID_4"],"labelHier":["brain disease","central nervous system disease","nervous system disease","disease of anatomical entity","Disease"]}],"annotsRemoved":[{"propURI":"http://www.bioassayontology.org/bao#BAX_0000010","propAbbrev":"bao:BAX_0000010","valueURI":"http://purl.obolibrary.org/obo/DOID_331","valueLabel":"central nervous system disease","valueAbbrev":"obo:DOID_331","valueDescr":"\nA nervous system disease that affects either the spinal cord (myelopathy) or brain (encephalopathy) of the central nervous system.\n","valueHier":[],"labelHier":[],"outOfSchema":true},{"propURI":"http://www.bioassayontology.org/bao#BAX_0000010","propAbbrev":"bao:BAX_0000010","valueURI":"http://purl.obolibrary.org/obo/DOID_1826","valueLabel":"epilepsy","valueAbbrev":"obo:DOID_1826","valueDescr":"A brain disease that is characterized by the occurrance of at least two unprovoked seizures resulting from a persistent epileptogenic abnormality of the brain that is able to spontaneously generate paroxysmal activity and typically manifested by sudden brief episodes of altered or diminished consciousness, involuntary movements, or convulsions.","valueHier":[],"labelHier":[],"outOfSchema":true}],"labelsAdded":[{"propURI":"http://www.bioassayontology.org/bao#BAO_0002848","valueLabel":"central nervous system disease","propAbbrev":"bao:BAO_0002848","propLabel":"applies to disease"},{"propURI":"http://www.bioassayontology.org/bao#BAO_0002848","valueLabel":"epilepsy","propAbbrev":"bao:BAO_0002848","propLabel":"applies to disease"}],"labelsRemoved":[{"propURI":"http://www.bioassayontology.org/bao#BAX_0000010","valueLabel":"central nervous system disease","propAbbrev":"bao:BAX_0000010"},{"propURI":"http://www.bioassayontology.org/bao#BAX_0000010","valueLabel":"epilepsy","propAbbrev":"bao:BAX_0000010"}],"notesModified":{}},{"curationTime":1492468131117,"curatorID":"admin","annotsAdded":[{"propURI":"http://www.bioassayontology.org/bao#BAO_0000208","propLabel":"result","propAbbrev":"bao:BAO_0000208","valueURI":"http://www.bioassayontology.org/bao#BAO_0000430","valueLabel":"B-score","valueAbbrev":"bao:BAO_0000430","valueDescr":"The B score is an analog of the Z score, but is more resistant to the presence of outliers and to differences in the measurement error distributions of the compounds. It is calculated by first computing a two-way median to account for row and column effects of the plate,  which is then divided by their median absolute deviation to standardize for plate-to-plate variability.","valueHier":["http://www.bioassayontology.org/bao#BAO_0002126","http://www.bioassayontology.org/bao#BAO_0000181","http://www.bioassayontology.org/bao#BAO_0000179"],"labelHier":["statistical endpoint","response endpoint","endpoint"]}],"annotsRemoved":[{"propURI":"http://www.bioassayontology.org/bao#BAX_0000006","propAbbrev":"bao:BAX_0000006","valueURI":"http://www.bioassayontology.org/bao#BAO_0000430","valueLabel":"B-score","valueAbbrev":"bao:BAO_0000430","valueDescr":"The B score is an analog of the Z score, but is more resistant to the presence of outliers and to differences in the measurement error distributions of the compounds. It is calculated by first computing a two-way median to account for row and column effects of the plate,  which is then divided by their median absolute deviation to standardize for plate-to-plate variability.","valueHier":[],"labelHier":[],"outOfSchema":true}],"labelsAdded":[{"propURI":"http://www.bioassayontology.org/bao#BAO_0000208","valueLabel":"B-score","propAbbrev":"bao:BAO_0000208","propLabel":"result"}],"labelsRemoved":[{"propURI":"http://www.bioassayontology.org/bao#BAX_0000006","valueLabel":"B-score","propAbbrev":"bao:BAX_0000006"}],"notesModified":{}},{"curationTime":1492468131117,"curatorID":"admin","annotsAdded":[{"propURI":"http://www.bioassayontology.org/bao#BAO_0002874","propLabel":"units","propAbbrev":"bao:BAO_0002874","valueURI":"http://purl.org/obo/owl/UO#UO_0000190","valueAbbrev":"uo:UO_0000190","valueHier":[],"labelHier":[],"outOfSchema":true}],"annotsRemoved":[{"propURI":"http://www.bioassayontology.org/bao#BAX_0000007","propAbbrev":"bao:BAX_0000007","valueURI":"http://purl.org/obo/owl/UO#UO_0000190","valueAbbrev":"uo:UO_0000190","valueHier":[],"labelHier":[],"outOfSchema":true}],"labelsAdded":[{"propURI":"http://www.bioassayontology.org/bao#BAO_0002874","valueLabel":"ratio","propAbbrev":"bao:BAO_0002874","propLabel":"units"}],"labelsRemoved":[{"propURI":"http://www.bioassayontology.org/bao#BAX_0000007","valueLabel":"ratio","propAbbrev":"bao:BAX_0000007"}],"notesModified":{}},{"curationTime":1492468131117,"curatorID":"admin","annotsAdded":[{"propURI":"http://www.bioassayontology.org/bao#BAO_0095009","propLabel":"assay design method","propAbbrev":"bao:BAO_0095009","valueURI":"http://www.bioassayontology.org/bao#BAO_0000425","valueLabel":"dye binding method","valueAbbrev":"bao:BAO_0000425","valueDescr":"Most often, the mitochondrial membrane potential which is called delta-psi is quantitated by staining with specific dyes whose binding is dependent on the potential.","valueHier":["http://www.bioassayontology.org/bao#BAO_0000377","http://www.bioassayontology.org/bao#BAO_0002202"],"labelHier":["membrane potential measurement method","assay design method"]},{"propURI":"http://www.bioassayontology.org/bao#BAO_0095009","propLabel":"assay design method","propAbbrev":"bao:BAO_0095009","valueURI":"http://www.bioassayontology.org/bao#BAO_0000377","valueLabel":"membrane potential measurement method","valueAbbrev":"bao:BAO_0000377","valueDescr":"All living cells maintain a resting membrane potential, which is the difference in voltage between the interior and exterior of the cell. Electrically active cells, such as neurons, muscle and endocrine cells undergo changes in membrane potential due to depolarization and hyperpolarization as a result of opening and closing of ion channels. Action potentials are large and rapid changes in membrane potential which are generated as a result of a large depolarization event. In neurons, action potentials are used to transmit signals across neurons, while in muscle and endocrine cells, they lead to intracellular events, such as muscle contraction and hormone release, respectively.\nIn addition, mitochondria possess a trans-membrane potential as a result of their respiratory function.\nMembrane potential can be measured either by using electrophysiological techniques or by staining with dyes whose binding is dependent on the membrane potential.","valueHier":["http://www.bioassayontology.org/bao#BAO_0002202"],"labelHier":["assay design method"]}],"annotsRemoved":[{"propURI":"http://www.bioassayontology.org/bao#BAX_0000003","propAbbrev":"bao:BAX_0000003","valueURI":"http://www.bioassayontology.org/bao#BAO_0000425","valueLabel":"dye binding method","valueAbbrev":"bao:BAO_0000425","valueDescr":"Most often, the mitochondrial membrane potential which is called delta-psi is quantitated by staining with specific dyes whose binding is dependent on the potential.","valueHier":[],"labelHier":[],"outOfSchema":true},{"propURI":"http://www.bioassayontology.org/bao#BAX_0000003","propAbbrev":"bao:BAX_0000003","valueURI":"http://www.bioassayontology.org/bao#BAO_0000377","valueLabel":"membrane potential measurement method","valueAbbrev":"bao:BAO_0000377","valueDescr":"All living cells maintain a resting membrane potential, which is the difference in voltage between the interior and exterior of the cell. Electrically active cells, such as neurons, muscle and endocrine cells undergo changes in membrane potential due to depolarization and hyperpolarization as a result of opening and closing of ion channels. Action potentials are large and rapid changes in membrane potential which are generated as a result of a large depolarization event. In neurons, action potentials are used to transmit signals across neurons, while in muscle and endocrine cells, they lead to intracellular events, such as muscle contraction and hormone release, respectively.\nIn addition, mitochondria possess a trans-membrane potential as a result of their respiratory function.\nMembrane potential can be measured either by using electrophysiological techniques or by staining with dyes whose binding is dependent on the membrane potential.","valueHier":[],"labelHier":[],"outOfSchema":true}],"labelsAdded":[{"propURI":"http://www.bioassayontology.org/bao#BAO_0095009","valueLabel":"dye binding method","propAbbrev":"bao:BAO_0095009","propLabel":"assay design method"},{"propURI":"http://www.bioassayontology.org/bao#BAO_0095009","valueLabel":"membrane potential measurement method","propAbbrev":"bao:BAO_0095009","propLabel":"assay design method"}],"labelsRemoved":[{"propURI":"http://www.bioassayontology.org/bao#BAX_0000003","valueLabel":"dye binding method","propAbbrev":"bao:BAX_0000003"},{"propURI":"http://www.bioassayontology.org/bao#BAX_0000003","valueLabel":"membrane potential measurement method","propAbbrev":"bao:BAX_0000003"}],"notesModified":{}},{"curationTime":1492468131117,"curatorID":"admin","annotsAdded":[{"propURI":"http://www.bioassayontology.org/bao#BAO_0000211","propLabel":"target","propAbbrev":"bao:BAO_0000211","valueURI":"http://www.bioassayontology.org/bat#SeeGeneID","valueLabel":"see Gene ID","valueAbbrev":"bat:SeeGeneID","valueDescr":"The target is present in the Gene ID section, but needs to be mapped to a formal ontology.","valueHier":["http://www.bioassayontology.org/bat#Absence"],"labelHier":["absence"]}],"annotsRemoved":[{"propURI":"http://www.bioassayontology.org/bao#BAX_0000005","propAbbrev":"bao:BAX_0000005","valueURI":"http://www.bioassayontology.org/bat#SeeGeneID","valueLabel":"see Gene ID","valueAbbrev":"bat:SeeGeneID","valueDescr":"The target is present in the Gene ID section, but needs to be mapped to a formal ontology.","valueHier":[],"labelHier":[],"outOfSchema":true}],"labelsAdded":[{"propURI":"http://www.bioassayontology.org/bao#BAO_0000211","valueLabel":"see Gene ID","propAbbrev":"bao:BAO_0000211","propLabel":"target"}],"labelsRemoved":[{"propURI":"http://www.bioassayontology.org/bao#BAX_0000005","valueLabel":"see Gene ID","propAbbrev":"bao:BAX_0000005"}],"notesModified":{}},{"curationTime":1492468131117,"curatorID":"admin","annotsAdded":[{"propURI":"http://www.bioassayontology.org/bao#BAO_0002855","propLabel":"bioassay","propAbbrev":"bao:BAO_0002855","valueURI":"http://www.bioassayontology.org/bao#BAO_0000819","valueLabel":"ion redistribution assay","valueAbbrev":"bao:BAO_0000819","valueDescr":"Radiolabeled flux assays to study ion channel activity by chemically initiating the opening of channels in the presence of a fixed amount of radiolabeled cation or anion, and a potential ion channel modulator compound.","valueHier":["http://www.bioassayontology.org/bao#BAO_0002999","http://www.bioassayontology.org/bao#BAO_0000015"],"labelHier":["redistribution assay","bioassay"]}],"annotsRemoved":[{"propURI":"http://www.bioassayontology.org/bao#BAX_0000002","propLabel":"has bioassay type","propAbbrev":"bao:BAX_0000002","valueURI":"http://www.bioassayontology.org/bao#BAO_0000819","valueLabel":"ion redistribution assay","valueAbbrev":"bao:BAO_0000819","valueDescr":"Radiolabeled flux assays to study ion channel activity by chemically initiating the opening of channels in the presence of a fixed amount of radiolabeled cation or anion, and a potential ion channel modulator compound.","valueHier":[],"labelHier":[],"outOfSchema":true}],"labelsAdded":[{"propURI":"http://www.bioassayontology.org/bao#BAO_0002855","valueLabel":"ion redistribution assay","propAbbrev":"bao:BAO_0002855","propLabel":"bioassay"}],"labelsRemoved":[{"propURI":"http://www.bioassayontology.org/bao#BAX_0000002","valueLabel":"ion redistribution assay","propAbbrev":"bao:BAX_0000002","propLabel":"has bioassay type"}],"notesModified":{}},{"curationTime":1492468131117,"curatorID":"admin","annotsAdded":[{"propURI":"http://www.bioassayontology.org/bao#BAO_0002874","propLabel":"units","propAbbrev":"bao:BAO_0002874","valueURI":"http://purl.obolibrary.org/obo/UO_0000190","valueLabel":"ratio","valueAbbrev":"obo:UO_0000190","valueDescr":"A dimensionless unit which denotes an amount or magnitude of one quantity relative to another.","valueHier":["http://purl.obolibrary.org/obo/UO_0000186","http://purl.obolibrary.org/obo/UO_0000000"],"labelHier":["dimensionless unit","unit"]}],"annotsRemoved":[{"propURI":"http://www.bioassayontology.org/bao#BAO_0002874","propLabel":"units","propAbbrev":"bao:BAO_0002874","valueURI":"http://purl.org/obo/owl/UO#UO_0000190","valueAbbrev":"uo:UO_0000190","valueHier":[],"labelHier":[],"outOfSchema":true}],"labelsAdded":[{"propURI":"http://www.bioassayontology.org/bao#BAO_0002874","valueLabel":"ratio","propAbbrev":"bao:BAO_0002874","propLabel":"units"}],"labelsRemoved":[{"propURI":"http://www.bioassayontology.org/bao#BAO_0002874","valueLabel":"ratio","propAbbrev":"bao:BAO_0002874","propLabel":"units"}],"notesModified":{}},{"curationTime":1520356854178,"curatorID":"google:108375455890260223170","curatorName":"","curatorEmail":"aclark.xyz@gmail.com","annotsAdded":[{"propURI":"http://www.bioassayontology.org/bao#BAO_0002800","propLabel":"assay cell line","propAbbrev":"bao:BAO_0002800","valueURI":"http://purl.obolibrary.org/obo/CLO_0001230","valueLabel":"HEK293","valueAbbrev":"obo:CLO_0001230","valueDescr":"","altLabels":["HEK 293","HEK-293","293 HEK","293","293 cell","Human Embryonic Kidney 293"],"valueHier":["http://purl.obolibrary.org/obo/CLO_0000019","http://purl.obolibrary.org/obo/CLO_0000001"],"labelHier":["immortal cell line cell","cell line cell"]}],"annotsRemoved":[],"labelsAdded":[],"labelsRemoved":[],"notesModified":{}}],"holdingIDList":[]}