{"assayID":1256,"uniqueID":"pubchemAID:1795","text":"qHTS Assay for Inhibitors of CDC-like Kinase 4 (ADP-FP Assay)\n\nNCGC Assay Overview:\nClk4 (Invitrogen cat # PV3839) was assayed using ATP and the RS repeat peptide (AnaSpec cat # 61722) as substrates using Transcreener (trade mark), a competitive fluorescence polarization (FP) assay [1].  For the present assay, we used the Orange TranscreenerTM ADP2 (BellBrooks Labs, Madison, Wis) detection system to monitor ADP production in the kinase reaction. In the assay, an ADP tracer exhibiting orange fluorescence is bound to an ADP antibody which can be displaced by the ADP product of the kinase reaction.  This allows the ADP tracer to freely rotate leading to a decrease in the observed FP value. The amount of ADP produced can then be calculated using a calibration curve. The positive control for the assay was TG003 (Sigma-Aldrich, cat # 300801-52-9) which is a Clk4 inhibitor [2].\n\nNCGC Assay Protocol Summary:\nTwo uL/well of substrate-buffer solution (100 uM RS peptide, 1 uM ATP, 25 mM Tris pH7.5, 10 mM MgCl2, 0.5 mM EGTA, 2.5 mM DTT, 0.01% Triton X-100 final concentration) was dispensed into 1,536-well assay plates (Greiner, solid black medium-binding plates) with Aurora Discovery BioRAPTR Flying Reagent Dispenser (FRD; Beckton-Dickenson). Using a Kalypsys pin tool equipped with a 1,536-pin tool, 23 nL of compound solution was transferred to the assay plate. Two uL/well Clk4-buffer solution (6.25 nM Clk4, 25 mM Tris pH 7.5, 10 mM MgCl2, 0.5 mM EGTA, 2.5 mM DTT, 0.01% Triton X-100, final concentration) was then added using the FRD yielding a total kinase reaction volume of 4 uL/ well. Then 4 uL/well of detection mixture (4 nM orange fluorescent tracer, 1 ug/mL ADP antibody, final concentration) was then added after an hour and the polarization signal was measured using the EnVision plate reader (PerkinElmer, Waltham, MA) after 30 min of room temperature incubation using the following filters and program settings: BODIPY TMR FP dual Enh mirror (barcode 682);  BODIPY-TMR 531 (barcode 105) excitation; BODIPY-TMR FP P/S polarized 595 nm filters (barcodes 210 and 211, respectively); 100% light; 150 flashes; 1.35 G-factor; Detector gains were 685 for the 1st detector; 630 for the 2nd detector.","notes":{},"schemaURI":"http://www.bioassayontology.org/bas#","annotations":[{"propURI":"http://www.bioassayontology.org/bao#BAO_0003107","propLabel":"GO terms","propAbbrev":"bao:BAO_0003107","valueURI":"http://purl.obolibrary.org/obo/GO_0004674","valueLabel":"protein serine/threonine kinase activity","valueAbbrev":"obo:GO_0004674","valueDescr":"Catalysis of the reactions: ATP + protein serine = ADP + protein serine phosphate, and ATP + protein threonine = ADP + protein threonine phosphate.","groupNest":[],"groupLabel":[],"valueHier":["http://purl.obolibrary.org/obo/GO_0004672","http://purl.obolibrary.org/obo/GO_0016301","http://purl.obolibrary.org/obo/GO_0003674","http://www.bioassayontology.org/bao#BAO_0003117","http://www.bioassayontology.org/bao#BAO_0003114"],"labelHier":["protein kinase activity","kinase activity","molecular function","function","assay biology component"]},{"propURI":"http://www.bioassayontology.org/bao#BAO_0003107","propLabel":"GO terms","propAbbrev":"bao:BAO_0003107","valueURI":"http://purl.obolibrary.org/obo/GO_0004712","valueLabel":"protein serine/threonine/tyrosine kinase activity","valueAbbrev":"obo:GO_0004712","valueDescr":"Catalysis of the reactions: ATP + a protein serine = ADP + protein serine phosphate; ATP + a protein threonine = ADP + protein threonine phosphate; and ATP + a protein tyrosine = ADP + protein tyrosine phosphate.","groupNest":[],"groupLabel":[],"valueHier":["http://purl.obolibrary.org/obo/GO_0004672","http://purl.obolibrary.org/obo/GO_0016301","http://purl.obolibrary.org/obo/GO_0003674","http://www.bioassayontology.org/bao#BAO_0003117","http://www.bioassayontology.org/bao#BAO_0003114"],"labelHier":["protein kinase activity","kinase activity","molecular function","function","assay biology component"]},{"propURI":"http://www.bioassayontology.org/bao#BAO_0003107","propLabel":"GO terms","propAbbrev":"bao:BAO_0003107","valueURI":"http://purl.obolibrary.org/obo/GO_0004713","valueLabel":"protein tyrosine kinase activity","valueAbbrev":"obo:GO_0004713","valueDescr":"Catalysis of the reaction: ATP + a protein tyrosine = ADP + protein tyrosine phosphate.","groupNest":[],"groupLabel":[],"valueHier":["http://purl.obolibrary.org/obo/GO_0004672","http://purl.obolibrary.org/obo/GO_0016301","http://purl.obolibrary.org/obo/GO_0003674","http://www.bioassayontology.org/bao#BAO_0003117","http://www.bioassayontology.org/bao#BAO_0003114"],"labelHier":["protein kinase activity","kinase activity","molecular function","function","assay biology component"]},{"propURI":"http://www.bioassayontology.org/bao#BAO_0003107","propLabel":"GO terms","propAbbrev":"bao:BAO_0003107","valueURI":"http://purl.obolibrary.org/obo/GO_0005515","valueLabel":"protein binding","valueAbbrev":"obo:GO_0005515","valueDescr":"Interacting selectively and non-covalently with any protein or protein complex (a complex of two or more proteins that may include other nonprotein molecules).","groupNest":[],"groupLabel":[],"valueHier":["http://purl.obolibrary.org/obo/GO_0005488","http://purl.obolibrary.org/obo/GO_0003674","http://www.bioassayontology.org/bao#BAO_0003117","http://www.bioassayontology.org/bao#BAO_0003114"],"labelHier":["binding","molecular function","function","assay biology component"]},{"propURI":"http://www.bioassayontology.org/bao#BAO_0003107","propLabel":"GO terms","propAbbrev":"bao:BAO_0003107","valueURI":"http://purl.obolibrary.org/obo/GO_0005524","valueLabel":"ATP binding","valueAbbrev":"obo:GO_0005524","valueDescr":"Interacting selectively and non-covalently with ATP, adenosine 5'-triphosphate, a universally important coenzyme and enzyme regulator.","groupNest":[],"groupLabel":[],"valueHier":["http://purl.obolibrary.org/obo/GO_0035639","http://purl.obolibrary.org/obo/GO_1901265","http://purl.obolibrary.org/obo/GO_0097159","http://purl.obolibrary.org/obo/GO_0005488","http://purl.obolibrary.org/obo/GO_0003674","http://www.bioassayontology.org/bao#BAO_0003117","http://www.bioassayontology.org/bao#BAO_0003114"],"labelHier":["purine ribonucleoside triphosphate binding","nucleoside phosphate binding","organic cyclic compound binding","binding","molecular function","function","assay biology component"]},{"propURI":"http://www.bioassayontology.org/bao#BAO_0003107","propLabel":"GO terms","propAbbrev":"bao:BAO_0003107","valueURI":"http://purl.obolibrary.org/obo/GO_0005634","valueLabel":"nucleus","valueAbbrev":"obo:GO_0005634","valueDescr":"A membrane-bounded organelle of eukaryotic cells in which chromosomes are housed and replicated. In most cells, the nucleus contains all of the cell's chromosomes except the organellar chromosomes, and is the site of RNA synthesis and processing. In some species, or in specialized cell types, RNA metabolism or DNA replication may be absent.","groupNest":[],"groupLabel":[],"valueHier":["http://purl.obolibrary.org/obo/GO_0005575","http://www.bioassayontology.org/bao#BAO_0003114"],"labelHier":["cellular component","assay biology component"]},{"propURI":"http://www.bioassayontology.org/bao#BAO_0003107","propLabel":"GO terms","propAbbrev":"bao:BAO_0003107","valueURI":"http://purl.obolibrary.org/obo/GO_0018108","valueLabel":"peptidyl-tyrosine phosphorylation","valueAbbrev":"obo:GO_0018108","valueDescr":"The phosphorylation of peptidyl-tyrosine to form peptidyl-O4'-phospho-L-tyrosine.","groupNest":[],"groupLabel":[],"valueHier":["http://purl.obolibrary.org/obo/GO_0018212","http://purl.obolibrary.org/obo/GO_0018193","http://purl.obolibrary.org/obo/GO_0006464","http://purl.obolibrary.org/obo/GO_0044267","http://purl.obolibrary.org/obo/GO_0044260","http://purl.obolibrary.org/obo/GO_0044237","http://purl.obolibrary.org/obo/GO_0009987","http://purl.obolibrary.org/obo/GO_0008150","http://www.bioassayontology.org/bao#BAO_0003114"],"labelHier":["peptidyl-tyrosine modification","peptidyl-amino acid modification","cellular protein modification process","cellular protein metabolic process","cellular macromolecule metabolic process","cellular metabolic process","cellular process","biological process","assay biology component"]},{"propURI":"http://www.bioassayontology.org/bao#BAO_0003107","propLabel":"GO terms","propAbbrev":"bao:BAO_0003107","valueURI":"http://purl.obolibrary.org/obo/GO_0043484","valueLabel":"regulation of RNA splicing","valueAbbrev":"obo:GO_0043484","valueDescr":"Any process that modulates the frequency, rate or extent of RNA splicing, the process of removing sections of the primary RNA transcript to remove sequences not present in the mature form of the RNA and joining the remaining sections to form the mature form of the RNA.","groupNest":[],"groupLabel":[],"valueHier":["http://purl.obolibrary.org/obo/GO_0008150","http://www.bioassayontology.org/bao#BAO_0003114"],"labelHier":["biological process","assay biology component"]},{"propURI":"http://www.bioassayontology.org/bao#BAO_0003107","propLabel":"GO terms","propAbbrev":"bao:BAO_0003107","valueURI":"http://purl.obolibrary.org/obo/GO_0046777","valueLabel":"protein autophosphorylation","valueAbbrev":"obo:GO_0046777","valueDescr":"The phosphorylation by a protein of one or more of its own amino acid residues (cis-autophosphorylation), or residues on an identical protein (trans-autophosphorylation).","groupNest":[],"groupLabel":[],"valueHier":["http://purl.obolibrary.org/obo/GO_0006468","http://purl.obolibrary.org/obo/GO_0008150","http://www.bioassayontology.org/bao#BAO_0003114"],"labelHier":["protein phosphorylation","biological process","assay biology component"]},{"propURI":"http://www.bioassayontology.org/bao#BAO_0000205","propLabel":"assay format","propAbbrev":"bao:BAO_0000205","valueURI":"http://www.bioassayontology.org/bao#BAO_0000217","valueLabel":"biochemical format","valueAbbrev":"bao:BAO_0000217","valueDescr":"It is an in vitro format used to measure the activity of a biological macromolecule, either a purified protein or a nucleic acid. It is most often a homogeneous assay type, but can be heterogeneous if a solid phase such as beads is used to immobilize the macromolecule.","groupNest":[],"groupLabel":[],"valueHier":["http://www.bioassayontology.org/bao#BAO_0000019"],"labelHier":["assay format"]},{"propURI":"http://www.bioassayontology.org/bao#BAO_0000205","propLabel":"assay format","propAbbrev":"bao:BAO_0000205","valueURI":"http://www.bioassayontology.org/bao#BAO_0000224","valueLabel":"protein format","valueAbbrev":"bao:BAO_0000224","valueDescr":"In this format, the perturbagen targets a protein to regulate its function.  ","groupNest":[],"groupLabel":[],"valueHier":["http://www.bioassayontology.org/bao#BAO_0000217","http://www.bioassayontology.org/bao#BAO_0000019"],"labelHier":["biochemical format","assay format"]},{"propURI":"http://www.bioassayontology.org/bao#BAO_0002855","propLabel":"bioassay","propAbbrev":"bao:BAO_0002855","valueURI":"http://www.bioassayontology.org/bao#BAO_0002005","valueLabel":"kinase activity assay","valueAbbrev":"bao:BAO_0002005","valueDescr":"","groupNest":[],"groupLabel":[],"valueHier":["http://www.bioassayontology.org/bao#BAO_0002795","http://www.bioassayontology.org/bao#BAO_0002994","http://www.bioassayontology.org/bao#BAO_0000015"],"labelHier":["transferase activity assay","enzyme activity assay","bioassay"]},{"propURI":"http://www.bioassayontology.org/bao#BAO_0095009","propLabel":"assay design method","propAbbrev":"bao:BAO_0095009","valueURI":"http://www.bioassayontology.org/bao#BAO_0000124","valueLabel":"enzyme activity measurement method","valueAbbrev":"bao:BAO_0000124","valueDescr":"It describes the different methods by which an enzyme activity can be measured and the ways it is expressed. This can be measured either directly or coupled to a secondary signal.","groupNest":[],"groupLabel":[],"valueHier":["http://www.bioassayontology.org/bao#BAO_0002202"],"labelHier":["assay design method"]},{"propURI":"http://www.bioassayontology.org/bao#BAO_0002867","propLabel":"assay footprint","propAbbrev":"bao:BAO_0002867","valueURI":"http://www.bioassayontology.org/bao#BAO_0000516","valueLabel":"1536 well plate","valueAbbrev":"bao:BAO_0000516","valueDescr":"This microplate contains 1536 wells. It is highly miniaturized to accommodate more wells on one plate which reduces the plate handling time and allows working with very small volumes (few microliters) that reduces the cost of an assay.","groupNest":[],"groupLabel":[],"valueHier":["http://www.bioassayontology.org/bao#BAO_0000508","http://www.bioassayontology.org/bao#BAO_0000512"],"labelHier":["microplate","assay footprint"]},{"propURI":"http://www.bioassayontology.org/bao#BAO_0002921","propLabel":"organism","propAbbrev":"bao:BAO_0002921","valueURI":"http://purl.obolibrary.org/obo/NCBITaxon_9606","valueLabel":"Homo sapiens","valueAbbrev":"obo:NCBITaxon_9606","valueDescr":"","groupNest":[],"groupLabel":[],"altLabels":["man","human"],"valueHier":["http://www.bioassayontology.org/bao#BAO_0000362","http://www.bioassayontology.org/bao#BAO_0000510","http://www.bioassayontology.org/bao#BAO_0000659","http://www.bioassayontology.org/bao#BAO_0000509","http://www.bioassayontology.org/bao#BAO_0000658","http://www.bioassayontology.org/bao#BAO_0000551"],"labelHier":["mammalian","vertebrate","metazoa","eukaryote","cellular organisms","organism"]},{"propURI":"http://www.bioassayontology.org/bao#BAO_0000208","propLabel":"result","propAbbrev":"bao:BAO_0000208","valueURI":"http://www.bioassayontology.org/bao#BAO_0000656","valueLabel":"efficacy","valueAbbrev":"bao:BAO_0000656","valueDescr":"The maximum response that can be achieved with the perturbagen as percentage of the positive control.","groupNest":[],"groupLabel":[],"altLabels":["Efficacy"],"valueHier":["http://www.bioassayontology.org/bao#BAO_0000082","http://www.bioassayontology.org/bao#BAO_0000181","http://www.bioassayontology.org/bao#BAO_0000179"],"labelHier":["percent response","response endpoint","endpoint"]},{"propURI":"http://www.bioassayontology.org/bao#BAO_0002874","propLabel":"units","propAbbrev":"bao:BAO_0002874","valueURI":"http://purl.obolibrary.org/obo/UO_0000064","valueLabel":"micromolar","valueAbbrev":"obo:UO_0000064","valueDescr":"A unit of molarity which is equal to one millionth of a molar or 10^[-6] M.","groupNest":["http://www.bioassayontology.org/bao#BAX_0000017"],"groupLabel":["measurement"],"valueHier":["http://purl.obolibrary.org/obo/UO_0000061","http://purl.obolibrary.org/obo/UO_0000051","http://purl.obolibrary.org/obo/UO_0000000"],"labelHier":["unit of molarity","concentration unit","unit"]},{"propURI":"http://www.bioassayontology.org/bao#BAO_0000196","propLabel":"assay mode of action","propAbbrev":"bao:BAO_0000196","valueURI":"http://www.bioassayontology.org/bao#BAO_0000091","valueLabel":"inhibition","valueAbbrev":"bao:BAO_0000091","valueDescr":"Reduction of a predefined stimulus. Unit of Measure is always % when normalized to the dynamic range of the assay.","groupNest":[],"groupLabel":[],"valueHier":["http://www.bioassayontology.org/bao#BAO_0000084","http://www.bioassayontology.org/bao#BAO_0000074"],"labelHier":["ligand function mode of action","mode of action"]},{"propURI":"http://www.bioassayontology.org/bao#BAX_0000011","propLabel":"gene identity","propAbbrev":"bao:BAX_0000011","valueURI":"http://www.bioassayontology.org/geneid#57396","valueLabel":"CLK4: CDC like kinase 4","valueAbbrev":"geneid:57396","valueDescr":"","groupNest":[],"groupLabel":[],"valueHier":["http://www.bioassayontology.org/geneid#Homo_sapiens","http://www.bioassayontology.org/geneid#Mammalia","http://www.bioassayontology.org/geneid#Root"],"labelHier":["Homo sapiens","Mammalia","Faux GeneID"]},{"propURI":"http://www.bioassayontology.org/bao#BAX_0000012","propLabel":"protein identity","propAbbrev":"bao:BAX_0000012","valueURI":"http://www.bioassayontology.org/protein#10190706","valueLabel":"dual specificity protein kinase CLK4 [Homo sapiens]","valueAbbrev":"protein:10190706","valueDescr":"Protein: dual specificity protein kinase CLK4 [Homo sapiens], Organism: Homo sapiens","groupNest":[],"groupLabel":[],"valueHier":["http://www.bioassayontology.org/taxon#9606","http://www.bioassayontology.org/taxon#9605","http://www.bioassayontology.org/taxon#314295","http://www.bioassayontology.org/taxon#9526","http://www.bioassayontology.org/taxon#9443","http://www.bioassayontology.org/taxon#314146","http://www.bioassayontology.org/taxon#40674","http://www.bioassayontology.org/taxon#32524","http://www.bioassayontology.org/taxon#8287","http://www.bioassayontology.org/taxon#117570","http://www.bioassayontology.org/taxon#7711","http://www.bioassayontology.org/taxon#33511","http://www.bioassayontology.org/taxon#33213","http://www.bioassayontology.org/taxon#33208","http://www.bioassayontology.org/taxon#33154","http://www.bioassayontology.org/taxon#2759","http://www.bioassayontology.org/taxon#131567","http://www.bioassayontology.org/taxon#Root"],"labelHier":["Homo sapiens","Homo","Hominoidea / Hominidae / Homininae","Catarrhini","Primates / Haplorrhini / Simiiformes","Euarchontoglires","Mammalia / Theria / Eutheria / Boreoeutheria","Amniota","Sarcopterygii / Dipnotetrapodomorpha / Tetrapoda","Teleostomi / Euteleostomi","Chordata / Craniata / Vertebrata / Gnathostomata","Deuterostomia","Bilateria","Metazoa / Eumetazoa","Opisthokonta","Eukaryota","cellular organisms","Faux ProteinID"]},{"propURI":"http://www.bioassayontology.org/bao#BAO_0000211","propLabel":"target","propAbbrev":"bao:BAO_0000211","valueURI":"http://www.drugtargetontology.org/dto/DTO_03200089","valueLabel":"CLK4","valueAbbrev":"dto:DTO_03200089","valueDescr":"","groupNest":[],"groupLabel":[],"valueHier":["http://www.drugtargetontology.org/dto/DTO_03400140","http://www.drugtargetontology.org/dto/DTO_03400111","http://www.drugtargetontology.org/dto/DTO_03400102","http://www.drugtargetontology.org/dto/DTO_03400101","http://www.drugtargetontology.org/dto/DTO_00200000"],"labelHier":["CLK family","CMGC group","Protein kinase","Kinase","Gene"]},{"propURI":"http://www.bioassayontology.org/bao#BAO_0000211","propLabel":"target","propAbbrev":"bao:BAO_0000211","valueURI":"http://www.drugtargetontology.org/dto/DTO_03100089","valueLabel":"Dual specificity protein kinase clk4","valueAbbrev":"dto:DTO_03100089","valueDescr":"","groupNest":[],"groupLabel":[],"valueHier":["http://www.drugtargetontology.org/dto/DTO_03300140","http://www.drugtargetontology.org/dto/DTO_03300111","http://www.drugtargetontology.org/dto/DTO_03300102","http://www.drugtargetontology.org/dto/DTO_03300101","http://www.drugtargetontology.org/dto/DTO_00100000"],"labelHier":["CLK family","CMGC group","Protein kinase","Kinase","Protein"]},{"propURI":"http://www.bioassayontology.org/bao#BAO_0000185","propLabel":"perturbagen type","propAbbrev":"bao:BAO_0000185","valueURI":"http://www.bioassayontology.org/bao#BAO_0000733","valueLabel":"MLSMR library","valueAbbrev":"bao:BAO_0000733","valueDescr":"","groupNest":[],"groupLabel":[],"valueHier":["http://www.bioassayontology.org/bao#BAO_0000648","http://www.bioassayontology.org/bao#BAO_0000661","http://www.bioassayontology.org/bao#BAO_0003120"],"labelHier":["compound library","perturbagen library","assay screened entity component"]},{"propURI":"http://www.bioassayontology.org/bao#BAO_0002800","propLabel":"assay cell line","propAbbrev":"bao:BAO_0002800","valueURI":"http://www.bioassayontology.org/bat#NotApplicable","valueLabel":"not applicable","valueAbbrev":"bat:NotApplicable","valueDescr":"This property does not apply to this assay.","groupNest":[],"groupLabel":[],"valueHier":["http://www.bioassayontology.org/bat#Absence"],"labelHier":["absence"]},{"propURI":"http://www.bioassayontology.org/bao#BAO_0002009","propLabel":"biological process","propAbbrev":"bao:BAO_0002009","valueURI":"http://purl.obolibrary.org/obo/GO_0100002","valueLabel":"negative regulation of protein kinase activity by protein phosphorylation","valueAbbrev":"obo:GO_0100002","valueDescr":"Any protein phosphorylation process that negatively_regulates protein kinase activity","groupNest":[],"groupLabel":[],"valueHier":["http://purl.obolibrary.org/obo/GO_0006468","http://purl.obolibrary.org/obo/GO_0008150","http://www.bioassayontology.org/bao#BAO_0003114"],"labelHier":["protein phosphorylation","biological process","assay biology component"]},{"propURI":"http://www.bioassayontology.org/bao#BAO_0002009","propLabel":"biological process","propAbbrev":"bao:BAO_0002009","valueURI":"http://purl.obolibrary.org/obo/GO_0050790","valueLabel":"regulation of catalytic activity","valueAbbrev":"obo:GO_0050790","valueDescr":"Any process that modulates the activity of an enzyme.","groupNest":[],"groupLabel":[],"valueHier":["http://purl.obolibrary.org/obo/GO_0019222","http://purl.obolibrary.org/obo/GO_0050789","http://purl.obolibrary.org/obo/GO_0065007","http://purl.obolibrary.org/obo/GO_0008150","http://www.bioassayontology.org/bao#BAO_0003114"],"labelHier":["regulation of metabolic process","regulation of biological process","biological regulation","biological process","assay biology component"]},{"propURI":"http://www.bioassayontology.org/bao#BAO_0095009","propLabel":"assay design method","propAbbrev":"bao:BAO_0095009","valueURI":"http://www.bioassayontology.org/bao#BAO_0002791","valueLabel":"ADP coupled enzyme activity measurement method","valueAbbrev":"bao:BAO_0002791","valueDescr":"","groupNest":[],"groupLabel":[],"valueHier":["http://www.bioassayontology.org/bao#BAO_0002593","http://www.bioassayontology.org/bao#BAO_0000142","http://www.bioassayontology.org/bao#BAO_0000124","http://www.bioassayontology.org/bao#BAO_0002202"],"labelHier":["substrate coupled enzyme activity measurement method","coupled enzyme activity measurement method","enzyme activity measurement method","assay design method"]},{"propURI":"http://www.bioassayontology.org/bao#BAO_0000210","propLabel":"screening campaign stage","propAbbrev":"bao:BAO_0000210","valueURI":"http://www.bioassayontology.org/bao#BAO_0001097","valueLabel":"alternate assay type","valueAbbrev":"bao:BAO_0001097","valueDescr":"This assay is a different bioassay type when compared to the primary or confirmatory assays, for e.g., a functional confirmatory assay (Ca-flux FLIPR), where the primary assay could be a binding assay.","groupNest":[],"groupLabel":[],"valueHier":["http://www.bioassayontology.org/bao#BAO_0000806","http://www.bioassayontology.org/bao#BAO_0000032","http://www.bioassayontology.org/bao#BAO_0000029"],"labelHier":["alternate confirmatory assay","secondary assay","assay screening campaign stage"]},{"propURI":"http://www.bioassayontology.org/bao#BAO_0002865","propLabel":"detection instrument","propAbbrev":"bao:BAO_0002865","valueURI":"http://www.bioassayontology.org/bao#BAO_0000701","valueLabel":"EnVision Multilabel Reader","valueAbbrev":"bao:BAO_0000701","valueDescr":"","groupNest":[],"groupLabel":[],"valueHier":["http://www.bioassayontology.org/bao#BAO_0000697"],"labelHier":["detection instrument"]},{"propURI":"http://www.bioassayontology.org/bao#BAO_0000207","propLabel":"physical detection method","propAbbrev":"bao:BAO_0000207","valueURI":"http://www.bioassayontology.org/bao#BAO_0000003","valueLabel":"fluorescence polarization","valueAbbrev":"bao:BAO_0000003","valueDescr":"Fluorescence polarization (FP) measurements are based on the assessment of the rotational motions of species. It is used to measure binding interactions. When linear polarized light is used to excite fluorophores, only those aligned with the plane of polarization will be excited. For fluorophores attached to small, rapidly rotating molecules, the initially photoselected orientational distribution becomes randomized prior to emission, resulting in low fluorescence polarization. But binding of the low molecular weight tracer to a large, slowly rotating molecule results in high fluorescence polarization.","groupNest":[],"groupLabel":[],"altLabels":["FP"],"valueHier":["http://www.bioassayontology.org/bao#BAO_0000046","http://www.bioassayontology.org/bao#BAO_0000035"],"labelHier":["fluorescence method","physical detection method"]},{"propURI":"http://www.bioassayontology.org/bao#BAO_0002854","propLabel":"bioassay type","propAbbrev":"bao:BAO_0002854","valueURI":"http://www.bioassayontology.org/bao#BAO_0000010","valueLabel":"functional","valueAbbrev":"bao:BAO_0000010","valueDescr":"An assay where the measured signal corresponds to a complex response such as cell survival, proliferation, localization of a protein, nuclear translocation etc. The molecular target is not assumed.","groupNest":[],"groupLabel":[],"valueHier":["http://www.bioassayontology.org/bao#BAO_0000008"],"labelHier":["bioassay type"]},{"propURI":"http://www.bioassayontology.org/bao#BAO_0002663","propLabel":"assay kit","propAbbrev":"bao:BAO_0002663","valueURI":"http://www.bioassayontology.org/bao#BAO_0140024","valueLabel":"TRANSCREENER ADP2 FP Kinase Assay (BellBrook Labs)","valueAbbrev":"bao:BAO_0140024","valueDescr":"A fluorescence polarization (FP) assay that uses an antibody against ADP and a tracer to measure the progress of any enzyme that produces ADP","groupNest":[],"groupLabel":[],"valueHier":["http://www.bioassayontology.org/bao#BAO_0000248"],"labelHier":["assay kit"]},{"propURI":"http://www.bioassayontology.org/bao#BAO_0000210","propLabel":"screening campaign stage","propAbbrev":"bao:BAO_0000210","valueURI":"http://www.bioassayontology.org/bao#BAO_0000030","valueLabel":"confirmatory assay","valueAbbrev":"bao:BAO_0000030","valueDescr":"Assay performed to confirm activity of compounds identified in the primary screen.  It can be performed as replicate measurements at a single screening concentration or as concentration-response assay.","groupNest":[],"groupLabel":[],"valueHier":["http://www.bioassayontology.org/bao#BAO_0000029"],"labelHier":["assay screening campaign stage"]},{"propURI":"http://www.bioassayontology.org/bao#BAO_0000208","propLabel":"result","propAbbrev":"bao:BAO_0000208","valueURI":"http://www.bioassayontology.org/bao#BAO_0000186","valueLabel":"AC50","valueAbbrev":"bao:BAO_0000186","valueDescr":"The effective concentration of a perturbagen, which produces 50% of the maximal possible response, which could mean either activation (EC50) or inhibition (IC50) for that perturbagen.","groupNest":[],"groupLabel":[],"altLabels":["Potency"],"valueHier":["http://www.bioassayontology.org/bao#BAO_0002162","http://www.bioassayontology.org/bao#BAO_0000180","http://www.bioassayontology.org/bao#BAO_0000179"],"labelHier":["concentration response endpoint","concentration endpoint","endpoint"]},{"propURI":"http://www.bioassayontology.org/bao#BAX_0000016","propLabel":"operator","propAbbrev":"bao:BAX_0000016","valueURI":"http://purl.obolibrary.org/obo/GENEPIO_0001002","valueLabel":"less than (<)","valueAbbrev":"obo:GENEPIO_0001002","valueDescr":"","groupNest":["http://www.bioassayontology.org/bao#BAX_0000017"],"groupLabel":["measurement"],"valueHier":["http://purl.obolibrary.org/obo/GENEPIO_0001001"],"labelHier":["threshold comparisons"]},{"propURI":"http://www.bioassayontology.org/bao#BAO_0002852","propLabel":"assay sources","propAbbrev":"bao:BAO_0002852","valueURI":"http://www.bioassayexpress.org/sources#SRC_0000015","valueLabel":"NCATS Chemical Genomics Center (NCGC)","valueAbbrev":"src:SRC_0000015","valueDescr":"The NCATS Chemical Genomics Center (NCGC), formerly known as the NIH Chemical Genomics Center, was created in 2008 as a comprehensive screening center in the Molecular Libraries Probe Production Centers Network, part of the NIH Common Fund's Molecular Libraries Program. The NCGC's goal is to uncover new small molecule therapeutics and advance the process of therapeutic development through a model of collaborative research.","groupNest":[],"groupLabel":[],"externalURLs":["https://ncats.nih.gov/ncgc"],"valueHier":["http://www.bioassayexpress.org/sources#pubchem_sources","http://www.bioassayontology.org/bao#BAO_0002934"],"labelHier":["PubChem Sources","organization"]},{"propURI":"http://www.bioassayontology.org/bao#BAX_0000015","valueLabel":"Potency","propAbbrev":"bao:BAX_0000015","groupNest":["http://www.bioassayontology.org/bao#BAX_0000017"],"propLabel":"field","groupLabel":["measurement"]},{"propURI":"http://www.bioassayontology.org/bao#BAO_0002916","valueLabel":"15.0","propAbbrev":"bao:BAO_0002916","groupNest":["http://www.bioassayontology.org/bao#BAX_0000017"],"propLabel":"threshold","groupLabel":["measurement"]},{"propURI":"http://www.bioassayontology.org/bao#BAO_0000539","valueLabel":"pubchemAID:1770","propAbbrev":"bao:BAO_0000539","groupNest":[],"propLabel":"related assays","groupLabel":[]},{"propURI":"http://www.bioassayontology.org/bao#BAO_0000539","valueLabel":"pubchemAID:1771","propAbbrev":"bao:BAO_0000539","groupNest":[],"propLabel":"related assays","groupLabel":[]},{"propURI":"http://www.bioassayontology.org/bao#BAO_0002853","valueLabel":"qHTS Assay for Inhibitors of CDC-like Kinase 4 (ADP-FP Assay)","propAbbrev":"bao:BAO_0002853","groupNest":[],"propLabel":"assay title","groupLabel":[]}],"pubchemXRef":[{"type":"aid","id":"1770","comment":""},{"type":"aid","id":"1771","comment":""},{"type":"dburl","id":"http://www.ncgc.nih.gov","comment":""},{"type":"gene","id":"57396","comment":"CLK4, CDC-like kinase 4, Homo sapiens"},{"type":"pmid","id":"19187009","comment":""},{"type":"pmid","id":"15010457","comment":""},{"type":"protein_gi","id":"10190706","comment":"CDC-like kinase 4 [Homo sapiens]"}],"curationTime":1492468124872,"curatorID":"admin","history":[{"curationTime":1481662375580,"curatorID":"orcid:0000-0003-2629-5583","annotsAdded":[{"propURI":"http://www.bioassayontology.org/bao#BAO_0002663","propLabel":"assay kit","propAbbrev":"bao:BAO_0002663","valueURI":"http://www.bioassayontology.org/bao#BAO_0140024","valueLabel":"TRANSCREENER ADP2 FP Kinase Assay (BellBrook Labs)","valueAbbrev":"bao:BAO_0140024","valueDescr":"A fluorescence polarization (FP) assay that uses an antibody against ADP and a tracer to measure the progress of any enzyme that produces ADP","valueHier":["http://www.bioassayontology.org/bao#BAO_0000248"],"labelHier":["assay kit"]},{"propURI":"http://www.bioassayontology.org/bao#BAX_0000006","propAbbrev":"bao:BAX_0000006","valueURI":"http://www.bioassayontology.org/bao#BAO_0000186","valueLabel":"AC50","valueAbbrev":"bao:BAO_0000186","valueDescr":"The effective concentration of a perturbagen, which produces 50% of the maximal possible response, which could mean either activation (EC50) or inhibition (IC50) for that perturbagen.","valueHier":[],"labelHier":[],"outOfSchema":true},{"propURI":"http://www.bioassayontology.org/bao#BAO_0000210","propLabel":"screening campaign stage","propAbbrev":"bao:BAO_0000210","valueURI":"http://www.bioassayontology.org/bao#BAO_0000030","valueLabel":"confirmatory assay","valueAbbrev":"bao:BAO_0000030","valueDescr":"Assay performed to confirm activity of compounds identified in the primary screen.  It can be performed as replicate measurements at a single screening concentration or as concentration-response assay.","valueHier":["http://www.bioassayontology.org/bao#BAO_0000029"],"labelHier":["assay screening campaign stage"]}],"annotsRemoved":[{"propURI":"http://www.bioassayontology.org/bao#BAX_0000006","propAbbrev":"bao:BAX_0000006","valueURI":"http://www.bioassayontology.org/bao#BAO_0000181","valueLabel":"response endpoint","valueAbbrev":"bao:BAO_0000181","valueDescr":"Reporting the extent / magnitude of the perturbation (induced by the perturbagen) such as percent inhibition. Response-type endpoints would typically be obtained from a single concentration perturbagen measurement.","valueHier":[],"labelHier":[],"outOfSchema":true},{"propURI":"http://www.bioassayontology.org/bao#BAO_0000210","propLabel":"screening campaign stage","propAbbrev":"bao:BAO_0000210","valueURI":"http://www.bioassayontology.org/bao#BAO_0000031","valueLabel":"primary assay","valueAbbrev":"bao:BAO_0000031","valueDescr":"The first assay performed in a in a screening campaign. The purpose of the primary assay is to identify hits, which are potentially biologically active chemical entities. Generally in this assay, the perturbagens are tested at a single concentration with only one measurement. It is followed by a confirmatory screen, which can be run at a single concentration with multiple replicates or as concentration-response assay.","valueHier":["http://www.bioassayontology.org/bao#BAO_0000029"],"labelHier":["assay screening campaign stage"]},{"propURI":"http://www.bioassayontology.org/bao#BAO_0002663","propLabel":"assay kit","propAbbrev":"bao:BAO_0002663","valueURI":"http://www.bioassayontology.org/bat#RequiresTerm","valueLabel":"requires term","valueAbbrev":"bat:RequiresTerm","valueDescr":"An appropriate term could not be found in the underlying ontologies: it may be necessary to create a new one.","valueHier":["http://www.bioassayontology.org/bat#Absence"],"labelHier":["absence"]}],"labelsAdded":[{"propURI":"http://www.bioassayontology.org/bao#BAO_0002663","valueLabel":"TRANSCREENER ADP2 FP Kinase Assay (BellBrook Labs)","propAbbrev":"bao:BAO_0002663","propLabel":"assay kit"},{"propURI":"http://www.bioassayontology.org/bao#BAX_0000006","valueLabel":"AC50","propAbbrev":"bao:BAX_0000006"},{"propURI":"http://www.bioassayontology.org/bao#BAO_0000210","valueLabel":"confirmatory assay","propAbbrev":"bao:BAO_0000210","propLabel":"screening campaign stage"}],"labelsRemoved":[{"propURI":"http://www.bioassayontology.org/bao#BAX_0000006","valueLabel":"response endpoint","propAbbrev":"bao:BAX_0000006"},{"propURI":"http://www.bioassayontology.org/bao#BAO_0000210","valueLabel":"primary assay","propAbbrev":"bao:BAO_0000210","propLabel":"screening campaign stage"},{"propURI":"http://www.bioassayontology.org/bao#BAO_0002663","valueLabel":"requires term","propAbbrev":"bao:BAO_0002663","propLabel":"assay kit"}],"notesModified":{}},{"curationTime":1492468124872,"curatorID":"admin","annotsAdded":[{"propURI":"http://www.bioassayontology.org/bao#BAO_0002854","propLabel":"bioassay type","propAbbrev":"bao:BAO_0002854","valueURI":"http://www.bioassayontology.org/bao#BAO_0000010","valueLabel":"functional","valueAbbrev":"bao:BAO_0000010","valueDescr":"An assay where the measured signal corresponds to a complex response such as cell survival, proliferation, localization of a protein, nuclear translocation etc. The molecular target is not assumed.","valueHier":["http://www.bioassayontology.org/bao#BAO_0000008"],"labelHier":["bioassay type"]}],"annotsRemoved":[{"propURI":"http://www.bioassayontology.org/bao#BAX_0000002","propLabel":"has bioassay type","propAbbrev":"bao:BAX_0000002","valueURI":"http://www.bioassayontology.org/bao#BAO_0000010","valueLabel":"functional","valueAbbrev":"bao:BAO_0000010","valueDescr":"An assay where the measured signal corresponds to a complex response such as cell survival, proliferation, localization of a protein, nuclear translocation etc. The molecular target is not assumed.","valueHier":[],"labelHier":[],"outOfSchema":true}],"labelsAdded":[{"propURI":"http://www.bioassayontology.org/bao#BAO_0002854","valueLabel":"functional","propAbbrev":"bao:BAO_0002854","propLabel":"bioassay type"}],"labelsRemoved":[{"propURI":"http://www.bioassayontology.org/bao#BAX_0000002","valueLabel":"functional","propAbbrev":"bao:BAX_0000002","propLabel":"has bioassay type"}],"notesModified":{}},{"curationTime":1492468124872,"curatorID":"admin","annotsAdded":[{"propURI":"http://www.bioassayontology.org/bao#BAO_0002009","propLabel":"biological process","propAbbrev":"bao:BAO_0002009","valueURI":"http://purl.obolibrary.org/obo/GO_0100002","valueLabel":"negative regulation of protein kinase activity by protein phosphorylation","valueAbbrev":"obo:GO_0100002","valueDescr":"Any protein phosphorylation process that negatively_regulates protein kinase activity","valueHier":["http://purl.obolibrary.org/obo/GO_0006468","http://purl.obolibrary.org/obo/GO_0008150","http://www.bioassayontology.org/bao#BAO_0003114"],"labelHier":["protein phosphorylation","biological process","assay biology component"]},{"propURI":"http://www.bioassayontology.org/bao#BAO_0002009","propLabel":"biological process","propAbbrev":"bao:BAO_0002009","valueURI":"http://purl.obolibrary.org/obo/GO_0050790","valueLabel":"regulation of catalytic activity","valueAbbrev":"obo:GO_0050790","valueDescr":"Any process that modulates the activity of an enzyme.","valueHier":["http://purl.obolibrary.org/obo/GO_0019222","http://purl.obolibrary.org/obo/GO_0050789","http://purl.obolibrary.org/obo/GO_0065007","http://purl.obolibrary.org/obo/GO_0008150","http://www.bioassayontology.org/bao#BAO_0003114"],"labelHier":["regulation of metabolic process","regulation of biological process","biological regulation","biological process","assay biology component"]}],"annotsRemoved":[{"propURI":"http://www.bioassayontology.org/bao#BAX_0000004","propAbbrev":"bao:BAX_0000004","valueURI":"http://purl.obolibrary.org/obo/GO_0050790","valueLabel":"regulation of catalytic activity","valueAbbrev":"obo:GO_0050790","valueDescr":"Any process that modulates the activity of an enzyme.","valueHier":[],"labelHier":[],"outOfSchema":true},{"propURI":"http://www.bioassayontology.org/bao#BAX_0000004","propAbbrev":"bao:BAX_0000004","valueURI":"http://purl.obolibrary.org/obo/GO_0100002","valueLabel":"negative regulation of protein kinase activity by protein phosphorylation","valueAbbrev":"obo:GO_0100002","valueDescr":"Any protein phosphorylation process that negatively_regulates protein kinase activity","valueHier":[],"labelHier":[],"outOfSchema":true}],"labelsAdded":[{"propURI":"http://www.bioassayontology.org/bao#BAO_0002009","valueLabel":"negative regulation of protein kinase activity by protein phosphorylation","propAbbrev":"bao:BAO_0002009","propLabel":"biological process"},{"propURI":"http://www.bioassayontology.org/bao#BAO_0002009","valueLabel":"regulation of catalytic activity","propAbbrev":"bao:BAO_0002009","propLabel":"biological process"}],"labelsRemoved":[{"propURI":"http://www.bioassayontology.org/bao#BAX_0000004","valueLabel":"regulation of catalytic activity","propAbbrev":"bao:BAX_0000004"},{"propURI":"http://www.bioassayontology.org/bao#BAX_0000004","valueLabel":"negative regulation of protein kinase activity by protein phosphorylation","propAbbrev":"bao:BAX_0000004"}],"notesModified":{}},{"curationTime":1492468124872,"curatorID":"admin","annotsAdded":[{"propURI":"http://www.bioassayontology.org/bao#BAO_0000208","propLabel":"result","propAbbrev":"bao:BAO_0000208","valueURI":"http://www.bioassayontology.org/bao#BAO_0000186","valueLabel":"AC50","valueAbbrev":"bao:BAO_0000186","valueDescr":"The effective concentration of a perturbagen, which produces 50% of the maximal possible response, which could mean either activation (EC50) or inhibition (IC50) for that perturbagen.","altLabels":["Potency"],"valueHier":["http://www.bioassayontology.org/bao#BAO_0002162","http://www.bioassayontology.org/bao#BAO_0000180","http://www.bioassayontology.org/bao#BAO_0000179"],"labelHier":["concentration response endpoint","concentration endpoint","endpoint"]},{"propURI":"http://www.bioassayontology.org/bao#BAO_0000208","propLabel":"result","propAbbrev":"bao:BAO_0000208","valueURI":"http://www.bioassayontology.org/bao#BAO_0000656","valueLabel":"efficacy","valueAbbrev":"bao:BAO_0000656","valueDescr":"The maximum response that can be achieved with the perturbagen as percentage of the positive control.","altLabels":["Efficacy"],"valueHier":["http://www.bioassayontology.org/bao#BAO_0000082","http://www.bioassayontology.org/bao#BAO_0000181","http://www.bioassayontology.org/bao#BAO_0000179"],"labelHier":["percent response","response endpoint","endpoint"]}],"annotsRemoved":[{"propURI":"http://www.bioassayontology.org/bao#BAX_0000006","propAbbrev":"bao:BAX_0000006","valueURI":"http://www.bioassayontology.org/bao#BAO_0000656","valueLabel":"efficacy","valueAbbrev":"bao:BAO_0000656","valueDescr":"The maximum response that can be achieved with the perturbagen as percentage of the positive control.","valueHier":[],"labelHier":[],"outOfSchema":true},{"propURI":"http://www.bioassayontology.org/bao#BAX_0000006","propAbbrev":"bao:BAX_0000006","valueURI":"http://www.bioassayontology.org/bao#BAO_0000186","valueLabel":"AC50","valueAbbrev":"bao:BAO_0000186","valueDescr":"The effective concentration of a perturbagen, which produces 50% of the maximal possible response, which could mean either activation (EC50) or inhibition (IC50) for that perturbagen.","valueHier":[],"labelHier":[],"outOfSchema":true}],"labelsAdded":[{"propURI":"http://www.bioassayontology.org/bao#BAO_0000208","valueLabel":"AC50","propAbbrev":"bao:BAO_0000208","propLabel":"result"},{"propURI":"http://www.bioassayontology.org/bao#BAO_0000208","valueLabel":"efficacy","propAbbrev":"bao:BAO_0000208","propLabel":"result"}],"labelsRemoved":[{"propURI":"http://www.bioassayontology.org/bao#BAX_0000006","valueLabel":"efficacy","propAbbrev":"bao:BAX_0000006"},{"propURI":"http://www.bioassayontology.org/bao#BAX_0000006","valueLabel":"AC50","propAbbrev":"bao:BAX_0000006"}],"notesModified":{}},{"curationTime":1492468124872,"curatorID":"admin","annotsAdded":[{"propURI":"http://www.bioassayontology.org/bao#BAO_0002874","propLabel":"units","propAbbrev":"bao:BAO_0002874","valueURI":"http://purl.org/obo/owl/UO#UO_0000064","valueAbbrev":"uo:UO_0000064","valueHier":[],"labelHier":[],"outOfSchema":true}],"annotsRemoved":[{"propURI":"http://www.bioassayontology.org/bao#BAX_0000007","propAbbrev":"bao:BAX_0000007","valueURI":"http://purl.org/obo/owl/UO#UO_0000064","valueAbbrev":"uo:UO_0000064","valueHier":[],"labelHier":[],"outOfSchema":true}],"labelsAdded":[{"propURI":"http://www.bioassayontology.org/bao#BAO_0002874","valueLabel":"micromolar","propAbbrev":"bao:BAO_0002874","propLabel":"units"}],"labelsRemoved":[{"propURI":"http://www.bioassayontology.org/bao#BAX_0000007","valueLabel":"micromolar","propAbbrev":"bao:BAX_0000007"}],"notesModified":{}},{"curationTime":1492468124872,"curatorID":"admin","annotsAdded":[{"propURI":"http://www.bioassayontology.org/bao#BAO_0003107","propLabel":"GO terms","propAbbrev":"bao:BAO_0003107","valueURI":"http://purl.obolibrary.org/obo/GO_0004713","valueLabel":"protein tyrosine kinase activity","valueAbbrev":"obo:GO_0004713","valueDescr":"Catalysis of the reaction: ATP + a protein tyrosine = ADP + protein tyrosine phosphate.","valueHier":["http://purl.obolibrary.org/obo/GO_0004672","http://purl.obolibrary.org/obo/GO_0016301","http://purl.obolibrary.org/obo/GO_0003674","http://www.bioassayontology.org/bao#BAO_0003117","http://www.bioassayontology.org/bao#BAO_0003114"],"labelHier":["protein kinase activity","kinase activity","molecular function","function","assay biology component"]},{"propURI":"http://www.bioassayontology.org/bao#BAO_0003107","propLabel":"GO terms","propAbbrev":"bao:BAO_0003107","valueURI":"http://purl.obolibrary.org/obo/GO_0004712","valueLabel":"protein serine/threonine/tyrosine kinase activity","valueAbbrev":"obo:GO_0004712","valueDescr":"Catalysis of the reactions: ATP + a protein serine = ADP + protein serine phosphate; ATP + a protein threonine = ADP + protein threonine phosphate; and ATP + a protein tyrosine = ADP + protein tyrosine phosphate.","valueHier":["http://purl.obolibrary.org/obo/GO_0004672","http://purl.obolibrary.org/obo/GO_0016301","http://purl.obolibrary.org/obo/GO_0003674","http://www.bioassayontology.org/bao#BAO_0003117","http://www.bioassayontology.org/bao#BAO_0003114"],"labelHier":["protein kinase activity","kinase activity","molecular function","function","assay biology component"]},{"propURI":"http://www.bioassayontology.org/bao#BAO_0003107","propLabel":"GO terms","propAbbrev":"bao:BAO_0003107","valueURI":"http://purl.obolibrary.org/obo/GO_0005524","valueLabel":"ATP binding","valueAbbrev":"obo:GO_0005524","valueDescr":"Interacting selectively and non-covalently with ATP, adenosine 5'-triphosphate, a universally important coenzyme and enzyme regulator.","valueHier":["http://purl.obolibrary.org/obo/GO_0035639","http://purl.obolibrary.org/obo/GO_1901265","http://purl.obolibrary.org/obo/GO_0097159","http://purl.obolibrary.org/obo/GO_0005488","http://purl.obolibrary.org/obo/GO_0003674","http://www.bioassayontology.org/bao#BAO_0003117","http://www.bioassayontology.org/bao#BAO_0003114"],"labelHier":["purine ribonucleoside triphosphate binding","nucleoside phosphate binding","organic cyclic compound binding","binding","molecular function","function","assay biology component"]},{"propURI":"http://www.bioassayontology.org/bao#BAO_0003107","propLabel":"GO terms","propAbbrev":"bao:BAO_0003107","valueURI":"http://purl.obolibrary.org/obo/GO_0043484","valueLabel":"regulation of RNA splicing","valueAbbrev":"obo:GO_0043484","valueDescr":"Any process that modulates the frequency, rate or extent of RNA splicing, the process of removing sections of the primary RNA transcript to remove sequences not present in the mature form of the RNA and joining the remaining sections to form the mature form of the RNA.","valueHier":["http://purl.obolibrary.org/obo/GO_0008150","http://www.bioassayontology.org/bao#BAO_0003114"],"labelHier":["biological process","assay biology component"]},{"propURI":"http://www.bioassayontology.org/bao#BAO_0003107","propLabel":"GO terms","propAbbrev":"bao:BAO_0003107","valueURI":"http://purl.obolibrary.org/obo/GO_0004674","valueLabel":"protein serine/threonine kinase activity","valueAbbrev":"obo:GO_0004674","valueDescr":"Catalysis of the reactions: ATP + protein serine = ADP + protein serine phosphate, and ATP + protein threonine = ADP + protein threonine phosphate.","valueHier":["http://purl.obolibrary.org/obo/GO_0004672","http://purl.obolibrary.org/obo/GO_0016301","http://purl.obolibrary.org/obo/GO_0003674","http://www.bioassayontology.org/bao#BAO_0003117","http://www.bioassayontology.org/bao#BAO_0003114"],"labelHier":["protein kinase activity","kinase activity","molecular function","function","assay biology component"]},{"propURI":"http://www.bioassayontology.org/bao#BAO_0003107","propLabel":"GO terms","propAbbrev":"bao:BAO_0003107","valueURI":"http://purl.obolibrary.org/obo/GO_0046777","valueLabel":"protein autophosphorylation","valueAbbrev":"obo:GO_0046777","valueDescr":"The phosphorylation by a protein of one or more of its own amino acid residues (cis-autophosphorylation), or residues on an identical protein (trans-autophosphorylation).","valueHier":["http://purl.obolibrary.org/obo/GO_0006468","http://purl.obolibrary.org/obo/GO_0008150","http://www.bioassayontology.org/bao#BAO_0003114"],"labelHier":["protein phosphorylation","biological process","assay biology component"]},{"propURI":"http://www.bioassayontology.org/bao#BAO_0003107","propLabel":"GO terms","propAbbrev":"bao:BAO_0003107","valueURI":"http://purl.obolibrary.org/obo/GO_0005515","valueLabel":"protein binding","valueAbbrev":"obo:GO_0005515","valueDescr":"Interacting selectively and non-covalently with any protein or protein complex (a complex of two or more proteins that may include other nonprotein molecules).","valueHier":["http://purl.obolibrary.org/obo/GO_0005488","http://purl.obolibrary.org/obo/GO_0003674","http://www.bioassayontology.org/bao#BAO_0003117","http://www.bioassayontology.org/bao#BAO_0003114"],"labelHier":["binding","molecular function","function","assay biology component"]},{"propURI":"http://www.bioassayontology.org/bao#BAO_0003107","propLabel":"GO terms","propAbbrev":"bao:BAO_0003107","valueURI":"http://purl.obolibrary.org/obo/GO_0005634","valueLabel":"nucleus","valueAbbrev":"obo:GO_0005634","valueDescr":"A membrane-bounded organelle of eukaryotic cells in which chromosomes are housed and replicated. In most cells, the nucleus contains all of the cell's chromosomes except the organellar chromosomes, and is the site of RNA synthesis and processing. In some species, or in specialized cell types, RNA metabolism or DNA replication may be absent.","valueHier":["http://purl.obolibrary.org/obo/GO_0005575","http://www.bioassayontology.org/bao#BAO_0003114"],"labelHier":["cellular component","assay biology component"]},{"propURI":"http://www.bioassayontology.org/bao#BAO_0003107","propLabel":"GO terms","propAbbrev":"bao:BAO_0003107","valueURI":"http://purl.obolibrary.org/obo/GO_0018108","valueLabel":"peptidyl-tyrosine phosphorylation","valueAbbrev":"obo:GO_0018108","valueDescr":"The phosphorylation of peptidyl-tyrosine to form peptidyl-O4'-phospho-L-tyrosine.","valueHier":["http://purl.obolibrary.org/obo/GO_0018212","http://purl.obolibrary.org/obo/GO_0018193","http://purl.obolibrary.org/obo/GO_0006464","http://purl.obolibrary.org/obo/GO_0044267","http://purl.obolibrary.org/obo/GO_0044260","http://purl.obolibrary.org/obo/GO_0044237","http://purl.obolibrary.org/obo/GO_0009987","http://purl.obolibrary.org/obo/GO_0008150","http://www.bioassayontology.org/bao#BAO_0003114"],"labelHier":["peptidyl-tyrosine modification","peptidyl-amino acid modification","cellular protein modification process","cellular protein metabolic process","cellular macromolecule metabolic process","cellular metabolic process","cellular process","biological process","assay biology component"]}],"annotsRemoved":[{"propURI":"http://www.bioassayontology.org/bao#BAX_0000009","propAbbrev":"bao:BAX_0000009","valueURI":"http://purl.obolibrary.org/obo/GO_0005634","valueLabel":"nucleus","valueAbbrev":"obo:GO_0005634","valueDescr":"A membrane-bounded organelle of eukaryotic cells in which chromosomes are housed and replicated. In most cells, the nucleus contains all of the cell's chromosomes except the organellar chromosomes, and is the site of RNA synthesis and processing. In some species, or in specialized cell types, RNA metabolism or DNA replication may be absent.","valueHier":[],"labelHier":[],"outOfSchema":true},{"propURI":"http://www.bioassayontology.org/bao#BAX_0000009","propAbbrev":"bao:BAX_0000009","valueURI":"http://purl.obolibrary.org/obo/GO_0005515","valueLabel":"protein binding","valueAbbrev":"obo:GO_0005515","valueDescr":"Interacting selectively and non-covalently with any protein or protein complex (a complex of two or more proteins that may include other nonprotein molecules).","valueHier":[],"labelHier":[],"outOfSchema":true},{"propURI":"http://www.bioassayontology.org/bao#BAX_0000009","propAbbrev":"bao:BAX_0000009","valueURI":"http://purl.obolibrary.org/obo/GO_0005524","valueLabel":"ATP binding","valueAbbrev":"obo:GO_0005524","valueDescr":"Interacting selectively and non-covalently with ATP, adenosine 5'-triphosphate, a universally important coenzyme and enzyme regulator.","valueHier":[],"labelHier":[],"outOfSchema":true},{"propURI":"http://www.bioassayontology.org/bao#BAX_0000009","propAbbrev":"bao:BAX_0000009","valueURI":"http://purl.obolibrary.org/obo/GO_0004674","valueLabel":"protein serine/threonine kinase activity","valueAbbrev":"obo:GO_0004674","valueDescr":"Catalysis of the reactions: ATP + protein serine = ADP + protein serine phosphate, and ATP + protein threonine = ADP + protein threonine phosphate.","valueHier":[],"labelHier":[],"outOfSchema":true},{"propURI":"http://www.bioassayontology.org/bao#BAX_0000009","propAbbrev":"bao:BAX_0000009","valueURI":"http://purl.obolibrary.org/obo/GO_0004713","valueLabel":"protein tyrosine kinase activity","valueAbbrev":"obo:GO_0004713","valueDescr":"Catalysis of the reaction: ATP + a protein tyrosine = ADP + protein tyrosine phosphate.","valueHier":[],"labelHier":[],"outOfSchema":true},{"propURI":"http://www.bioassayontology.org/bao#BAX_0000009","propAbbrev":"bao:BAX_0000009","valueURI":"http://purl.obolibrary.org/obo/GO_0004712","valueLabel":"protein serine/threonine/tyrosine kinase activity","valueAbbrev":"obo:GO_0004712","valueDescr":"Catalysis of the reactions: ATP + a protein serine = ADP + protein serine phosphate; ATP + a protein threonine = ADP + protein threonine phosphate; and ATP + a protein tyrosine = ADP + protein tyrosine phosphate.","valueHier":[],"labelHier":[],"outOfSchema":true},{"propURI":"http://www.bioassayontology.org/bao#BAX_0000009","propAbbrev":"bao:BAX_0000009","valueURI":"http://purl.obolibrary.org/obo/GO_0043484","valueLabel":"regulation of RNA splicing","valueAbbrev":"obo:GO_0043484","valueDescr":"Any process that modulates the frequency, rate or extent of RNA splicing, the process of removing sections of the primary RNA transcript to remove sequences not present in the mature form of the RNA and joining the remaining sections to form the mature form of the RNA.","valueHier":[],"labelHier":[],"outOfSchema":true},{"propURI":"http://www.bioassayontology.org/bao#BAX_0000009","propAbbrev":"bao:BAX_0000009","valueURI":"http://purl.obolibrary.org/obo/GO_0046777","valueLabel":"protein autophosphorylation","valueAbbrev":"obo:GO_0046777","valueDescr":"The phosphorylation by a protein of one or more of its own amino acid residues (cis-autophosphorylation), or residues on an identical protein (trans-autophosphorylation).","valueHier":[],"labelHier":[],"outOfSchema":true},{"propURI":"http://www.bioassayontology.org/bao#BAX_0000009","propAbbrev":"bao:BAX_0000009","valueURI":"http://purl.obolibrary.org/obo/GO_0018108","valueLabel":"peptidyl-tyrosine phosphorylation","valueAbbrev":"obo:GO_0018108","valueDescr":"The phosphorylation of peptidyl-tyrosine to form peptidyl-O4'-phospho-L-tyrosine.","valueHier":[],"labelHier":[],"outOfSchema":true}],"labelsAdded":[{"propURI":"http://www.bioassayontology.org/bao#BAO_0003107","valueLabel":"protein tyrosine kinase activity","propAbbrev":"bao:BAO_0003107","propLabel":"GO terms"},{"propURI":"http://www.bioassayontology.org/bao#BAO_0003107","valueLabel":"protein serine/threonine/tyrosine kinase activity","propAbbrev":"bao:BAO_0003107","propLabel":"GO terms"},{"propURI":"http://www.bioassayontology.org/bao#BAO_0003107","valueLabel":"ATP binding","propAbbrev":"bao:BAO_0003107","propLabel":"GO terms"},{"propURI":"http://www.bioassayontology.org/bao#BAO_0003107","valueLabel":"regulation of RNA splicing","propAbbrev":"bao:BAO_0003107","propLabel":"GO terms"},{"propURI":"http://www.bioassayontology.org/bao#BAO_0003107","valueLabel":"protein serine/threonine kinase activity","propAbbrev":"bao:BAO_0003107","propLabel":"GO terms"},{"propURI":"http://www.bioassayontology.org/bao#BAO_0003107","valueLabel":"protein autophosphorylation","propAbbrev":"bao:BAO_0003107","propLabel":"GO terms"},{"propURI":"http://www.bioassayontology.org/bao#BAO_0003107","valueLabel":"protein binding","propAbbrev":"bao:BAO_0003107","propLabel":"GO terms"},{"propURI":"http://www.bioassayontology.org/bao#BAO_0003107","valueLabel":"nucleus","propAbbrev":"bao:BAO_0003107","propLabel":"GO terms"},{"propURI":"http://www.bioassayontology.org/bao#BAO_0003107","valueLabel":"peptidyl-tyrosine phosphorylation","propAbbrev":"bao:BAO_0003107","propLabel":"GO terms"}],"labelsRemoved":[{"propURI":"http://www.bioassayontology.org/bao#BAX_0000009","valueLabel":"nucleus","propAbbrev":"bao:BAX_0000009"},{"propURI":"http://www.bioassayontology.org/bao#BAX_0000009","valueLabel":"protein binding","propAbbrev":"bao:BAX_0000009"},{"propURI":"http://www.bioassayontology.org/bao#BAX_0000009","valueLabel":"ATP binding","propAbbrev":"bao:BAX_0000009"},{"propURI":"http://www.bioassayontology.org/bao#BAX_0000009","valueLabel":"protein serine/threonine kinase activity","propAbbrev":"bao:BAX_0000009"},{"propURI":"http://www.bioassayontology.org/bao#BAX_0000009","valueLabel":"protein tyrosine kinase activity","propAbbrev":"bao:BAX_0000009"},{"propURI":"http://www.bioassayontology.org/bao#BAX_0000009","valueLabel":"protein serine/threonine/tyrosine kinase activity","propAbbrev":"bao:BAX_0000009"},{"propURI":"http://www.bioassayontology.org/bao#BAX_0000009","valueLabel":"regulation of RNA splicing","propAbbrev":"bao:BAX_0000009"},{"propURI":"http://www.bioassayontology.org/bao#BAX_0000009","valueLabel":"protein autophosphorylation","propAbbrev":"bao:BAX_0000009"},{"propURI":"http://www.bioassayontology.org/bao#BAX_0000009","valueLabel":"peptidyl-tyrosine phosphorylation","propAbbrev":"bao:BAX_0000009"}],"notesModified":{}},{"curationTime":1492468124872,"curatorID":"admin","annotsAdded":[{"propURI":"http://www.bioassayontology.org/bao#BAO_0095009","propLabel":"assay design method","propAbbrev":"bao:BAO_0095009","valueURI":"http://www.bioassayontology.org/bao#BAO_0000124","valueLabel":"enzyme activity measurement method","valueAbbrev":"bao:BAO_0000124","valueDescr":"It describes the different methods by which an enzyme activity can be measured and the ways it is expressed. This can be measured either directly or coupled to a secondary signal.","valueHier":["http://www.bioassayontology.org/bao#BAO_0002202"],"labelHier":["assay design method"]},{"propURI":"http://www.bioassayontology.org/bao#BAO_0095009","propLabel":"assay design method","propAbbrev":"bao:BAO_0095009","valueURI":"http://www.bioassayontology.org/bao#BAO_0002791","valueLabel":"ADP coupled enzyme activity measurement method","valueAbbrev":"bao:BAO_0002791","valueDescr":"","valueHier":["http://www.bioassayontology.org/bao#BAO_0002593","http://www.bioassayontology.org/bao#BAO_0000142","http://www.bioassayontology.org/bao#BAO_0000124","http://www.bioassayontology.org/bao#BAO_0002202"],"labelHier":["substrate coupled enzyme activity measurement method","coupled enzyme activity measurement method","enzyme activity measurement method","assay design method"]}],"annotsRemoved":[{"propURI":"http://www.bioassayontology.org/bao#BAX_0000003","propAbbrev":"bao:BAX_0000003","valueURI":"http://www.bioassayontology.org/bao#BAO_0000124","valueLabel":"enzyme activity measurement method","valueAbbrev":"bao:BAO_0000124","valueDescr":"It describes the different methods by which an enzyme activity can be measured and the ways it is expressed. This can be measured either directly or coupled to a secondary signal.","valueHier":[],"labelHier":[],"outOfSchema":true},{"propURI":"http://www.bioassayontology.org/bao#BAX_0000003","propAbbrev":"bao:BAX_0000003","valueURI":"http://www.bioassayontology.org/bao#BAO_0002791","valueLabel":"ADP coupled enzyme activity measurement method","valueAbbrev":"bao:BAO_0002791","valueDescr":"","valueHier":[],"labelHier":[],"outOfSchema":true}],"labelsAdded":[{"propURI":"http://www.bioassayontology.org/bao#BAO_0095009","valueLabel":"enzyme activity measurement method","propAbbrev":"bao:BAO_0095009","propLabel":"assay design method"},{"propURI":"http://www.bioassayontology.org/bao#BAO_0095009","valueLabel":"ADP coupled enzyme activity measurement method","propAbbrev":"bao:BAO_0095009","propLabel":"assay design method"}],"labelsRemoved":[{"propURI":"http://www.bioassayontology.org/bao#BAX_0000003","valueLabel":"enzyme activity measurement method","propAbbrev":"bao:BAX_0000003"},{"propURI":"http://www.bioassayontology.org/bao#BAX_0000003","valueLabel":"ADP coupled enzyme activity measurement method","propAbbrev":"bao:BAX_0000003"}],"notesModified":{}},{"curationTime":1492468124872,"curatorID":"admin","annotsAdded":[{"propURI":"http://www.bioassayontology.org/bao#BAO_0000211","propLabel":"target","propAbbrev":"bao:BAO_0000211","valueURI":"http://www.drugtargetontology.org/dto/DTO_03100089","valueLabel":"Dual specificity protein kinase clk4","valueAbbrev":"dto:DTO_03100089","valueDescr":"","valueHier":["http://www.drugtargetontology.org/dto/DTO_03300140","http://www.drugtargetontology.org/dto/DTO_03300111","http://www.drugtargetontology.org/dto/DTO_03300102","http://www.drugtargetontology.org/dto/DTO_03300101","http://www.drugtargetontology.org/dto/DTO_00100000"],"labelHier":["CLK family","CMGC group","Protein kinase","Kinase","Protein"]},{"propURI":"http://www.bioassayontology.org/bao#BAO_0000211","propLabel":"target","propAbbrev":"bao:BAO_0000211","valueURI":"http://www.drugtargetontology.org/dto/DTO_03200089","valueLabel":"CLK4","valueAbbrev":"dto:DTO_03200089","valueDescr":"","valueHier":["http://www.drugtargetontology.org/dto/DTO_03400140","http://www.drugtargetontology.org/dto/DTO_03400111","http://www.drugtargetontology.org/dto/DTO_03400102","http://www.drugtargetontology.org/dto/DTO_03400101","http://www.drugtargetontology.org/dto/DTO_00200000"],"labelHier":["CLK family","CMGC group","Protein kinase","Kinase","Gene"]}],"annotsRemoved":[{"propURI":"http://www.bioassayontology.org/bao#BAX_0000005","propAbbrev":"bao:BAX_0000005","valueURI":"http://www.drugtargetontology.org/dto/DTO_03100089","valueLabel":"Dual specificity protein kinase clk4","valueAbbrev":"dto:DTO_03100089","valueDescr":"","valueHier":[],"labelHier":[],"outOfSchema":true},{"propURI":"http://www.bioassayontology.org/bao#BAX_0000005","propAbbrev":"bao:BAX_0000005","valueURI":"http://www.drugtargetontology.org/dto/DTO_03200089","valueLabel":"CLK4","valueAbbrev":"dto:DTO_03200089","valueDescr":"","valueHier":[],"labelHier":[],"outOfSchema":true}],"labelsAdded":[{"propURI":"http://www.bioassayontology.org/bao#BAO_0000211","valueLabel":"Dual specificity protein kinase clk4","propAbbrev":"bao:BAO_0000211","propLabel":"target"},{"propURI":"http://www.bioassayontology.org/bao#BAO_0000211","valueLabel":"CLK4","propAbbrev":"bao:BAO_0000211","propLabel":"target"}],"labelsRemoved":[{"propURI":"http://www.bioassayontology.org/bao#BAX_0000005","valueLabel":"Dual specificity protein kinase clk4","propAbbrev":"bao:BAX_0000005"},{"propURI":"http://www.bioassayontology.org/bao#BAX_0000005","valueLabel":"CLK4","propAbbrev":"bao:BAX_0000005"}],"notesModified":{}},{"curationTime":1492468124872,"curatorID":"admin","annotsAdded":[{"propURI":"http://www.bioassayontology.org/bao#BAO_0002855","propLabel":"bioassay","propAbbrev":"bao:BAO_0002855","valueURI":"http://www.bioassayontology.org/bao#BAO_0002005","valueLabel":"kinase activity assay","valueAbbrev":"bao:BAO_0002005","valueDescr":"","valueHier":["http://www.bioassayontology.org/bao#BAO_0002795","http://www.bioassayontology.org/bao#BAO_0002994","http://www.bioassayontology.org/bao#BAO_0000015"],"labelHier":["transferase activity assay","enzyme activity assay","bioassay"]}],"annotsRemoved":[{"propURI":"http://www.bioassayontology.org/bao#BAX_0000002","propLabel":"has bioassay type","propAbbrev":"bao:BAX_0000002","valueURI":"http://www.bioassayontology.org/bao#BAO_0002005","valueLabel":"kinase activity assay","valueAbbrev":"bao:BAO_0002005","valueDescr":"","valueHier":[],"labelHier":[],"outOfSchema":true}],"labelsAdded":[{"propURI":"http://www.bioassayontology.org/bao#BAO_0002855","valueLabel":"kinase activity assay","propAbbrev":"bao:BAO_0002855","propLabel":"bioassay"}],"labelsRemoved":[{"propURI":"http://www.bioassayontology.org/bao#BAX_0000002","valueLabel":"kinase activity assay","propAbbrev":"bao:BAX_0000002","propLabel":"has bioassay type"}],"notesModified":{}},{"curationTime":1492468124872,"curatorID":"admin","annotsAdded":[{"propURI":"http://www.bioassayontology.org/bao#BAO_0002874","propLabel":"units","propAbbrev":"bao:BAO_0002874","valueURI":"http://purl.obolibrary.org/obo/UO_0000064","valueLabel":"micromolar","valueAbbrev":"obo:UO_0000064","valueDescr":"A unit of molarity which is equal to one millionth of a molar or 10^[-6] M.","valueHier":["http://purl.obolibrary.org/obo/UO_0000061","http://purl.obolibrary.org/obo/UO_0000051","http://purl.obolibrary.org/obo/UO_0000000"],"labelHier":["unit of molarity","concentration unit","unit"]}],"annotsRemoved":[{"propURI":"http://www.bioassayontology.org/bao#BAO_0002874","propLabel":"units","propAbbrev":"bao:BAO_0002874","valueURI":"http://purl.org/obo/owl/UO#UO_0000064","valueAbbrev":"uo:UO_0000064","valueHier":[],"labelHier":[],"outOfSchema":true}],"labelsAdded":[{"propURI":"http://www.bioassayontology.org/bao#BAO_0002874","valueLabel":"micromolar","propAbbrev":"bao:BAO_0002874","propLabel":"units"}],"labelsRemoved":[{"propURI":"http://www.bioassayontology.org/bao#BAO_0002874","valueLabel":"micromolar","propAbbrev":"bao:BAO_0002874","propLabel":"units"}],"notesModified":{}},{"curationTime":1492468124872,"curatorID":"admin","annotsAdded":[{"propURI":"http://www.bioassayontology.org/bao#BAX_0000016","propLabel":"operator","propAbbrev":"bao:BAX_0000016","valueURI":"http://purl.obolibrary.org/obo/GENEPIO_0001002","valueLabel":"less than (<)","valueAbbrev":"obo:GENEPIO_0001002","valueDescr":"","groupNest":["http://www.bioassayontology.org/bao#BAX_0000017"],"groupLabel":["measurement"],"valueHier":["http://purl.obolibrary.org/obo/GENEPIO_0001001"],"labelHier":["threshold comparisons"]}],"annotsRemoved":[],"labelsAdded":[{"propURI":"http://www.bioassayontology.org/bao#BAX_0000016","valueLabel":"less than (<)","propAbbrev":"bao:BAX_0000016","groupNest":["http://www.bioassayontology.org/bao#BAX_0000017"],"propLabel":"operator","groupLabel":["measurement"]}],"labelsRemoved":[],"notesModified":{}}],"holdingIDList":[]}