{"assayID":1003,"uniqueID":"pubchemAID:1539","text":"Confirmation cell-based high-throughput screening assay for potentiators or agonists of NPY-Y2\n\nDescription:\n\nNeuropeptide Y (NPY) is a neurotransmitter with diverse physiologic roles including control of feeding behavior, regulation of cortical neural activity, heart neural activity, and emotional regulation. Importantly, NPY is implicated in human diseases such as obesity, depression and alcoholism. NPY mediates its biological effects in part through activation of the NPY-Y2 receptor, a 381-amino acid Galphai protein coupled receptor (GPCR) which decreases cytosolic cAMP production. NPY Y2 is expressed in the periventricular nucleus, amygdala, hypothalamus, hippocampus, tractus solitarius, septum and paraventricular nucleus brain regions (1, 2). Due to its expression profile and biological action, NPY Y2 is an attractive target for anxiolytic research. Additionally, Y2 is predicted to be a therapeutic target in alcoholism. Because Y2 receptors increase NPY transmission, the use of Y2 modulators may help to elucidate the anxiolytic-like effects of NPY in animal models (3). Consistent with this hypothesis Y2 receptor mutant mice demonstrate reduced anxiety behavior compared with wild type controls (4). Therefore, the identification and characterization of small molecule modulators of NPY signaling and high affinity selective ligands for the Y2 receptor may prove useful for understanding NPY-associated human disease.\n\nAssay Overview:\n\nThe purpose of this assay is to confirm activity of compounds identified as active in a previous set of experiments entitled, \"Primary cell-based high-throughput screening assay for potentiators or agonists of NPY-Y2\" (PubChem AID 1359). In this assay, a cell line transfected with Y2 and a cyclic-nucleotide gated channel (CNGC) is used to measure potentiation of the NPY response or direct agonism by test compound of the Y2 receptor. The cells are treated with isoproterenol to activate adenylate cyclase, therefore increasing cytosolic cyclic adenosine monophosphate (cAMP) concentrations, and as a consequence CNGC activity. Changes in CNGC activity also change the cell membrane potential, which is measured using a fluorescent probe. As designed, a test compound that acts as an Y2 potentiator or agonist will increase Y2 activity, leading to decreased cAMP levels, reduced CNG channel opening and probe fluorescence, thus leading to reduced well fluorescence. Compounds were tested in triplicate at a final nominal concentration of 3.6 uM.\n\nProtocol Summary:\n\nThe Y2 HEK293-CNG cells were routinely cultured in T-175 sq cm flasks at 37 degrees C and 95% relative humidity (RH). The growth media consisted of Dulbecco's Modified Eagle's Media (DMEM) supplemented with 10% v/v heat-inactivated qualified fetal bovine serum, 0.1 mM NEAA, 1 mM Sodium Pyruvate, 25 mM HEPES, 5 mM L-Glutamine, 250 micrograms/mL Geneticin, 1 ug/mL Puromycin, and 1X antibiotic mix (penicillin, streptomycin, and neomycin). Prior to the start of the assay, 3600 Y2 HEK293-CNG cells in a 4 ul volume of assay media (growth media as above) were dispensed into each well of 1536-well black clear bottom tissue culture-treated microtiter plates. Next, the plates were incubated for 23 hours at 37 degrees C, 5% CO2 and 95% RH. The assay was started by dispensing 2 ul per well of 4.5x concentrated probe loading dye into all wells, and the plates were incubated at room temperature for 3 hours. Following incubation, the first fluorescence measurement was performed (510-545 nm excitation and 565-625 nm emission) on the FLIPR Tetra (Molecular Devices), then the cells were challenged by dispensing 2 ul of NPY (200 pM final concentration) in 0.1% BSA. Next, 32 nL of test compound in DMSO (0.4% final DMSO concentration) or DMSO alone was added to the appropriate wells. The plates were then incubated for 60 minutes at room temperature, followed by challenge with 1 microliter of a solution containing isoproterenol at its EC100 (1 uM final concentration) and the phosphodiesterase inhibitor, Ro 20-1724, in PBS (25 uM final concentration). The plates were then incubated for 45 minutes at room temperature before the final fluorescence measurement with the same instrument settings.\n\n\nList of Reagents:\n\nNeuropeptide Y receptor Y2 HEK293-CNG cells (BD Biosciences, part 344870)\n10x ACTOne Membrane Potential Assay Kit (BD Biosciences, part BD354663)\nPhosphate Buffered Saline (Invitrogen, part 10010-023)\nFatty Acid-Free Bovine Serum Albumin (Calbiochem, part 126609)\nDMEM (Invitrogen, part 11965-092)\nFetal Bovine Serum (Invitrogen, part 16140-071)\nTrypsin-EDTA solution (Invitrogen, part 25200-056)\nGeneticin (Invitrogen, part 10131-027)\nPuromycin (Sigma, part P9620)\nRo 20-1724 (Sigma, part B8279)\nIsoproterenol (Sigma, part I6504)\nNeuropeptide Y (American Peptide, part 60-1-11B)\n1536-well plates (Greiner, part 789072)\nT-175 tissue culture flasks (Corning, part 431080)","notes":{},"schemaURI":"http://www.bioassayontology.org/bas#","annotations":[{"propURI":"http://www.bioassayontology.org/bao#BAO_0000205","propLabel":"assay format","propAbbrev":"bao:BAO_0000205","valueURI":"http://www.bioassayontology.org/bao#BAO_0000219","valueLabel":"cell based format","valueAbbrev":"bao:BAO_0000219","valueDescr":"Involves the use of living cells of eukaryotic origin, derived from a multicellular organism, and is a heterogeneous assay type. Typically, this refers to permanent (immortal) cell lines, or primary cells, or some form of stem cells. This is distinct from a single-celled organism-based format (classically bacteria or yeast).","groupNest":[],"groupLabel":[],"valueHier":["http://www.bioassayontology.org/bao#BAO_0000019"],"labelHier":["assay format"]},{"propURI":"http://www.bioassayontology.org/bao#BAO_0002855","propLabel":"bioassay","propAbbrev":"bao:BAO_0002855","valueURI":"http://www.bioassayontology.org/bao#BAO_0002194","valueLabel":"plasma membrane potential assay","valueAbbrev":"bao:BAO_0002194","valueDescr":"","groupNest":[],"groupLabel":[],"valueHier":["http://www.bioassayontology.org/bao#BAO_0002996","http://www.bioassayontology.org/bao#BAO_0000015"],"labelHier":["membrane potential assay","bioassay"]},{"propURI":"http://www.bioassayontology.org/bao#BAO_0095009","propLabel":"assay design method","propAbbrev":"bao:BAO_0095009","valueURI":"http://www.bioassayontology.org/bao#BAO_0000377","valueLabel":"membrane potential measurement method","valueAbbrev":"bao:BAO_0000377","valueDescr":"All living cells maintain a resting membrane potential, which is the difference in voltage between the interior and exterior of the cell. Electrically active cells, such as neurons, muscle and endocrine cells undergo changes in membrane potential due to depolarization and hyperpolarization as a result of opening and closing of ion channels. Action potentials are large and rapid changes in membrane potential which are generated as a result of a large depolarization event. In neurons, action potentials are used to transmit signals across neurons, while in muscle and endocrine cells, they lead to intracellular events, such as muscle contraction and hormone release, respectively.\nIn addition, mitochondria possess a trans-membrane potential as a result of their respiratory function.\nMembrane potential can be measured either by using electrophysiological techniques or by staining with dyes whose binding is dependent on the membrane potential.","groupNest":[],"groupLabel":[],"valueHier":["http://www.bioassayontology.org/bao#BAO_0002202"],"labelHier":["assay design method"]},{"propURI":"http://www.bioassayontology.org/bao#BAO_0095009","propLabel":"assay design method","propAbbrev":"bao:BAO_0095009","valueURI":"http://www.bioassayontology.org/bao#BAO_0000425","valueLabel":"dye binding method","valueAbbrev":"bao:BAO_0000425","valueDescr":"Most often, the mitochondrial membrane potential which is called delta-psi is quantitated by staining with specific dyes whose binding is dependent on the potential.","groupNest":[],"groupLabel":[],"valueHier":["http://www.bioassayontology.org/bao#BAO_0000377","http://www.bioassayontology.org/bao#BAO_0002202"],"labelHier":["membrane potential measurement method","assay design method"]},{"propURI":"http://www.bioassayontology.org/bao#BAO_0002854","propLabel":"bioassay type","propAbbrev":"bao:BAO_0002854","valueURI":"http://www.bioassayontology.org/bao#BAO_0000010","valueLabel":"functional","valueAbbrev":"bao:BAO_0000010","valueDescr":"An assay where the measured signal corresponds to a complex response such as cell survival, proliferation, localization of a protein, nuclear translocation etc. The molecular target is not assumed.","groupNest":[],"groupLabel":[],"valueHier":["http://www.bioassayontology.org/bao#BAO_0000008"],"labelHier":["bioassay type"]},{"propURI":"http://www.bioassayontology.org/bao#BAO_0002867","propLabel":"assay footprint","propAbbrev":"bao:BAO_0002867","valueURI":"http://www.bioassayontology.org/bao#BAO_0000516","valueLabel":"1536 well plate","valueAbbrev":"bao:BAO_0000516","valueDescr":"This microplate contains 1536 wells. It is highly miniaturized to accommodate more wells on one plate which reduces the plate handling time and allows working with very small volumes (few microliters) that reduces the cost of an assay.","groupNest":[],"groupLabel":[],"valueHier":["http://www.bioassayontology.org/bao#BAO_0000508","http://www.bioassayontology.org/bao#BAO_0000512"],"labelHier":["microplate","assay footprint"]},{"propURI":"http://www.bioassayontology.org/bao#BAO_0002921","propLabel":"organism","propAbbrev":"bao:BAO_0002921","valueURI":"http://purl.obolibrary.org/obo/NCBITaxon_9606","valueLabel":"Homo sapiens","valueAbbrev":"obo:NCBITaxon_9606","valueDescr":"","groupNest":[],"groupLabel":[],"altLabels":["man","human"],"valueHier":["http://www.bioassayontology.org/bao#BAO_0000362","http://www.bioassayontology.org/bao#BAO_0000510","http://www.bioassayontology.org/bao#BAO_0000659","http://www.bioassayontology.org/bao#BAO_0000509","http://www.bioassayontology.org/bao#BAO_0000658","http://www.bioassayontology.org/bao#BAO_0000551"],"labelHier":["mammalian","vertebrate","metazoa","eukaryote","cellular organisms","organism"]},{"propURI":"http://www.bioassayontology.org/bao#BAO_0002663","propLabel":"assay kit","propAbbrev":"bao:BAO_0002663","valueURI":"http://www.bioassayontology.org/bao#BAO_0000172","valueLabel":"ACTOne Membrane Potential Dye","valueAbbrev":"bao:BAO_0000172","valueDescr":"","groupNest":[],"groupLabel":[],"valueHier":[],"labelHier":[],"outOfSchema":true},{"propURI":"http://www.bioassayontology.org/bao#BAO_0000185","propLabel":"perturbagen type","propAbbrev":"bao:BAO_0000185","valueURI":"http://www.bioassayontology.org/bao#BAO_0000733","valueLabel":"MLSMR library","valueAbbrev":"bao:BAO_0000733","valueDescr":"","groupNest":[],"groupLabel":[],"valueHier":["http://www.bioassayontology.org/bao#BAO_0000648","http://www.bioassayontology.org/bao#BAO_0000661","http://www.bioassayontology.org/bao#BAO_0003120"],"labelHier":["compound library","perturbagen library","assay screened entity component"]},{"propURI":"http://www.bioassayontology.org/bao#BAO_0002800","propLabel":"assay cell line","propAbbrev":"bao:BAO_0002800","valueURI":"http://purl.obolibrary.org/obo/BTO_0000007","valueLabel":"HEK-293 cell","valueAbbrev":"obo:BTO_0000007","valueDescr":"Established from a human primary embryonal kidney transformed by adenovirus type 5.","groupNest":[],"groupLabel":[],"valueHier":["http://dto.org/DTO/DTO_000"],"labelHier":["BRENDA tissues and cell lines"]},{"propURI":"http://www.bioassayontology.org/bao#BAO_0002009","propLabel":"biological process","propAbbrev":"bao:BAO_0002009","valueURI":"http://purl.obolibrary.org/obo/GO_0007186","valueLabel":"G-protein coupled receptor signaling pathway","valueAbbrev":"obo:GO_0007186","valueDescr":"A series of molecular signals that proceeds with an activated receptor promoting the exchange of GDP for GTP on the alpha-subunit of an associated heterotrimeric G-protein complex. The GTP-bound activated alpha-G-protein then dissociates from the beta- and gamma-subunits to further transmit the signal within the cell. The pathway begins with receptor-ligand interaction, or for basal GPCR signaling the pathway begins with the receptor activating its G protein in the absence of an agonist, and ends with regulation of a downstream cellular process, e.g. transcription.  The pathway can start from the plasma membrane, Golgi or nuclear membrane (PMID:24568158 and PMID:16902576).","groupNest":[],"groupLabel":[],"valueHier":["http://purl.obolibrary.org/obo/GO_0008150","http://www.bioassayontology.org/bao#BAO_0003114"],"labelHier":["biological process","assay biology component"]},{"propURI":"http://www.bioassayontology.org/bao#BAO_0002009","propLabel":"biological process","propAbbrev":"bao:BAO_0002009","valueURI":"http://purl.obolibrary.org/obo/GO_0007218","valueLabel":"neuropeptide signaling pathway","valueAbbrev":"obo:GO_0007218","valueDescr":"The series of molecular signals generated as a consequence of a peptide neurotransmitter binding to a cell surface receptor.","groupNest":[],"groupLabel":[],"valueHier":["http://purl.obolibrary.org/obo/GO_0007186","http://purl.obolibrary.org/obo/GO_0008150","http://www.bioassayontology.org/bao#BAO_0003114"],"labelHier":["G-protein coupled receptor signaling pathway","biological process","assay biology component"]},{"propURI":"http://www.bioassayontology.org/bao#BAO_0000211","propLabel":"target","propAbbrev":"bao:BAO_0000211","valueURI":"http://www.drugtargetontology.org/dto/DTO_02300071","valueLabel":"Neuropeptide Y receptor","valueAbbrev":"dto:DTO_02300071","valueDescr":"","groupNest":[],"groupLabel":[],"valueHier":["http://www.drugtargetontology.org/dto/DTO_02300002","http://www.drugtargetontology.org/dto/DTO_02300001","http://www.drugtargetontology.org/dto/DTO_00100000"],"labelHier":["Class A rhodopsin like","GPCR","Protein"]},{"propURI":"http://www.bioassayontology.org/bao#BAO_0002848","propLabel":"applies to disease","propAbbrev":"bao:BAO_0002848","valueURI":"http://purl.obolibrary.org/obo/DOID_14183","valueLabel":"alcoholic neuropathy","valueAbbrev":"obo:DOID_14183","valueDescr":"","groupNest":[],"groupLabel":[],"valueHier":["http://purl.obolibrary.org/obo/DOID_2537","http://purl.obolibrary.org/obo/DOID_870","http://purl.obolibrary.org/obo/DOID_574","http://purl.obolibrary.org/obo/DOID_863","http://purl.obolibrary.org/obo/DOID_7","http://purl.obolibrary.org/obo/DOID_4"],"labelHier":["inflammatory and toxic neuropathy","neuropathy","peripheral nervous system disease","nervous system disease","disease of anatomical entity","Disease"]},{"propURI":"http://www.bioassayontology.org/bao#BAO_0002848","propLabel":"applies to disease","propAbbrev":"bao:BAO_0002848","valueURI":"http://purl.obolibrary.org/obo/DOID_863","valueLabel":"nervous system disease","valueAbbrev":"obo:DOID_863","valueDescr":"A disease of anatomical entity that is located_in the central nervous system or located_in the peripheral nervous system.","groupNest":[],"groupLabel":[],"valueHier":["http://purl.obolibrary.org/obo/DOID_7","http://purl.obolibrary.org/obo/DOID_4"],"labelHier":["disease of anatomical entity","Disease"]},{"propURI":"http://www.bioassayontology.org/bao#BAO_0002855","propLabel":"bioassay","propAbbrev":"bao:BAO_0002855","valueURI":"http://www.bioassayontology.org/bao#BAO_0000650","valueLabel":"cAMP redistribution assay","valueAbbrev":"bao:BAO_0000650","valueDescr":"Cyclic AMP (cAMP) functions as second messenger in cell signaling.","groupNest":[],"groupLabel":[],"altLabels":["cAMP"],"valueHier":["http://www.bioassayontology.org/bao#BAO_0000379","http://www.bioassayontology.org/bao#BAO_0002999","http://www.bioassayontology.org/bao#BAO_0000015"],"labelHier":["second messenger redistribution assay","redistribution assay","bioassay"]},{"propURI":"http://www.bioassayontology.org/bao#BAO_0002009","propLabel":"biological process","propAbbrev":"bao:BAO_0002009","valueURI":"http://purl.obolibrary.org/obo/GO_0019933","valueLabel":"cAMP-mediated signaling","valueAbbrev":"obo:GO_0019933","valueDescr":"Any intracellular signal transduction in which the signal is passed on within the cell via cyclic AMP (cAMP). Includes production of cAMP, and downstream effectors that further transmit the signal within the cell.","groupNest":[],"groupLabel":[],"valueHier":["http://purl.obolibrary.org/obo/GO_0019935","http://purl.obolibrary.org/obo/GO_0019932","http://purl.obolibrary.org/obo/GO_0035556","http://purl.obolibrary.org/obo/GO_0007165","http://purl.obolibrary.org/obo/GO_0008150","http://www.bioassayontology.org/bao#BAO_0003114"],"labelHier":["cyclic-nucleotide-mediated signaling","second-messenger-mediated signaling","intracellular signal transduction","signal transduction","biological process","assay biology component"]},{"propURI":"http://www.bioassayontology.org/bao#BAO_0002865","propLabel":"detection instrument","propAbbrev":"bao:BAO_0002865","valueURI":"http://www.bioassayontology.org/bao#BAO_0000906","valueLabel":"FLIPR TETRA","valueAbbrev":"bao:BAO_0000906","valueDescr":"","groupNest":[],"groupLabel":[],"valueHier":["http://www.bioassayontology.org/bao#BAO_0000697"],"labelHier":["detection instrument"]},{"propURI":"http://www.bioassayontology.org/bao#BAO_0000196","propLabel":"assay mode of action","propAbbrev":"bao:BAO_0000196","valueURI":"http://www.bioassayontology.org/bao#BAO_0002902","valueLabel":"agonism","valueAbbrev":"bao:BAO_0002902","valueDescr":"","groupNest":[],"groupLabel":[],"valueHier":["http://www.bioassayontology.org/bao#BAO_0000084","http://www.bioassayontology.org/bao#BAO_0000074"],"labelHier":["ligand function mode of action","mode of action"]},{"propURI":"http://www.bioassayontology.org/bao#BAO_0000208","propLabel":"result","propAbbrev":"bao:BAO_0000208","valueURI":"http://www.bioassayontology.org/bao#BAO_0000200","valueLabel":"percent activation","valueAbbrev":"bao:BAO_0000200","valueDescr":"Percent increase of a measureable response relative to some baseline. Unit of Measure is always % when normalized to the dynamic range of the assay.\nPercent activity measures the increased activity vs. an unperturbed state, i.e. percent activation := percent activity - 100; e.g. an agonist that results in twice the activity would have percent activity = 200 and percent activation = 100.\n","groupNest":[],"groupLabel":[],"altLabels":["% activation"],"valueHier":["http://www.bioassayontology.org/bao#BAO_0000082","http://www.bioassayontology.org/bao#BAO_0000181","http://www.bioassayontology.org/bao#BAO_0000179"],"labelHier":["percent response","response endpoint","endpoint"]},{"propURI":"http://www.bioassayontology.org/bao#BAO_0002874","propLabel":"units","propAbbrev":"bao:BAO_0002874","valueURI":"http://purl.obolibrary.org/obo/UO_0000187","valueLabel":"percent","valueAbbrev":"obo:UO_0000187","valueDescr":"A dimensionless ratio unit which denotes numbers as fractions of 100.","groupNest":["http://www.bioassayontology.org/bao#BAX_0000017"],"groupLabel":["measurement"],"valueHier":["http://purl.obolibrary.org/obo/UO_0000190","http://purl.obolibrary.org/obo/UO_0000186","http://purl.obolibrary.org/obo/UO_0000000"],"labelHier":["ratio","dimensionless unit","unit"]},{"propURI":"http://www.bioassayontology.org/bao#BAO_0000211","propLabel":"target","propAbbrev":"bao:BAO_0000211","valueURI":"http://www.drugtargetontology.org/dto/DTO_02100282","valueLabel":"Neuropeptide y receptor type 2","valueAbbrev":"dto:DTO_02100282","valueDescr":"","groupNest":[],"groupLabel":[],"valueHier":["http://www.drugtargetontology.org/dto/DTO_02300071","http://www.drugtargetontology.org/dto/DTO_02300002","http://www.drugtargetontology.org/dto/DTO_02300001","http://www.drugtargetontology.org/dto/DTO_00100000"],"labelHier":["Neuropeptide Y receptor","Class A rhodopsin like","GPCR","Protein"]},{"propURI":"http://www.bioassayontology.org/bao#BAO_0000210","propLabel":"screening campaign stage","propAbbrev":"bao:BAO_0000210","valueURI":"http://www.bioassayontology.org/bao#BAO_0000030","valueLabel":"confirmatory assay","valueAbbrev":"bao:BAO_0000030","valueDescr":"Assay performed to confirm activity of compounds identified in the primary screen.  It can be performed as replicate measurements at a single screening concentration or as concentration-response assay.","groupNest":[],"groupLabel":[],"valueHier":["http://www.bioassayontology.org/bao#BAO_0000029"],"labelHier":["assay screening campaign stage"]},{"propURI":"http://www.bioassayontology.org/bao#BAX_0000012","propLabel":"protein identity","propAbbrev":"bao:BAX_0000012","valueURI":"http://www.bioassayontology.org/protein#4505447","valueLabel":"neuropeptide Y receptor type 2 [Homo sapiens]","valueAbbrev":"protein:4505447","valueDescr":"Protein: neuropeptide Y receptor type 2 [Homo sapiens], Organism: Homo sapiens","groupNest":[],"groupLabel":[],"valueHier":["http://www.bioassayontology.org/taxon#9606","http://www.bioassayontology.org/taxon#9605","http://www.bioassayontology.org/taxon#314295","http://www.bioassayontology.org/taxon#9526","http://www.bioassayontology.org/taxon#9443","http://www.bioassayontology.org/taxon#314146","http://www.bioassayontology.org/taxon#40674","http://www.bioassayontology.org/taxon#32524","http://www.bioassayontology.org/taxon#8287","http://www.bioassayontology.org/taxon#117570","http://www.bioassayontology.org/taxon#7711","http://www.bioassayontology.org/taxon#33511","http://www.bioassayontology.org/taxon#33213","http://www.bioassayontology.org/taxon#33208","http://www.bioassayontology.org/taxon#33154","http://www.bioassayontology.org/taxon#2759","http://www.bioassayontology.org/taxon#131567","http://www.bioassayontology.org/taxon#Root"],"labelHier":["Homo sapiens","Homo","Hominoidea / Hominidae / Homininae","Catarrhini","Primates / Haplorrhini / Simiiformes","Euarchontoglires","Mammalia / Theria / Eutheria / Boreoeutheria","Amniota","Sarcopterygii / Dipnotetrapodomorpha / Tetrapoda","Teleostomi / Euteleostomi","Chordata / Craniata / Vertebrata / Gnathostomata","Deuterostomia","Bilateria","Metazoa / Eumetazoa","Opisthokonta","Eukaryota","cellular organisms","Faux ProteinID"]},{"propURI":"http://www.bioassayontology.org/bao#BAX_0000011","propLabel":"gene identity","propAbbrev":"bao:BAX_0000011","valueURI":"http://www.bioassayontology.org/geneid#4887","valueLabel":"NPY2R: neuropeptide Y receptor Y2","valueAbbrev":"geneid:4887","valueDescr":"","groupNest":[],"groupLabel":[],"valueHier":["http://www.bioassayontology.org/geneid#Homo_sapiens","http://www.bioassayontology.org/geneid#Mammalia","http://www.bioassayontology.org/geneid#Root"],"labelHier":["Homo sapiens","Mammalia","Faux GeneID"]},{"propURI":"http://www.bioassayontology.org/bao#BAO_0002663","propLabel":"assay kit","propAbbrev":"bao:BAO_0002663","valueURI":"http://www.bioassayontology.org/bao#BAO_0140011","valueLabel":"ACTOne cAMP biosensor assay (BD Biosciences; CodexBIosolutions)","valueAbbrev":"bao:BAO_0140011","valueDescr":"This assay  directly measures the intracellular concentration of the second messenger cAMPin living cells, in real-time. It works with cell lines that contain a proprietary exogenous Cyclic Nucleotide-Gated (CNG) channel (BD Biosciences,  sold to CodexBiosolutions; both in Maryland). The channel is activated by elevated intracellular levels of cAMP, resulting in ion flux (detectable by calcium-responsive dyes) and cell membrane depolarization which can be detected with a fluorescent membrane potential (MP) dye.","groupNest":[],"groupLabel":[],"valueHier":["http://www.bioassayontology.org/bao#BAO_0000248"],"labelHier":["assay kit"]},{"propURI":"http://www.bioassayontology.org/bao#BAO_0000207","propLabel":"physical detection method","propAbbrev":"bao:BAO_0000207","valueURI":"http://www.bioassayontology.org/bao#BAO_0000363","valueLabel":"fluorescence intensity","valueAbbrev":"bao:BAO_0000363","valueDescr":"Fluorescence intensity is the measure of fluorescence from a sample.","groupNest":[],"groupLabel":[],"valueHier":["http://www.bioassayontology.org/bao#BAO_0000046","http://www.bioassayontology.org/bao#BAO_0000035"],"labelHier":["fluorescence method","physical detection method"]},{"propURI":"http://www.bioassayontology.org/bao#BAO_0095010","propLabel":"assay supporting method","propAbbrev":"bao:BAO_0095010","valueURI":"http://www.bioassayontology.org/bao#BAO_0000246","valueLabel":"stable transfection","valueAbbrev":"bao:BAO_0000246","valueDescr":"In this method, the introduced plasmid construct is stably integrated in the cellular genome, and is hence a permanent modification of the cells. This is achieved by selecting for cells which express a plasmid-encoded selectable marker, which is commonly an antibiotic resistance protein.","groupNest":[],"groupLabel":[],"valueHier":["http://www.bioassayontology.org/bao#BAO_0000245","http://www.bioassayontology.org/bao#BAO_0002155","http://www.bioassayontology.org/bao#BAO_0002198","http://www.bioassayontology.org/bao#BAO_0002429"],"labelHier":["transfection method","silencing RNA delivery method","delivery method","assay supporting method"]},{"propURI":"http://www.bioassayontology.org/bao#BAO_0002852","propLabel":"assay sources","propAbbrev":"bao:BAO_0002852","valueURI":"http://www.bioassayexpress.org/sources#SRC_0000026","valueLabel":"Molecular Screening Center (The Scripps Research Institute)","valueAbbrev":"src:SRC_0000026","valueDescr":"The Scripps Research Institute Molecular Screening Center.","groupNest":[],"groupLabel":[],"externalURLs":["http://mlpcn.florida.scripps.edu"],"valueHier":["http://www.bioassayexpress.org/sources#pubchem_sources","http://www.bioassayontology.org/bao#BAO_0002934"],"labelHier":["PubChem Sources","organization"]},{"propURI":"http://www.bioassayontology.org/bao#BAO_0002800","propLabel":"assay cell line","propAbbrev":"bao:BAO_0002800","valueURI":"http://purl.obolibrary.org/obo/CLO_0001230","valueLabel":"HEK293","valueAbbrev":"obo:CLO_0001230","valueDescr":"","groupNest":[],"groupLabel":[],"altLabels":["HEK 293","HEK-293","293 HEK","293","293 cell","Human Embryonic Kidney 293"],"valueHier":["http://purl.obolibrary.org/obo/CLO_0000019","http://purl.obolibrary.org/obo/CLO_0000001"],"labelHier":["immortal cell line cell","cell line cell"]},{"propURI":"http://www.bioassayontology.org/bao#BAO_0002867","propLabel":"assay footprint","propAbbrev":"bao:BAO_0002867","valueURI":"http://www.bioassayontology.org/bao#BAO_0002517","valueLabel":"T-175","valueAbbrev":"bao:BAO_0002517","valueDescr":"","groupNest":[],"groupLabel":[],"valueHier":["http://www.bioassayontology.org/bao#BAO_0002192","http://www.bioassayontology.org/bao#BAO_0000512"],"labelHier":["tissue culture flask","assay footprint"]},{"propURI":"http://www.bioassayontology.org/bao#BAO_0000539","valueLabel":"pubchemAID:1359","propAbbrev":"bao:BAO_0000539","groupNest":[],"propLabel":"related assays","groupLabel":[]},{"propURI":"http://www.bioassayontology.org/bao#BAO_0002853","valueLabel":"Confirmation cell-based high-throughput screening assay for potentiators or agonists of NPY-Y2","propAbbrev":"bao:BAO_0002853","groupNest":[],"propLabel":"assay title","groupLabel":[]}],"pubchemXRef":[{"type":"mim","id":"162642","comment":""},{"type":"gene","id":"4887","comment":"NPY2R neuropeptide Y receptor Y2 [ Homo sapiens ]"},{"type":"pmid","id":"2664885","comment":""},{"type":"pmid","id":"12384178","comment":""},{"type":"pmid","id":"3010387","comment":""},{"type":"pmid","id":"12742262","comment":""},{"type":"dburl","id":"http://mlpcn.florida.scripps.edu/","comment":""},{"type":"aid","id":"1359","comment":""},{"type":"protein_gi","id":"4505447","comment":"neuropeptide Y receptor Y2 [Homo sapiens]"}],"curationTime":1523301512052,"curatorID":"google:108375455890260223170","curatorName":"","curatorEmail":"aclark.xyz@gmail.com","history":[{"curationTime":1482017568791,"curatorID":"orcid:0000-0003-2629-5583","annotsAdded":[{"propURI":"http://www.bioassayontology.org/bao#BAO_0000207","propLabel":"physical detection method","propAbbrev":"bao:BAO_0000207","valueURI":"http://www.bioassayontology.org/bao#BAO_0000363","valueLabel":"fluorescence intensity","valueAbbrev":"bao:BAO_0000363","valueDescr":"Fluorescence intensity is the measure of fluorescence from a sample.","valueHier":["http://www.bioassayontology.org/bao#BAO_0000046","http://www.bioassayontology.org/bao#BAO_0000035"],"labelHier":["fluorescence method","physical detection method"]},{"propURI":"http://www.bioassayontology.org/bao#BAO_0002663","propLabel":"assay kit","propAbbrev":"bao:BAO_0002663","valueURI":"http://www.bioassayontology.org/bao#BAO_0140011","valueLabel":"ACTOne cAMP biosensor assay (BD Biosciences; CodexBIosolutions)","valueAbbrev":"bao:BAO_0140011","valueDescr":"This assay  directly measures the intracellular concentration of the second messenger cAMPin living cells, in real-time. It works with cell lines that contain a proprietary exogenous Cyclic Nucleotide-Gated (CNG) channel (BD Biosciences,  sold to CodexBiosolutions; both in Maryland). The channel is activated by elevated intracellular levels of cAMP, resulting in ion flux (detectable by calcium-responsive dyes) and cell membrane depolarization which can be detected with a fluorescent membrane potential (MP) dye.","valueHier":["http://www.bioassayontology.org/bao#BAO_0000248"],"labelHier":["assay kit"]}],"annotsRemoved":[{"propURI":"http://www.bioassayontology.org/bao#BAO_0002663","propLabel":"assay kit","propAbbrev":"bao:BAO_0002663","valueURI":"http://www.bioassayontology.org/bao#BAO_0000248","valueLabel":"assay kit","valueAbbrev":"bao:BAO_0000248","valueDescr":"The title of the kit/biologicals used in the assay.","valueHier":[],"labelHier":[]},{"propURI":"http://www.bioassayontology.org/bao#BAO_0000207","propLabel":"physical detection method","propAbbrev":"bao:BAO_0000207","valueURI":"http://www.bioassayontology.org/bao#BAO_0000046","valueLabel":"fluorescence method","valueAbbrev":"bao:BAO_0000046","valueDescr":"Detection techniques that use the principles of fluorescence, whereby incident light excites a fluorophore which then emits light at lower energy (higher wavelength). The emitted light is typically from the visible portion of the UV-Visible spectrum.","valueHier":["http://www.bioassayontology.org/bao#BAO_0000035"],"labelHier":["physical detection method"]},{"propURI":"http://www.bioassayontology.org/bao#BAO_0002663","propLabel":"assay kit","propAbbrev":"bao:BAO_0002663","valueURI":"http://www.bioassayontology.org/bat#RequiresTerm","valueLabel":"requires term","valueAbbrev":"bat:RequiresTerm","valueDescr":"An appropriate term could not be found in the underlying ontologies: it may be necessary to create a new one.","valueHier":["http://www.bioassayontology.org/bat#Absence"],"labelHier":["absence"]}],"labelsAdded":[{"propURI":"http://www.bioassayontology.org/bao#BAO_0000207","valueLabel":"fluorescence intensity","propAbbrev":"bao:BAO_0000207","propLabel":"physical detection method"},{"propURI":"http://www.bioassayontology.org/bao#BAO_0002663","valueLabel":"ACTOne cAMP biosensor assay (BD Biosciences; CodexBIosolutions)","propAbbrev":"bao:BAO_0002663","propLabel":"assay kit"}],"labelsRemoved":[{"propURI":"http://www.bioassayontology.org/bao#BAO_0002663","valueLabel":"assay kit","propAbbrev":"bao:BAO_0002663","propLabel":"assay kit"},{"propURI":"http://www.bioassayontology.org/bao#BAO_0000207","valueLabel":"fluorescence method","propAbbrev":"bao:BAO_0000207","propLabel":"physical detection method"},{"propURI":"http://www.bioassayontology.org/bao#BAO_0002663","valueLabel":"requires term","propAbbrev":"bao:BAO_0002663","propLabel":"assay kit"}],"notesModified":{}},{"curationTime":1482417254474,"curatorID":"orcid:0000-0002-3395-4666","annotsAdded":[{"propURI":"http://www.bioassayontology.org/bao#BAX_0000013","propAbbrev":"bao:BAX_0000013","valueURI":"http://www.bioassayontology.org/bao#BAO_0000246","valueLabel":"stable transfection","valueAbbrev":"bao:BAO_0000246","valueDescr":"In this method, the introduced plasmid construct is stably integrated in the cellular genome, and is hence a permanent modification of the cells. This is achieved by selecting for cells which express a plasmid-encoded selectable marker, which is commonly an antibiotic resistance protein.","valueHier":[],"labelHier":[],"outOfSchema":true}],"annotsRemoved":[{"propURI":"http://www.bioassayontology.org/bao#BAX_0000003","propAbbrev":"bao:BAX_0000003","valueURI":"http://www.bioassayontology.org/bao#BAO_0000246","valueLabel":"stable transfection","valueAbbrev":"bao:BAO_0000246","valueDescr":"In this method, the introduced plasmid construct is stably integrated in the cellular genome, and is hence a permanent modification of the cells. This is achieved by selecting for cells which express a plasmid-encoded selectable marker, which is commonly an antibiotic resistance protein.","valueHier":[],"labelHier":[],"outOfSchema":true}],"labelsAdded":[{"propURI":"http://www.bioassayontology.org/bao#BAX_0000013","valueLabel":"stable transfection","propAbbrev":"bao:BAX_0000013"}],"labelsRemoved":[{"propURI":"http://www.bioassayontology.org/bao#BAX_0000003","valueLabel":"stable transfection","propAbbrev":"bao:BAX_0000003"}],"notesModified":{}},{"curationTime":1492468131410,"curatorID":"admin","annotsAdded":[{"propURI":"http://www.bioassayontology.org/bao#BAO_0002854","propLabel":"bioassay type","propAbbrev":"bao:BAO_0002854","valueURI":"http://www.bioassayontology.org/bao#BAO_0000010","valueLabel":"functional","valueAbbrev":"bao:BAO_0000010","valueDescr":"An assay where the measured signal corresponds to a complex response such as cell survival, proliferation, localization of a protein, nuclear translocation etc. The molecular target is not assumed.","valueHier":["http://www.bioassayontology.org/bao#BAO_0000008"],"labelHier":["bioassay type"]}],"annotsRemoved":[{"propURI":"http://www.bioassayontology.org/bao#BAX_0000002","propLabel":"has bioassay type","propAbbrev":"bao:BAX_0000002","valueURI":"http://www.bioassayontology.org/bao#BAO_0000010","valueLabel":"functional","valueAbbrev":"bao:BAO_0000010","valueDescr":"An assay where the measured signal corresponds to a complex response such as cell survival, proliferation, localization of a protein, nuclear translocation etc. The molecular target is not assumed.","valueHier":[],"labelHier":[],"outOfSchema":true}],"labelsAdded":[{"propURI":"http://www.bioassayontology.org/bao#BAO_0002854","valueLabel":"functional","propAbbrev":"bao:BAO_0002854","propLabel":"bioassay type"}],"labelsRemoved":[{"propURI":"http://www.bioassayontology.org/bao#BAX_0000002","valueLabel":"functional","propAbbrev":"bao:BAX_0000002","propLabel":"has bioassay type"}],"notesModified":{}},{"curationTime":1492468131410,"curatorID":"admin","annotsAdded":[{"propURI":"http://www.bioassayontology.org/bao#BAO_0002009","propLabel":"biological process","propAbbrev":"bao:BAO_0002009","valueURI":"http://purl.obolibrary.org/obo/GO_0019933","valueLabel":"cAMP-mediated signaling","valueAbbrev":"obo:GO_0019933","valueDescr":"Any intracellular signal transduction in which the signal is passed on within the cell via cyclic AMP (cAMP). Includes production of cAMP, and downstream effectors that further transmit the signal within the cell.","valueHier":["http://purl.obolibrary.org/obo/GO_0019935","http://purl.obolibrary.org/obo/GO_0019932","http://purl.obolibrary.org/obo/GO_0035556","http://purl.obolibrary.org/obo/GO_0007165","http://purl.obolibrary.org/obo/GO_0008150","http://www.bioassayontology.org/bao#BAO_0003114"],"labelHier":["cyclic-nucleotide-mediated signaling","second-messenger-mediated signaling","intracellular signal transduction","signal transduction","biological process","assay biology component"]},{"propURI":"http://www.bioassayontology.org/bao#BAO_0002009","propLabel":"biological process","propAbbrev":"bao:BAO_0002009","valueURI":"http://purl.obolibrary.org/obo/GO_0007186","valueLabel":"G-protein coupled receptor signaling pathway","valueAbbrev":"obo:GO_0007186","valueDescr":"A series of molecular signals that proceeds with an activated receptor promoting the exchange of GDP for GTP on the alpha-subunit of an associated heterotrimeric G-protein complex. The GTP-bound activated alpha-G-protein then dissociates from the beta- and gamma-subunits to further transmit the signal within the cell. The pathway begins with receptor-ligand interaction, or for basal GPCR signaling the pathway begins with the receptor activating its G protein in the absence of an agonist, and ends with regulation of a downstream cellular process, e.g. transcription.  The pathway can start from the plasma membrane, Golgi or nuclear membrane (PMID:24568158 and PMID:16902576).","valueHier":["http://purl.obolibrary.org/obo/GO_0008150","http://www.bioassayontology.org/bao#BAO_0003114"],"labelHier":["biological process","assay biology component"]},{"propURI":"http://www.bioassayontology.org/bao#BAO_0002009","propLabel":"biological process","propAbbrev":"bao:BAO_0002009","valueURI":"http://purl.obolibrary.org/obo/GO_0007218","valueLabel":"neuropeptide signaling pathway","valueAbbrev":"obo:GO_0007218","valueDescr":"The series of molecular signals generated as a consequence of a peptide neurotransmitter binding to a cell surface receptor.","valueHier":["http://purl.obolibrary.org/obo/GO_0007186","http://purl.obolibrary.org/obo/GO_0008150","http://www.bioassayontology.org/bao#BAO_0003114"],"labelHier":["G-protein coupled receptor signaling pathway","biological process","assay biology component"]}],"annotsRemoved":[{"propURI":"http://www.bioassayontology.org/bao#BAX_0000004","propAbbrev":"bao:BAX_0000004","valueURI":"http://purl.obolibrary.org/obo/GO_0007186","valueLabel":"G-protein coupled receptor signaling pathway","valueAbbrev":"obo:GO_0007186","valueDescr":"A series of molecular signals that proceeds with an activated receptor promoting the exchange of GDP for GTP on the alpha-subunit of an associated heterotrimeric G-protein complex. The GTP-bound activated alpha-G-protein then dissociates from the beta- and gamma-subunits to further transmit the signal within the cell. The pathway begins with receptor-ligand interaction, or for basal GPCR signaling the pathway begins with the receptor activating its G protein in the absence of an agonist, and ends with regulation of a downstream cellular process, e.g. transcription.  The pathway can start from the plasma membrane, Golgi or nuclear membrane (PMID:24568158 and PMID:16902576).","valueHier":[],"labelHier":[],"outOfSchema":true},{"propURI":"http://www.bioassayontology.org/bao#BAX_0000004","propAbbrev":"bao:BAX_0000004","valueURI":"http://purl.obolibrary.org/obo/GO_0019933","valueLabel":"cAMP-mediated signaling","valueAbbrev":"obo:GO_0019933","valueDescr":"Any intracellular signal transduction in which the signal is passed on within the cell via cyclic AMP (cAMP). Includes production of cAMP, and downstream effectors that further transmit the signal within the cell.","valueHier":[],"labelHier":[],"outOfSchema":true},{"propURI":"http://www.bioassayontology.org/bao#BAX_0000004","propAbbrev":"bao:BAX_0000004","valueURI":"http://purl.obolibrary.org/obo/GO_0007218","valueLabel":"neuropeptide signaling pathway","valueAbbrev":"obo:GO_0007218","valueDescr":"The series of molecular signals generated as a consequence of a peptide neurotransmitter binding to a cell surface receptor.","valueHier":[],"labelHier":[],"outOfSchema":true}],"labelsAdded":[{"propURI":"http://www.bioassayontology.org/bao#BAO_0002009","valueLabel":"cAMP-mediated signaling","propAbbrev":"bao:BAO_0002009","propLabel":"biological process"},{"propURI":"http://www.bioassayontology.org/bao#BAO_0002009","valueLabel":"G-protein coupled receptor signaling pathway","propAbbrev":"bao:BAO_0002009","propLabel":"biological process"},{"propURI":"http://www.bioassayontology.org/bao#BAO_0002009","valueLabel":"neuropeptide signaling pathway","propAbbrev":"bao:BAO_0002009","propLabel":"biological process"}],"labelsRemoved":[{"propURI":"http://www.bioassayontology.org/bao#BAX_0000004","valueLabel":"G-protein coupled receptor signaling pathway","propAbbrev":"bao:BAX_0000004"},{"propURI":"http://www.bioassayontology.org/bao#BAX_0000004","valueLabel":"cAMP-mediated signaling","propAbbrev":"bao:BAX_0000004"},{"propURI":"http://www.bioassayontology.org/bao#BAX_0000004","valueLabel":"neuropeptide signaling pathway","propAbbrev":"bao:BAX_0000004"}],"notesModified":{}},{"curationTime":1492468131410,"curatorID":"admin","annotsAdded":[{"propURI":"http://www.bioassayontology.org/bao#BAO_0002848","propLabel":"applies to disease","propAbbrev":"bao:BAO_0002848","valueURI":"http://purl.obolibrary.org/obo/DOID_863","valueLabel":"nervous system disease","valueAbbrev":"obo:DOID_863","valueDescr":"A disease of anatomical entity that is located_in the central nervous system or located_in the peripheral nervous system.","valueHier":["http://purl.obolibrary.org/obo/DOID_7","http://purl.obolibrary.org/obo/DOID_4"],"labelHier":["disease of anatomical entity","Disease"]},{"propURI":"http://www.bioassayontology.org/bao#BAO_0002848","propLabel":"applies to disease","propAbbrev":"bao:BAO_0002848","valueURI":"http://purl.obolibrary.org/obo/DOID_14183","valueLabel":"alcoholic neuropathy","valueAbbrev":"obo:DOID_14183","valueDescr":"","valueHier":["http://purl.obolibrary.org/obo/DOID_2537","http://purl.obolibrary.org/obo/DOID_870","http://purl.obolibrary.org/obo/DOID_574","http://purl.obolibrary.org/obo/DOID_863","http://purl.obolibrary.org/obo/DOID_7","http://purl.obolibrary.org/obo/DOID_4"],"labelHier":["inflammatory and toxic neuropathy","neuropathy","peripheral nervous system disease","nervous system disease","disease of anatomical entity","Disease"]}],"annotsRemoved":[{"propURI":"http://www.bioassayontology.org/bao#BAX_0000010","propAbbrev":"bao:BAX_0000010","valueURI":"http://purl.obolibrary.org/obo/DOID_863","valueLabel":"nervous system disease","valueAbbrev":"obo:DOID_863","valueDescr":"A disease of anatomical entity that is located_in the central nervous system or located_in the peripheral nervous system.","valueHier":[],"labelHier":[],"outOfSchema":true},{"propURI":"http://www.bioassayontology.org/bao#BAX_0000010","propAbbrev":"bao:BAX_0000010","valueURI":"http://purl.obolibrary.org/obo/DOID_14183","valueLabel":"alcoholic neuropathy","valueAbbrev":"obo:DOID_14183","valueDescr":"","valueHier":[],"labelHier":[],"outOfSchema":true}],"labelsAdded":[{"propURI":"http://www.bioassayontology.org/bao#BAO_0002848","valueLabel":"nervous system disease","propAbbrev":"bao:BAO_0002848","propLabel":"applies to disease"},{"propURI":"http://www.bioassayontology.org/bao#BAO_0002848","valueLabel":"alcoholic neuropathy","propAbbrev":"bao:BAO_0002848","propLabel":"applies to disease"}],"labelsRemoved":[{"propURI":"http://www.bioassayontology.org/bao#BAX_0000010","valueLabel":"nervous system disease","propAbbrev":"bao:BAX_0000010"},{"propURI":"http://www.bioassayontology.org/bao#BAX_0000010","valueLabel":"alcoholic neuropathy","propAbbrev":"bao:BAX_0000010"}],"notesModified":{}},{"curationTime":1492468131410,"curatorID":"admin","annotsAdded":[{"propURI":"http://www.bioassayontology.org/bao#BAO_0000208","propLabel":"result","propAbbrev":"bao:BAO_0000208","valueURI":"http://www.bioassayontology.org/bao#BAO_0000200","valueLabel":"percent activation","valueAbbrev":"bao:BAO_0000200","valueDescr":"Percent increase of a measureable response relative to some baseline. Unit of Measure is always % when normalized to the dynamic range of the assay.\nPercent activity measures the increased activity vs. an unperturbed state, i.e. percent activation := percent activity - 100; e.g. an agonist that results in twice the activity would have percent activity = 200 and percent activation = 100.\n","altLabels":["% activation"],"valueHier":["http://www.bioassayontology.org/bao#BAO_0000082","http://www.bioassayontology.org/bao#BAO_0000181","http://www.bioassayontology.org/bao#BAO_0000179"],"labelHier":["percent response","response endpoint","endpoint"]}],"annotsRemoved":[{"propURI":"http://www.bioassayontology.org/bao#BAX_0000006","propAbbrev":"bao:BAX_0000006","valueURI":"http://www.bioassayontology.org/bao#BAO_0000200","valueLabel":"percent activation","valueAbbrev":"bao:BAO_0000200","valueDescr":"Percent increase of a measureable response relative to some baseline. Unit of Measure is always % when normalized to the dynamic range of the assay.\nPercent activity measures the increased activity vs. an unperturbed state, i.e. percent activation := percent activity - 100; e.g. an agonist that results in twice the activity would have percent activity = 200 and percent activation = 100.\n","valueHier":[],"labelHier":[],"outOfSchema":true}],"labelsAdded":[{"propURI":"http://www.bioassayontology.org/bao#BAO_0000208","valueLabel":"percent activation","propAbbrev":"bao:BAO_0000208","propLabel":"result"}],"labelsRemoved":[{"propURI":"http://www.bioassayontology.org/bao#BAX_0000006","valueLabel":"percent activation","propAbbrev":"bao:BAX_0000006"}],"notesModified":{}},{"curationTime":1492468131410,"curatorID":"admin","annotsAdded":[{"propURI":"http://www.bioassayontology.org/bao#BAO_0002874","propLabel":"units","propAbbrev":"bao:BAO_0002874","valueURI":"http://purl.org/obo/owl/UO#UO_0000187","valueAbbrev":"uo:UO_0000187","valueHier":[],"labelHier":[],"outOfSchema":true}],"annotsRemoved":[{"propURI":"http://www.bioassayontology.org/bao#BAX_0000007","propAbbrev":"bao:BAX_0000007","valueURI":"http://purl.org/obo/owl/UO#UO_0000187","valueAbbrev":"uo:UO_0000187","valueHier":[],"labelHier":[],"outOfSchema":true}],"labelsAdded":[{"propURI":"http://www.bioassayontology.org/bao#BAO_0002874","valueLabel":"percent","propAbbrev":"bao:BAO_0002874","propLabel":"units"}],"labelsRemoved":[{"propURI":"http://www.bioassayontology.org/bao#BAX_0000007","valueLabel":"percent","propAbbrev":"bao:BAX_0000007"}],"notesModified":{}},{"curationTime":1492468131410,"curatorID":"admin","annotsAdded":[{"propURI":"http://www.bioassayontology.org/bao#BAO_0095009","propLabel":"assay design method","propAbbrev":"bao:BAO_0095009","valueURI":"http://www.bioassayontology.org/bao#BAO_0000425","valueLabel":"dye binding method","valueAbbrev":"bao:BAO_0000425","valueDescr":"Most often, the mitochondrial membrane potential which is called delta-psi is quantitated by staining with specific dyes whose binding is dependent on the potential.","valueHier":["http://www.bioassayontology.org/bao#BAO_0000377","http://www.bioassayontology.org/bao#BAO_0002202"],"labelHier":["membrane potential measurement method","assay design method"]},{"propURI":"http://www.bioassayontology.org/bao#BAO_0095009","propLabel":"assay design method","propAbbrev":"bao:BAO_0095009","valueURI":"http://www.bioassayontology.org/bao#BAO_0000377","valueLabel":"membrane potential measurement method","valueAbbrev":"bao:BAO_0000377","valueDescr":"All living cells maintain a resting membrane potential, which is the difference in voltage between the interior and exterior of the cell. Electrically active cells, such as neurons, muscle and endocrine cells undergo changes in membrane potential due to depolarization and hyperpolarization as a result of opening and closing of ion channels. Action potentials are large and rapid changes in membrane potential which are generated as a result of a large depolarization event. In neurons, action potentials are used to transmit signals across neurons, while in muscle and endocrine cells, they lead to intracellular events, such as muscle contraction and hormone release, respectively.\nIn addition, mitochondria possess a trans-membrane potential as a result of their respiratory function.\nMembrane potential can be measured either by using electrophysiological techniques or by staining with dyes whose binding is dependent on the membrane potential.","valueHier":["http://www.bioassayontology.org/bao#BAO_0002202"],"labelHier":["assay design method"]}],"annotsRemoved":[{"propURI":"http://www.bioassayontology.org/bao#BAX_0000003","propAbbrev":"bao:BAX_0000003","valueURI":"http://www.bioassayontology.org/bao#BAO_0000425","valueLabel":"dye binding method","valueAbbrev":"bao:BAO_0000425","valueDescr":"Most often, the mitochondrial membrane potential which is called delta-psi is quantitated by staining with specific dyes whose binding is dependent on the potential.","valueHier":[],"labelHier":[],"outOfSchema":true},{"propURI":"http://www.bioassayontology.org/bao#BAX_0000003","propAbbrev":"bao:BAX_0000003","valueURI":"http://www.bioassayontology.org/bao#BAO_0000377","valueLabel":"membrane potential measurement method","valueAbbrev":"bao:BAO_0000377","valueDescr":"All living cells maintain a resting membrane potential, which is the difference in voltage between the interior and exterior of the cell. Electrically active cells, such as neurons, muscle and endocrine cells undergo changes in membrane potential due to depolarization and hyperpolarization as a result of opening and closing of ion channels. Action potentials are large and rapid changes in membrane potential which are generated as a result of a large depolarization event. In neurons, action potentials are used to transmit signals across neurons, while in muscle and endocrine cells, they lead to intracellular events, such as muscle contraction and hormone release, respectively.\nIn addition, mitochondria possess a trans-membrane potential as a result of their respiratory function.\nMembrane potential can be measured either by using electrophysiological techniques or by staining with dyes whose binding is dependent on the membrane potential.","valueHier":[],"labelHier":[],"outOfSchema":true}],"labelsAdded":[{"propURI":"http://www.bioassayontology.org/bao#BAO_0095009","valueLabel":"dye binding method","propAbbrev":"bao:BAO_0095009","propLabel":"assay design method"},{"propURI":"http://www.bioassayontology.org/bao#BAO_0095009","valueLabel":"membrane potential measurement method","propAbbrev":"bao:BAO_0095009","propLabel":"assay design method"}],"labelsRemoved":[{"propURI":"http://www.bioassayontology.org/bao#BAX_0000003","valueLabel":"dye binding method","propAbbrev":"bao:BAX_0000003"},{"propURI":"http://www.bioassayontology.org/bao#BAX_0000003","valueLabel":"membrane potential measurement method","propAbbrev":"bao:BAX_0000003"}],"notesModified":{}},{"curationTime":1492468131410,"curatorID":"admin","annotsAdded":[{"propURI":"http://www.bioassayontology.org/bao#BAO_0095010","propLabel":"assay supporting method","propAbbrev":"bao:BAO_0095010","valueURI":"http://www.bioassayontology.org/bao#BAO_0000246","valueLabel":"stable transfection","valueAbbrev":"bao:BAO_0000246","valueDescr":"In this method, the introduced plasmid construct is stably integrated in the cellular genome, and is hence a permanent modification of the cells. This is achieved by selecting for cells which express a plasmid-encoded selectable marker, which is commonly an antibiotic resistance protein.","valueHier":["http://www.bioassayontology.org/bao#BAO_0000245","http://www.bioassayontology.org/bao#BAO_0002155","http://www.bioassayontology.org/bao#BAO_0002198","http://www.bioassayontology.org/bao#BAO_0002429"],"labelHier":["transfection method","silencing RNA delivery method","delivery method","assay supporting method"]}],"annotsRemoved":[{"propURI":"http://www.bioassayontology.org/bao#BAX_0000013","propAbbrev":"bao:BAX_0000013","valueURI":"http://www.bioassayontology.org/bao#BAO_0000246","valueLabel":"stable transfection","valueAbbrev":"bao:BAO_0000246","valueDescr":"In this method, the introduced plasmid construct is stably integrated in the cellular genome, and is hence a permanent modification of the cells. This is achieved by selecting for cells which express a plasmid-encoded selectable marker, which is commonly an antibiotic resistance protein.","valueHier":[],"labelHier":[],"outOfSchema":true}],"labelsAdded":[{"propURI":"http://www.bioassayontology.org/bao#BAO_0095010","valueLabel":"stable transfection","propAbbrev":"bao:BAO_0095010","propLabel":"assay supporting method"}],"labelsRemoved":[{"propURI":"http://www.bioassayontology.org/bao#BAX_0000013","valueLabel":"stable transfection","propAbbrev":"bao:BAX_0000013"}],"notesModified":{}},{"curationTime":1492468131410,"curatorID":"admin","annotsAdded":[{"propURI":"http://www.bioassayontology.org/bao#BAO_0000211","propLabel":"target","propAbbrev":"bao:BAO_0000211","valueURI":"http://www.drugtargetontology.org/dto/DTO_02100282","valueLabel":"Neuropeptide y receptor type 2","valueAbbrev":"dto:DTO_02100282","valueDescr":"","valueHier":["http://www.drugtargetontology.org/dto/DTO_02300071","http://www.drugtargetontology.org/dto/DTO_02300002","http://www.drugtargetontology.org/dto/DTO_02300001","http://www.drugtargetontology.org/dto/DTO_00100000"],"labelHier":["Neuropeptide Y receptor","Class A rhodopsin like","GPCR","Protein"]},{"propURI":"http://www.bioassayontology.org/bao#BAO_0000211","propLabel":"target","propAbbrev":"bao:BAO_0000211","valueURI":"http://www.drugtargetontology.org/dto/DTO_02300071","valueLabel":"Neuropeptide Y receptor","valueAbbrev":"dto:DTO_02300071","valueDescr":"","valueHier":["http://www.drugtargetontology.org/dto/DTO_02300002","http://www.drugtargetontology.org/dto/DTO_02300001","http://www.drugtargetontology.org/dto/DTO_00100000"],"labelHier":["Class A rhodopsin like","GPCR","Protein"]}],"annotsRemoved":[{"propURI":"http://www.bioassayontology.org/bao#BAX_0000005","propAbbrev":"bao:BAX_0000005","valueURI":"http://www.drugtargetontology.org/dto/DTO_02300071","valueLabel":"Neuropeptide Y receptor","valueAbbrev":"dto:DTO_02300071","valueDescr":"","valueHier":[],"labelHier":[],"outOfSchema":true},{"propURI":"http://www.bioassayontology.org/bao#BAX_0000005","propAbbrev":"bao:BAX_0000005","valueURI":"http://www.drugtargetontology.org/dto/DTO_02100282","valueLabel":"Neuropeptide y receptor type 2","valueAbbrev":"dto:DTO_02100282","valueDescr":"","valueHier":[],"labelHier":[],"outOfSchema":true}],"labelsAdded":[{"propURI":"http://www.bioassayontology.org/bao#BAO_0000211","valueLabel":"Neuropeptide y receptor type 2","propAbbrev":"bao:BAO_0000211","propLabel":"target"},{"propURI":"http://www.bioassayontology.org/bao#BAO_0000211","valueLabel":"Neuropeptide Y receptor","propAbbrev":"bao:BAO_0000211","propLabel":"target"}],"labelsRemoved":[{"propURI":"http://www.bioassayontology.org/bao#BAX_0000005","valueLabel":"Neuropeptide Y receptor","propAbbrev":"bao:BAX_0000005"},{"propURI":"http://www.bioassayontology.org/bao#BAX_0000005","valueLabel":"Neuropeptide y receptor type 2","propAbbrev":"bao:BAX_0000005"}],"notesModified":{}},{"curationTime":1492468131410,"curatorID":"admin","annotsAdded":[{"propURI":"http://www.bioassayontology.org/bao#BAO_0002855","propLabel":"bioassay","propAbbrev":"bao:BAO_0002855","valueURI":"http://www.bioassayontology.org/bao#BAO_0002194","valueLabel":"plasma membrane potential assay","valueAbbrev":"bao:BAO_0002194","valueDescr":"","valueHier":["http://www.bioassayontology.org/bao#BAO_0002996","http://www.bioassayontology.org/bao#BAO_0000015"],"labelHier":["membrane potential assay","bioassay"]},{"propURI":"http://www.bioassayontology.org/bao#BAO_0002855","propLabel":"bioassay","propAbbrev":"bao:BAO_0002855","valueURI":"http://www.bioassayontology.org/bao#BAO_0000650","valueLabel":"cAMP redistribution assay","valueAbbrev":"bao:BAO_0000650","valueDescr":"Cyclic AMP (cAMP) functions as second messenger in cell signaling.","altLabels":["cAMP"],"valueHier":["http://www.bioassayontology.org/bao#BAO_0000379","http://www.bioassayontology.org/bao#BAO_0002999","http://www.bioassayontology.org/bao#BAO_0000015"],"labelHier":["second messenger redistribution assay","redistribution assay","bioassay"]}],"annotsRemoved":[{"propURI":"http://www.bioassayontology.org/bao#BAX_0000002","propLabel":"has bioassay type","propAbbrev":"bao:BAX_0000002","valueURI":"http://www.bioassayontology.org/bao#BAO_0002194","valueLabel":"plasma membrane potential assay","valueAbbrev":"bao:BAO_0002194","valueDescr":"","valueHier":[],"labelHier":[],"outOfSchema":true},{"propURI":"http://www.bioassayontology.org/bao#BAX_0000002","propLabel":"has bioassay type","propAbbrev":"bao:BAX_0000002","valueURI":"http://www.bioassayontology.org/bao#BAO_0000650","valueLabel":"cAMP redistribution assay","valueAbbrev":"bao:BAO_0000650","valueDescr":"Cyclic AMP (cAMP) functions as second messenger in cell signaling.","valueHier":[],"labelHier":[],"outOfSchema":true}],"labelsAdded":[{"propURI":"http://www.bioassayontology.org/bao#BAO_0002855","valueLabel":"plasma membrane potential assay","propAbbrev":"bao:BAO_0002855","propLabel":"bioassay"},{"propURI":"http://www.bioassayontology.org/bao#BAO_0002855","valueLabel":"cAMP redistribution assay","propAbbrev":"bao:BAO_0002855","propLabel":"bioassay"}],"labelsRemoved":[{"propURI":"http://www.bioassayontology.org/bao#BAX_0000002","valueLabel":"plasma membrane potential assay","propAbbrev":"bao:BAX_0000002","propLabel":"has bioassay type"},{"propURI":"http://www.bioassayontology.org/bao#BAX_0000002","valueLabel":"cAMP redistribution assay","propAbbrev":"bao:BAX_0000002","propLabel":"has bioassay type"}],"notesModified":{}},{"curationTime":1492468131410,"curatorID":"admin","annotsAdded":[{"propURI":"http://www.bioassayontology.org/bao#BAO_0002874","propLabel":"units","propAbbrev":"bao:BAO_0002874","valueURI":"http://purl.obolibrary.org/obo/UO_0000187","valueLabel":"percent","valueAbbrev":"obo:UO_0000187","valueDescr":"A dimensionless ratio unit which denotes numbers as fractions of 100.","valueHier":["http://purl.obolibrary.org/obo/UO_0000190","http://purl.obolibrary.org/obo/UO_0000186","http://purl.obolibrary.org/obo/UO_0000000"],"labelHier":["ratio","dimensionless unit","unit"]}],"annotsRemoved":[{"propURI":"http://www.bioassayontology.org/bao#BAO_0002874","propLabel":"units","propAbbrev":"bao:BAO_0002874","valueURI":"http://purl.org/obo/owl/UO#UO_0000187","valueAbbrev":"uo:UO_0000187","valueHier":[],"labelHier":[],"outOfSchema":true}],"labelsAdded":[{"propURI":"http://www.bioassayontology.org/bao#BAO_0002874","valueLabel":"percent","propAbbrev":"bao:BAO_0002874","propLabel":"units"}],"labelsRemoved":[{"propURI":"http://www.bioassayontology.org/bao#BAO_0002874","valueLabel":"percent","propAbbrev":"bao:BAO_0002874","propLabel":"units"}],"notesModified":{}},{"curationTime":1520356854796,"curatorID":"google:108375455890260223170","curatorName":"","curatorEmail":"aclark.xyz@gmail.com","annotsAdded":[{"propURI":"http://www.bioassayontology.org/bao#BAO_0002800","propLabel":"assay cell line","propAbbrev":"bao:BAO_0002800","valueURI":"http://purl.obolibrary.org/obo/CLO_0001230","valueLabel":"HEK293","valueAbbrev":"obo:CLO_0001230","valueDescr":"","altLabels":["HEK 293","HEK-293","293 HEK","293","293 cell","Human Embryonic Kidney 293"],"valueHier":["http://purl.obolibrary.org/obo/CLO_0000019","http://purl.obolibrary.org/obo/CLO_0000001"],"labelHier":["immortal cell line cell","cell line cell"]}],"annotsRemoved":[],"labelsAdded":[],"labelsRemoved":[],"notesModified":{}},{"curationTime":1523301512052,"curatorID":"google:108375455890260223170","curatorName":"","curatorEmail":"aclark.xyz@gmail.com","annotsAdded":[{"propURI":"http://www.bioassayontology.org/bao#BAO_0002867","propLabel":"assay footprint","propAbbrev":"bao:BAO_0002867","valueURI":"http://www.bioassayontology.org/bao#BAO_0002517","valueLabel":"T-175","valueAbbrev":"bao:BAO_0002517","valueDescr":"","valueHier":["http://www.bioassayontology.org/bao#BAO_0002192","http://www.bioassayontology.org/bao#BAO_0000512"],"labelHier":["tissue culture flask","assay footprint"]}],"annotsRemoved":[],"labelsAdded":[],"labelsRemoved":[],"notesModified":{}}],"holdingIDList":[]}