{"assayID":750,"uniqueID":"pubchemAID:1280","text":"In Vitro Kinase Assay Using Purified Enzyme PKC-beta\n\nDescription: the purpose of in vitro kinase assay is to test if the compound SID 17450324 is a direct inhibitor of PKC-beta.  SID 17450324 was identified in earlier assays, 1266, 1269, 1270, 1287 and 1368 as a possible candidate to selectively inhibit NF-kB activation.\n\nA PKC inhibitor, Bisindolylmaleimide  (Calbiochem#203290), and Stausporine (Sigma) were used as a positive control in PKC kinase assay and IKK kinase assay respectively.\n\nSID 17450324 was found not to be active, EC50 > 4 uM, in inhibiting PKC-beta.\n\nThis assay belongs to a group of NF-kB pathway assays of this compound. For all assays in this group we used the following general Activity scoring rules that were developed at Sanford-Burnham Center for Chemical Genomics and devised to take into consideration compound efficacy, the screening stage of the data and apparent compound behavior in the NF-kB-pathway assays:\n\n1) First tier (0-40 range) is reserved for primary screening data (not applicable in this assay).\n\n2) Second tier (41-80 range) is reserved for dose-response data of the primary hits that are cherry picked from the HTS mother plates (not applicable in this assay).\n\n3) Third tier (81-100 range) is reserved for dry-powder compounds that represent purchased and resynthesized positives and their analogues and utilized for SAR studies.\na. Compounds that failed to reproduce from dry powder or have EC50/IC50 > 4 uM are assigned inactive and a score value of 81.\nb. The score is linearly correlated with a compound's potency and, in addition, provides a measure of the likelihood that the compound is not an artifact based on the available information. The Hill coefficient is taken as a measure of compound behavior in the assay via an additional scaling factor QC:\nQC = 2.6*[exp(-0.5*nH^2) - exp(-1.5*nH^2)] This empirical factor prorates the likelihood of a target- or a pathway-specific compound effect vs. its non-specific behavior in the assay. This factor is based on the expectation that a compound with a single mode of action that achieved an equilibrium in the assay would demonstrate the Hill coefficient value of 1. Compounds deviating from that behavior are penalized proportionally to the degree of their divergence.\nc. The score is calculated using the following equation:\nScore = 82+3*(pEC50/IC50)-4)*QC,\nwhere pEC50/pEC50 is a negative log(10) of the EC50/IC50 value expressed in mole/L concentration units, and QC is calculated using Hill coefficient as above. This equation results in the Score values above 85 for compounds that demonstrate high potency and predictable behavior in the assays.\n\nA score of 82 is given to active dry powder compounds:\na) That do not have a Hill coefficient associated with them and have a qualifier of < or >.\nor\nb) The value of 3*(pEC50/IC50)-4)*QC is < 0.500\nActive compounds will have a score >= 82.\n\nMaterials:\n1. HTScan Assay Kits for PKC-beta, PKC-theta and IKK-beta (Cell Signaling, Danvers, MA)\n2. DELFIA Europium-labeled anti-Rabbit and anti-mouse antibody (Perkin Elmer)\n3. DELFIA Enhancement solution (Perkin Elmer)\n4. DELFIA Streptavidin coated, 96-well, yellow plate (Perkin Elmer)\n5. Wash buffer: 1XPBS+0.05% Tween-20\n6. Wash buffer with 1% BSA\n7. Stop buffer: 50 mM EDTA pH8\n8. Time-resolved fluorescence reader (LJL biosystems)\n\nProtocol:\n1. Add 6.25 uL of diluted compounds into each well in 384-well plates;\n2. Add 6.25 uL 4X reaction cocktail into each well and incubate for 5 min at RT \n3. Add 12.5 2X ATP/substrate cocktail into each well and incubate for 15 min at RT \n4. add 25 uL STOP buffer to stop the reaction \n5. transfer 25 uL of above reaction solution to a 96-well streptavidin-coated plate containing 75 uL H2O and incubate at RT for 60 min\n6. Wash three times with 200 uL PBS/T\n7, Dilute primary antibody, 1:1000 in PBS/T with 1% BSA. Add 100 uL/well primary antibody and incubate for 2 h\n8. Wash three times\n9. Add 100 uL Europium labeled secondary antibody (1:1000 in PBS/T with 1% BSA) and incubate for 30 min at RT\n10. Wash five times\n11. Add 100 uL DELFIA enhancement solution and incubate for 5 min at RT\n12. Detect 615 nm fluorescence emission with Exitation 340 nM on a time-resolved fluorescence reader.\n13. the fluorescence of enzyme only (without treatment) was set to 100% and all data were processed and presented as percentage of control.","notes":{},"schemaURI":"http://www.bioassayontology.org/bas#","annotations":[{"propURI":"http://www.bioassayontology.org/bao#BAO_0000205","propLabel":"assay format","propAbbrev":"bao:BAO_0000205","valueURI":"http://www.bioassayontology.org/bao#BAO_0000217","valueLabel":"biochemical format","valueAbbrev":"bao:BAO_0000217","valueDescr":"It is an in vitro format used to measure the activity of a biological macromolecule, either a purified protein or a nucleic acid. It is most often a homogeneous assay type, but can be heterogeneous if a solid phase such as beads is used to immobilize the macromolecule.","groupNest":[],"groupLabel":[],"valueHier":["http://www.bioassayontology.org/bao#BAO_0000019"],"labelHier":["assay format"]},{"propURI":"http://www.bioassayontology.org/bao#BAO_0000205","propLabel":"assay format","propAbbrev":"bao:BAO_0000205","valueURI":"http://www.bioassayontology.org/bao#BAO_0000224","valueLabel":"protein format","valueAbbrev":"bao:BAO_0000224","valueDescr":"In this format, the perturbagen targets a protein to regulate its function.  ","groupNest":[],"groupLabel":[],"valueHier":["http://www.bioassayontology.org/bao#BAO_0000217","http://www.bioassayontology.org/bao#BAO_0000019"],"labelHier":["biochemical format","assay format"]},{"propURI":"http://www.bioassayontology.org/bao#BAO_0002855","propLabel":"bioassay","propAbbrev":"bao:BAO_0002855","valueURI":"http://www.bioassayontology.org/bao#BAO_0000110","valueLabel":"protein-small molecule interaction assay","valueAbbrev":"bao:BAO_0000110","valueDescr":"It is an interaction between a protein (e.g., receptor, transcription factor) and small molecule (e.g., hormone, organic compound with a low molecular weight (<800 Da)).","groupNest":[],"groupLabel":[],"valueHier":["http://www.bioassayontology.org/bao#BAO_0002989","http://www.bioassayontology.org/bao#BAO_0000015"],"labelHier":["binding assay","bioassay"]},{"propURI":"http://www.bioassayontology.org/bao#BAO_0095009","propLabel":"assay design method","propAbbrev":"bao:BAO_0095009","valueURI":"http://www.bioassayontology.org/bao#BAO_0000123","valueLabel":"binding assessment method","valueAbbrev":"bao:BAO_0000123","valueDescr":"Binding reporter technology is used to quantitate the interactions between two molecules, e.g. perturbagen-protein, protein-protein, protein-DNA, etc.\nThe technologies used are radioligand binding, resonance energy transfer, fluorescence polarization, protein fragment complementation assay, and several label-free methods, including surface plasmon resonance, impedance, nuclear magnetic resonance, X-ray diffraction, isothermal titration calorimetry, mass spectrometry, etc.\n","groupNest":[],"groupLabel":[],"valueHier":["http://www.bioassayontology.org/bao#BAO_0002202"],"labelHier":["assay design method"]},{"propURI":"http://www.bioassayontology.org/bao#BAO_0095009","propLabel":"assay design method","propAbbrev":"bao:BAO_0095009","valueURI":"http://www.bioassayontology.org/bao#BAO_0000129","valueLabel":"immunoassay","valueAbbrev":"bao:BAO_0000129","valueDescr":"It measures the concentration of a substance in a solution based on the specific binding of an antibody to that substance, which produces a measurable signal. The signal measured depends on the label that is associated with this interaction, namely radioactive element (in radioimmunoassays), fluorescent, phosphorescent and chemiluminescent dyes, etc.","groupNest":[],"groupLabel":[],"valueHier":["http://www.bioassayontology.org/bao#BAO_0000123","http://www.bioassayontology.org/bao#BAO_0002202"],"labelHier":["binding assessment method","assay design method"]},{"propURI":"http://www.bioassayontology.org/bao#BAO_0002867","propLabel":"assay footprint","propAbbrev":"bao:BAO_0002867","valueURI":"http://www.bioassayontology.org/bao#BAO_0000515","valueLabel":"384 well plate","valueAbbrev":"bao:BAO_0000515","valueDescr":"This microplate contains 384 wells. It is suitable for a HTS assay.","groupNest":[],"groupLabel":[],"valueHier":["http://www.bioassayontology.org/bao#BAO_0000508","http://www.bioassayontology.org/bao#BAO_0000512"],"labelHier":["microplate","assay footprint"]},{"propURI":"http://www.bioassayontology.org/bao#BAO_0002921","propLabel":"organism","propAbbrev":"bao:BAO_0002921","valueURI":"http://purl.obolibrary.org/obo/NCBITaxon_9606","valueLabel":"Homo sapiens","valueAbbrev":"obo:NCBITaxon_9606","valueDescr":"","groupNest":[],"groupLabel":[],"altLabels":["man","human"],"valueHier":["http://www.bioassayontology.org/bao#BAO_0000362","http://www.bioassayontology.org/bao#BAO_0000510","http://www.bioassayontology.org/bao#BAO_0000659","http://www.bioassayontology.org/bao#BAO_0000509","http://www.bioassayontology.org/bao#BAO_0000658","http://www.bioassayontology.org/bao#BAO_0000551"],"labelHier":["mammalian","vertebrate","metazoa","eukaryote","cellular organisms","organism"]},{"propURI":"http://www.bioassayontology.org/bao#BAO_0002663","propLabel":"assay kit","propAbbrev":"bao:BAO_0002663","valueURI":"http://www.bioassayontology.org/bao#BAO_0000941","valueLabel":"HTScan PKC-beta Kinase Assay Kit","valueAbbrev":"bao:BAO_0000941","valueDescr":"","groupNest":[],"groupLabel":[],"valueHier":["http://www.bioassayontology.org/bao#BAO_0000248"],"labelHier":["assay kit"]},{"propURI":"http://www.bioassayontology.org/bao#BAO_0002874","propLabel":"units","propAbbrev":"bao:BAO_0002874","valueURI":"http://purl.obolibrary.org/obo/UO_0000064","valueLabel":"micromolar","valueAbbrev":"obo:UO_0000064","valueDescr":"A unit of molarity which is equal to one millionth of a molar or 10^[-6] M.","groupNest":["http://www.bioassayontology.org/bao#BAX_0000017"],"groupLabel":["measurement"],"valueHier":["http://purl.obolibrary.org/obo/UO_0000061","http://purl.obolibrary.org/obo/UO_0000051","http://purl.obolibrary.org/obo/UO_0000000"],"labelHier":["unit of molarity","concentration unit","unit"]},{"propURI":"http://www.bioassayontology.org/bao#BAO_0000196","propLabel":"assay mode of action","propAbbrev":"bao:BAO_0000196","valueURI":"http://www.bioassayontology.org/bao#BAO_0000091","valueLabel":"inhibition","valueAbbrev":"bao:BAO_0000091","valueDescr":"Reduction of a predefined stimulus. Unit of Measure is always % when normalized to the dynamic range of the assay.","groupNest":[],"groupLabel":[],"valueHier":["http://www.bioassayontology.org/bao#BAO_0000084","http://www.bioassayontology.org/bao#BAO_0000074"],"labelHier":["ligand function mode of action","mode of action"]},{"propURI":"http://www.bioassayontology.org/bao#BAO_0000210","propLabel":"screening campaign stage","propAbbrev":"bao:BAO_0000210","valueURI":"http://www.bioassayontology.org/bao#BAO_0000478","valueLabel":"selectivity assay","valueAbbrev":"bao:BAO_0000478","valueDescr":"Assay employed to elucidate the specificity of biologically active chemical entities towards one or more targets that are (closely) related to the (intended) primary target.","groupNest":[],"groupLabel":[],"altLabels":["specificity"],"valueHier":["http://www.bioassayontology.org/bao#BAO_0000032","http://www.bioassayontology.org/bao#BAO_0000029"],"labelHier":["secondary assay","assay screening campaign stage"]},{"propURI":"http://www.bioassayontology.org/bao#BAO_0002855","propLabel":"bioassay","propAbbrev":"bao:BAO_0002855","valueURI":"http://www.bioassayontology.org/bao#BAO_0002989","valueLabel":"binding assay","valueAbbrev":"bao:BAO_0002989","valueDescr":"It is performed to quantify the interactions between two molecules, e.g. small molecule-protein, protein-protein, protein-DNA, etc.","groupNest":[],"groupLabel":[],"valueHier":["http://www.bioassayontology.org/bao#BAO_0000015"],"labelHier":["bioassay"]},{"propURI":"http://www.bioassayontology.org/bao#BAO_0000207","propLabel":"physical detection method","propAbbrev":"bao:BAO_0000207","valueURI":"http://www.bioassayontology.org/bao#BAO_0000363","valueLabel":"fluorescence intensity","valueAbbrev":"bao:BAO_0000363","valueDescr":"Fluorescence intensity is the measure of fluorescence from a sample.","groupNest":[],"groupLabel":[],"valueHier":["http://www.bioassayontology.org/bao#BAO_0000046","http://www.bioassayontology.org/bao#BAO_0000035"],"labelHier":["fluorescence method","physical detection method"]},{"propURI":"http://www.bioassayontology.org/bao#BAO_0002865","propLabel":"detection instrument","propAbbrev":"bao:BAO_0002865","valueURI":"http://www.bioassayontology.org/bao#BAO_0002575","valueLabel":"LJL reader","valueAbbrev":"bao:BAO_0002575","valueDescr":"","groupNest":[],"groupLabel":[],"valueHier":["http://www.bioassayontology.org/bao#BAO_0000697"],"labelHier":["detection instrument"]},{"propURI":"http://www.bioassayontology.org/bao#BAO_0000185","propLabel":"perturbagen type","propAbbrev":"bao:BAO_0000185","valueURI":"http://www.bioassayontology.org/bao#BAO_0000648","valueLabel":"compound library","valueAbbrev":"bao:BAO_0000648","valueDescr":"The name of a small molecule collection from one source, which can be either commercial or academic, e.g., MLSMR, LOPAC, etc. This collection is generally diverse and contains compounds that modulate diverse biological targets.","groupNest":[],"groupLabel":[],"valueHier":["http://www.bioassayontology.org/bao#BAO_0000661","http://www.bioassayontology.org/bao#BAO_0003120"],"labelHier":["perturbagen library","assay screened entity component"]},{"propURI":"http://www.bioassayontology.org/bao#BAO_0002867","propLabel":"assay footprint","propAbbrev":"bao:BAO_0002867","valueURI":"http://www.bioassayontology.org/bao#BAO_0000513","valueLabel":"96 well plate","valueAbbrev":"bao:BAO_0000513","valueDescr":"This microplate contains 96 wells. It is suitable for a low throughput assay.","groupNest":[],"groupLabel":[],"valueHier":["http://www.bioassayontology.org/bao#BAO_0000508","http://www.bioassayontology.org/bao#BAO_0000512"],"labelHier":["microplate","assay footprint"]},{"propURI":"http://www.bioassayontology.org/bao#BAO_0000208","propLabel":"result","propAbbrev":"bao:BAO_0000208","valueURI":"http://www.bioassayontology.org/bao#BAO_0000188","valueLabel":"EC50","valueAbbrev":"bao:BAO_0000188","valueDescr":"The effective concentration of an agonist, which produces 50% of the maximum possible response for that agonist.","groupNest":[],"groupLabel":[],"valueHier":["http://www.bioassayontology.org/bao#BAO_0002162","http://www.bioassayontology.org/bao#BAO_0000180","http://www.bioassayontology.org/bao#BAO_0000179"],"labelHier":["concentration response endpoint","concentration endpoint","endpoint"]},{"propURI":"http://www.bioassayontology.org/bao#BAO_0002800","propLabel":"assay cell line","propAbbrev":"bao:BAO_0002800","valueURI":"http://www.bioassayontology.org/bat#NotApplicable","valueLabel":"not applicable","valueAbbrev":"bat:NotApplicable","valueDescr":"This property does not apply to this assay.","groupNest":[],"groupLabel":[],"valueHier":["http://www.bioassayontology.org/bat#Absence"],"labelHier":["absence"]},{"propURI":"http://www.bioassayontology.org/bao#BAO_0002848","propLabel":"applies to disease","propAbbrev":"bao:BAO_0002848","valueURI":"http://www.bioassayontology.org/bat#Missing","valueLabel":"missing","valueAbbrev":"bat:Missing","valueDescr":"The information is missing from the source data, presumed to be a communication error.","groupNest":[],"groupLabel":[],"valueHier":["http://www.bioassayontology.org/bat#Absence"],"labelHier":["absence"]},{"propURI":"http://www.bioassayontology.org/bao#BAO_0002009","propLabel":"biological process","propAbbrev":"bao:BAO_0002009","valueURI":"http://purl.obolibrary.org/obo/GO_0008277","valueLabel":"regulation of G-protein coupled receptor protein signaling pathway","valueAbbrev":"obo:GO_0008277","valueDescr":"Any process that modulates the frequency, rate or extent of G-protein coupled receptor protein signaling pathway activity.","groupNest":[],"groupLabel":[],"valueHier":["http://purl.obolibrary.org/obo/GO_0009966","http://purl.obolibrary.org/obo/GO_0023051","http://purl.obolibrary.org/obo/GO_0050789","http://purl.obolibrary.org/obo/GO_0065007","http://purl.obolibrary.org/obo/GO_0008150","http://www.bioassayontology.org/bao#BAO_0003114"],"labelHier":["regulation of signal transduction","regulation of signaling","regulation of biological process","biological regulation","biological process","assay biology component"]},{"propURI":"http://www.bioassayontology.org/bao#BAO_0002009","propLabel":"biological process","propAbbrev":"bao:BAO_0002009","valueURI":"http://purl.obolibrary.org/obo/GO_0090036","valueLabel":"regulation of protein kinase C signaling","valueAbbrev":"obo:GO_0090036","valueDescr":"Any process that modulates the frequency, rate, or extent of a series of reactions, mediated by the intracellular serine/threonine kinase protein kinase C, which occurs as a result of a single trigger reaction or compound.","groupNest":[],"groupLabel":[],"valueHier":["http://purl.obolibrary.org/obo/GO_1902531","http://purl.obolibrary.org/obo/GO_0009966","http://purl.obolibrary.org/obo/GO_0023051","http://purl.obolibrary.org/obo/GO_0050789","http://purl.obolibrary.org/obo/GO_0065007","http://purl.obolibrary.org/obo/GO_0008150","http://www.bioassayontology.org/bao#BAO_0003114"],"labelHier":["regulation of intracellular signal transduction","regulation of signal transduction","regulation of signaling","regulation of biological process","biological regulation","biological process","assay biology component"]},{"propURI":"http://www.bioassayontology.org/bao#BAO_0000211","propLabel":"target","propAbbrev":"bao:BAO_0000211","valueURI":"http://www.drugtargetontology.org/dto/DTO_03100237","valueLabel":"Protein kinase c beta type","valueAbbrev":"dto:DTO_03100237","valueDescr":"","groupNest":[],"groupLabel":[],"valueHier":["http://www.drugtargetontology.org/dto/DTO_03300276","http://www.drugtargetontology.org/dto/DTO_03300175","http://www.drugtargetontology.org/dto/DTO_03300109","http://www.drugtargetontology.org/dto/DTO_03300102","http://www.drugtargetontology.org/dto/DTO_03300101","http://www.drugtargetontology.org/dto/DTO_00100000"],"labelHier":["PKC alpha subfamily","PKC family","AGC group","Protein kinase","Kinase","Protein"]},{"propURI":"http://www.bioassayontology.org/bao#BAX_0000012","propLabel":"protein identity","propAbbrev":"bao:BAX_0000012","valueURI":"http://www.bioassayontology.org/protein#20141488","valueLabel":"Protein kinase C beta type","valueAbbrev":"protein:20141488","valueDescr":"Protein: Protein kinase C beta type, Organism: Homo sapiens","groupNest":[],"groupLabel":[],"valueHier":["http://www.bioassayontology.org/taxon#9606","http://www.bioassayontology.org/taxon#9605","http://www.bioassayontology.org/taxon#314295","http://www.bioassayontology.org/taxon#9526","http://www.bioassayontology.org/taxon#9443","http://www.bioassayontology.org/taxon#314146","http://www.bioassayontology.org/taxon#40674","http://www.bioassayontology.org/taxon#32524","http://www.bioassayontology.org/taxon#8287","http://www.bioassayontology.org/taxon#117570","http://www.bioassayontology.org/taxon#7711","http://www.bioassayontology.org/taxon#33511","http://www.bioassayontology.org/taxon#33213","http://www.bioassayontology.org/taxon#33208","http://www.bioassayontology.org/taxon#33154","http://www.bioassayontology.org/taxon#2759","http://www.bioassayontology.org/taxon#131567","http://www.bioassayontology.org/taxon#Root"],"labelHier":["Homo sapiens","Homo","Hominoidea / Hominidae / Homininae","Catarrhini","Primates / Haplorrhini / Simiiformes","Euarchontoglires","Mammalia / Theria / Eutheria / Boreoeutheria","Amniota","Sarcopterygii / Dipnotetrapodomorpha / Tetrapoda","Teleostomi / Euteleostomi","Chordata / Craniata / Vertebrata / Gnathostomata","Deuterostomia","Bilateria","Metazoa / Eumetazoa","Opisthokonta","Eukaryota","cellular organisms","Faux ProteinID"]},{"propURI":"http://www.bioassayontology.org/bao#BAX_0000011","propLabel":"gene identity","propAbbrev":"bao:BAX_0000011","valueURI":"http://www.bioassayontology.org/geneid#5567","valueLabel":"PRKACB: protein kinase cAMP-activated catalytic subunit beta","valueAbbrev":"geneid:5567","valueDescr":"","groupNest":[],"groupLabel":[],"valueHier":["http://www.bioassayontology.org/geneid#Homo_sapiens","http://www.bioassayontology.org/geneid#Mammalia","http://www.bioassayontology.org/geneid#Root"],"labelHier":["Homo sapiens","Mammalia","Faux GeneID"]},{"propURI":"http://www.bioassayontology.org/bao#BAX_0000011","propLabel":"gene identity","propAbbrev":"bao:BAX_0000011","valueURI":"http://www.bioassayontology.org/geneid#4790","valueLabel":"NFKB1: nuclear factor kappa B subunit 1","valueAbbrev":"geneid:4790","valueDescr":"","groupNest":[],"groupLabel":[],"valueHier":["http://www.bioassayontology.org/geneid#Homo_sapiens","http://www.bioassayontology.org/geneid#Mammalia","http://www.bioassayontology.org/geneid#Root"],"labelHier":["Homo sapiens","Mammalia","Faux GeneID"]},{"propURI":"http://www.bioassayontology.org/bao#BAX_0000011","propLabel":"gene identity","propAbbrev":"bao:BAX_0000011","valueURI":"http://www.bioassayontology.org/geneid#4791","valueLabel":"NFKB2: nuclear factor kappa B subunit 2","valueAbbrev":"geneid:4791","valueDescr":"","groupNest":[],"groupLabel":[],"valueHier":["http://www.bioassayontology.org/geneid#Homo_sapiens","http://www.bioassayontology.org/geneid#Mammalia","http://www.bioassayontology.org/geneid#Root"],"labelHier":["Homo sapiens","Mammalia","Faux GeneID"]},{"propURI":"http://www.bioassayontology.org/bao#BAX_0000011","propLabel":"gene identity","propAbbrev":"bao:BAX_0000011","valueURI":"http://www.bioassayontology.org/geneid#5970","valueLabel":"RELA: RELA proto-oncogene, NF-kB subunit","valueAbbrev":"geneid:5970","valueDescr":"","groupNest":[],"groupLabel":[],"valueHier":["http://www.bioassayontology.org/geneid#Homo_sapiens","http://www.bioassayontology.org/geneid#Mammalia","http://www.bioassayontology.org/geneid#Root"],"labelHier":["Homo sapiens","Mammalia","Faux GeneID"]},{"propURI":"http://www.bioassayontology.org/bao#BAX_0000011","propLabel":"gene identity","propAbbrev":"bao:BAX_0000011","valueURI":"http://www.bioassayontology.org/geneid#5971","valueLabel":"RELB: RELB proto-oncogene, NF-kB subunit","valueAbbrev":"geneid:5971","valueDescr":"","groupNest":[],"groupLabel":[],"valueHier":["http://www.bioassayontology.org/geneid#Homo_sapiens","http://www.bioassayontology.org/geneid#Mammalia","http://www.bioassayontology.org/geneid#Root"],"labelHier":["Homo sapiens","Mammalia","Faux GeneID"]},{"propURI":"http://www.bioassayontology.org/bao#BAX_0000012","propLabel":"protein identity","propAbbrev":"bao:BAX_0000012","valueURI":"http://www.bioassayontology.org/protein#117320527","valueAbbrev":"protein:117320527","groupNest":[],"groupLabel":[],"valueHier":[],"labelHier":[],"outOfSchema":true},{"propURI":"http://www.bioassayontology.org/bao#BAO_0002852","propLabel":"assay sources","propAbbrev":"bao:BAO_0002852","valueURI":"http://www.bioassayexpress.org/sources#SRC_0000002","valueLabel":"Center for Chemical Genomics (Sanford-Burnham)","valueAbbrev":"src:SRC_0000002","valueDescr":"Sanford-Burnham Center for Chemical Genomics.","groupNest":[],"groupLabel":[],"externalURLs":["http://cpccg.sanfordburnham.org"],"valueHier":["http://www.bioassayexpress.org/sources#pubchem_sources","http://www.bioassayontology.org/bao#BAO_0002934"],"labelHier":["PubChem Sources","organization"]},{"propURI":"http://www.bioassayontology.org/bao#BAO_0000539","valueLabel":"pubchemAID:465","propAbbrev":"bao:BAO_0000539","groupNest":[],"propLabel":"related assays","groupLabel":[]},{"propURI":"http://www.bioassayontology.org/bao#BAO_0000539","valueLabel":"pubchemAID:1266","propAbbrev":"bao:BAO_0000539","groupNest":[],"propLabel":"related assays","groupLabel":[]},{"propURI":"http://www.bioassayontology.org/bao#BAO_0000539","valueLabel":"pubchemAID:1269","propAbbrev":"bao:BAO_0000539","groupNest":[],"propLabel":"related assays","groupLabel":[]},{"propURI":"http://www.bioassayontology.org/bao#BAO_0000539","valueLabel":"pubchemAID:1270","propAbbrev":"bao:BAO_0000539","groupNest":[],"propLabel":"related assays","groupLabel":[]},{"propURI":"http://www.bioassayontology.org/bao#BAO_0000539","valueLabel":"pubchemAID:1271","propAbbrev":"bao:BAO_0000539","groupNest":[],"propLabel":"related assays","groupLabel":[]},{"propURI":"http://www.bioassayontology.org/bao#BAO_0000539","valueLabel":"pubchemAID:1281","propAbbrev":"bao:BAO_0000539","groupNest":[],"propLabel":"related assays","groupLabel":[]},{"propURI":"http://www.bioassayontology.org/bao#BAO_0000539","valueLabel":"pubchemAID:1282","propAbbrev":"bao:BAO_0000539","groupNest":[],"propLabel":"related assays","groupLabel":[]},{"propURI":"http://www.bioassayontology.org/bao#BAO_0000539","valueLabel":"pubchemAID:1283","propAbbrev":"bao:BAO_0000539","groupNest":[],"propLabel":"related assays","groupLabel":[]},{"propURI":"http://www.bioassayontology.org/bao#BAO_0000539","valueLabel":"pubchemAID:1287","propAbbrev":"bao:BAO_0000539","groupNest":[],"propLabel":"related assays","groupLabel":[]},{"propURI":"http://www.bioassayontology.org/bao#BAO_0000539","valueLabel":"pubchemAID:1289","propAbbrev":"bao:BAO_0000539","groupNest":[],"propLabel":"related assays","groupLabel":[]},{"propURI":"http://www.bioassayontology.org/bao#BAO_0000539","valueLabel":"pubchemAID:1290","propAbbrev":"bao:BAO_0000539","groupNest":[],"propLabel":"related assays","groupLabel":[]},{"propURI":"http://www.bioassayontology.org/bao#BAO_0000539","valueLabel":"pubchemAID:1291","propAbbrev":"bao:BAO_0000539","groupNest":[],"propLabel":"related assays","groupLabel":[]},{"propURI":"http://www.bioassayontology.org/bao#BAO_0000539","valueLabel":"pubchemAID:1292","propAbbrev":"bao:BAO_0000539","groupNest":[],"propLabel":"related assays","groupLabel":[]},{"propURI":"http://www.bioassayontology.org/bao#BAO_0000539","valueLabel":"pubchemAID:1293","propAbbrev":"bao:BAO_0000539","groupNest":[],"propLabel":"related assays","groupLabel":[]},{"propURI":"http://www.bioassayontology.org/bao#BAO_0000539","valueLabel":"pubchemAID:1294","propAbbrev":"bao:BAO_0000539","groupNest":[],"propLabel":"related assays","groupLabel":[]},{"propURI":"http://www.bioassayontology.org/bao#BAO_0000539","valueLabel":"pubchemAID:1295","propAbbrev":"bao:BAO_0000539","groupNest":[],"propLabel":"related assays","groupLabel":[]},{"propURI":"http://www.bioassayontology.org/bao#BAO_0000539","valueLabel":"pubchemAID:1299","propAbbrev":"bao:BAO_0000539","groupNest":[],"propLabel":"related assays","groupLabel":[]},{"propURI":"http://www.bioassayontology.org/bao#BAO_0000539","valueLabel":"pubchemAID:1302","propAbbrev":"bao:BAO_0000539","groupNest":[],"propLabel":"related assays","groupLabel":[]},{"propURI":"http://www.bioassayontology.org/bao#BAO_0000539","valueLabel":"pubchemAID:1364","propAbbrev":"bao:BAO_0000539","groupNest":[],"propLabel":"related assays","groupLabel":[]},{"propURI":"http://www.bioassayontology.org/bao#BAO_0000539","valueLabel":"pubchemAID:1365","propAbbrev":"bao:BAO_0000539","groupNest":[],"propLabel":"related assays","groupLabel":[]},{"propURI":"http://www.bioassayontology.org/bao#BAO_0000539","valueLabel":"pubchemAID:1366","propAbbrev":"bao:BAO_0000539","groupNest":[],"propLabel":"related assays","groupLabel":[]},{"propURI":"http://www.bioassayontology.org/bao#BAO_0000539","valueLabel":"pubchemAID:1367","propAbbrev":"bao:BAO_0000539","groupNest":[],"propLabel":"related assays","groupLabel":[]},{"propURI":"http://www.bioassayontology.org/bao#BAO_0000539","valueLabel":"pubchemAID:1368","propAbbrev":"bao:BAO_0000539","groupNest":[],"propLabel":"related assays","groupLabel":[]},{"propURI":"http://www.bioassayontology.org/bao#BAO_0000539","valueLabel":"pubchemAID:1369","propAbbrev":"bao:BAO_0000539","groupNest":[],"propLabel":"related assays","groupLabel":[]},{"propURI":"http://www.bioassayontology.org/bao#BAO_0000539","valueLabel":"pubchemAID:1370","propAbbrev":"bao:BAO_0000539","groupNest":[],"propLabel":"related assays","groupLabel":[]},{"propURI":"http://www.bioassayontology.org/bao#BAO_0000539","valueLabel":"pubchemAID:1371","propAbbrev":"bao:BAO_0000539","groupNest":[],"propLabel":"related assays","groupLabel":[]},{"propURI":"http://www.bioassayontology.org/bao#BAO_0000539","valueLabel":"pubchemAID:1372","propAbbrev":"bao:BAO_0000539","groupNest":[],"propLabel":"related assays","groupLabel":[]},{"propURI":"http://www.bioassayontology.org/bao#BAO_0000539","valueLabel":"pubchemAID:1373","propAbbrev":"bao:BAO_0000539","groupNest":[],"propLabel":"related assays","groupLabel":[]},{"propURI":"http://www.bioassayontology.org/bao#BAO_0000539","valueLabel":"pubchemAID:1374","propAbbrev":"bao:BAO_0000539","groupNest":[],"propLabel":"related assays","groupLabel":[]},{"propURI":"http://www.bioassayontology.org/bao#BAO_0000539","valueLabel":"pubchemAID:1375","propAbbrev":"bao:BAO_0000539","groupNest":[],"propLabel":"related assays","groupLabel":[]},{"propURI":"http://www.bioassayontology.org/bao#BAO_0002853","valueLabel":"In Vitro Kinase Assay Using Purified Enzyme PKC-beta","propAbbrev":"bao:BAO_0002853","groupNest":[],"propLabel":"assay title","groupLabel":[]}],"pubchemXRef":[{"type":"dburl","id":"http://cpccg.burnham.org","comment":""},{"type":"gene","id":"5970","comment":""},{"type":"gene","id":"5971","comment":""},{"type":"gene","id":"4790","comment":""},{"type":"gene","id":"4791","comment":""},{"type":"aid","id":"465","comment":""},{"type":"aid","id":"1266","comment":""},{"type":"aid","id":"1269","comment":""},{"type":"aid","id":"1270","comment":""},{"type":"aid","id":"1271","comment":""},{"type":"aid","id":"1281","comment":""},{"type":"aid","id":"1282","comment":""},{"type":"aid","id":"1283","comment":""},{"type":"aid","id":"1287","comment":""},{"type":"aid","id":"1289","comment":""},{"type":"aid","id":"1290","comment":""},{"type":"aid","id":"1291","comment":""},{"type":"aid","id":"1292","comment":""},{"type":"aid","id":"1293","comment":""},{"type":"aid","id":"1294","comment":""},{"type":"aid","id":"1295","comment":""},{"type":"aid","id":"1299","comment":""},{"type":"aid","id":"1302","comment":""},{"type":"aid","id":"1364","comment":""},{"type":"aid","id":"1365","comment":""},{"type":"aid","id":"1366","comment":""},{"type":"aid","id":"1367","comment":""},{"type":"aid","id":"1368","comment":""},{"type":"aid","id":"1369","comment":""},{"type":"aid","id":"1370","comment":""},{"type":"aid","id":"1371","comment":""},{"type":"aid","id":"1372","comment":""},{"type":"aid","id":"1373","comment":""},{"type":"aid","id":"1374","comment":""},{"type":"aid","id":"1375","comment":""},{"type":"protein_gi","id":"117320527","comment":""}],"curationTime":1467810270000,"curatorID":"","history":[{"curationTime":1467810270000,"curatorID":"","annotsAdded":[{"propURI":"http://www.bioassayontology.org/bao#BAO_0002009","propLabel":"biological process","propAbbrev":"bao:BAO_0002009","valueURI":"http://purl.obolibrary.org/obo/GO_0090036","valueLabel":"regulation of protein kinase C signaling","valueAbbrev":"obo:GO_0090036","valueDescr":"Any process that modulates the frequency, rate, or extent of a series of reactions, mediated by the intracellular serine/threonine kinase protein kinase C, which occurs as a result of a single trigger reaction or compound.","valueHier":["http://purl.obolibrary.org/obo/GO_1902531","http://purl.obolibrary.org/obo/GO_0009966","http://purl.obolibrary.org/obo/GO_0023051","http://purl.obolibrary.org/obo/GO_0050789","http://purl.obolibrary.org/obo/GO_0065007","http://purl.obolibrary.org/obo/GO_0008150","http://www.bioassayontology.org/bao#BAO_0003114"],"labelHier":["regulation of intracellular signal transduction","regulation of signal transduction","regulation of signaling","regulation of biological process","biological regulation","biological process","assay biology component"]},{"propURI":"http://www.bioassayontology.org/bao#BAO_0002009","propLabel":"biological process","propAbbrev":"bao:BAO_0002009","valueURI":"http://purl.obolibrary.org/obo/GO_0008277","valueLabel":"regulation of G-protein coupled receptor protein signaling pathway","valueAbbrev":"obo:GO_0008277","valueDescr":"Any process that modulates the frequency, rate or extent of G-protein coupled receptor protein signaling pathway activity.","valueHier":["http://purl.obolibrary.org/obo/GO_0009966","http://purl.obolibrary.org/obo/GO_0023051","http://purl.obolibrary.org/obo/GO_0050789","http://purl.obolibrary.org/obo/GO_0065007","http://purl.obolibrary.org/obo/GO_0008150","http://www.bioassayontology.org/bao#BAO_0003114"],"labelHier":["regulation of signal transduction","regulation of signaling","regulation of biological process","biological regulation","biological process","assay biology component"]}],"annotsRemoved":[{"propURI":"http://www.bioassayontology.org/bao#BAX_0000004","propAbbrev":"bao:BAX_0000004","valueURI":"http://purl.obolibrary.org/obo/GO_0090036","valueLabel":"regulation of protein kinase C signaling","valueAbbrev":"obo:GO_0090036","valueDescr":"Any process that modulates the frequency, rate, or extent of a series of reactions, mediated by the intracellular serine/threonine kinase protein kinase C, which occurs as a result of a single trigger reaction or compound.","valueHier":[],"labelHier":[],"outOfSchema":true},{"propURI":"http://www.bioassayontology.org/bao#BAX_0000004","propAbbrev":"bao:BAX_0000004","valueURI":"http://purl.obolibrary.org/obo/GO_0008277","valueLabel":"regulation of G-protein coupled receptor protein signaling pathway","valueAbbrev":"obo:GO_0008277","valueDescr":"Any process that modulates the frequency, rate or extent of G-protein coupled receptor protein signaling pathway activity.","valueHier":[],"labelHier":[],"outOfSchema":true}],"labelsAdded":[{"propURI":"http://www.bioassayontology.org/bao#BAO_0002009","valueLabel":"regulation of protein kinase C signaling","propAbbrev":"bao:BAO_0002009","propLabel":"biological process"},{"propURI":"http://www.bioassayontology.org/bao#BAO_0002009","valueLabel":"regulation of G-protein coupled receptor protein signaling pathway","propAbbrev":"bao:BAO_0002009","propLabel":"biological process"}],"labelsRemoved":[{"propURI":"http://www.bioassayontology.org/bao#BAX_0000004","valueLabel":"regulation of protein kinase C signaling","propAbbrev":"bao:BAX_0000004"},{"propURI":"http://www.bioassayontology.org/bao#BAX_0000004","valueLabel":"regulation of G-protein coupled receptor protein signaling pathway","propAbbrev":"bao:BAX_0000004"}],"notesModified":{}},{"curationTime":1467810270000,"curatorID":"","annotsAdded":[{"propURI":"http://www.bioassayontology.org/bao#BAO_0002848","propLabel":"applies to disease","propAbbrev":"bao:BAO_0002848","valueURI":"http://www.bioassayontology.org/bat#Missing","valueLabel":"missing","valueAbbrev":"bat:Missing","valueDescr":"The information is missing from the source data, presumed to be a communication error.","valueHier":["http://www.bioassayontology.org/bat#Absence"],"labelHier":["absence"]}],"annotsRemoved":[{"propURI":"http://www.bioassayontology.org/bao#BAX_0000010","propAbbrev":"bao:BAX_0000010","valueURI":"http://www.bioassayontology.org/bat#Missing","valueLabel":"missing","valueAbbrev":"bat:Missing","valueDescr":"The information is missing from the source data, presumed to be a communication error.","valueHier":[],"labelHier":[],"outOfSchema":true}],"labelsAdded":[{"propURI":"http://www.bioassayontology.org/bao#BAO_0002848","valueLabel":"missing","propAbbrev":"bao:BAO_0002848","propLabel":"applies to disease"}],"labelsRemoved":[{"propURI":"http://www.bioassayontology.org/bao#BAX_0000010","valueLabel":"missing","propAbbrev":"bao:BAX_0000010"}],"notesModified":{}},{"curationTime":1467810270000,"curatorID":"","annotsAdded":[{"propURI":"http://www.bioassayontology.org/bao#BAO_0000208","propLabel":"result","propAbbrev":"bao:BAO_0000208","valueURI":"http://www.bioassayontology.org/bao#BAO_0000188","valueLabel":"EC50","valueAbbrev":"bao:BAO_0000188","valueDescr":"The effective concentration of an agonist, which produces 50% of the maximum possible response for that agonist.","valueHier":["http://www.bioassayontology.org/bao#BAO_0002162","http://www.bioassayontology.org/bao#BAO_0000180","http://www.bioassayontology.org/bao#BAO_0000179"],"labelHier":["concentration response endpoint","concentration endpoint","endpoint"]}],"annotsRemoved":[{"propURI":"http://www.bioassayontology.org/bao#BAX_0000006","propAbbrev":"bao:BAX_0000006","valueURI":"http://www.bioassayontology.org/bao#BAO_0000188","valueLabel":"EC50","valueAbbrev":"bao:BAO_0000188","valueDescr":"The effective concentration of an agonist, which produces 50% of the maximum possible response for that agonist.","valueHier":[],"labelHier":[],"outOfSchema":true}],"labelsAdded":[{"propURI":"http://www.bioassayontology.org/bao#BAO_0000208","valueLabel":"EC50","propAbbrev":"bao:BAO_0000208","propLabel":"result"}],"labelsRemoved":[{"propURI":"http://www.bioassayontology.org/bao#BAX_0000006","valueLabel":"EC50","propAbbrev":"bao:BAX_0000006"}],"notesModified":{}},{"curationTime":1467810270000,"curatorID":"","annotsAdded":[{"propURI":"http://www.bioassayontology.org/bao#BAO_0002874","propLabel":"units","propAbbrev":"bao:BAO_0002874","valueURI":"http://purl.org/obo/owl/UO#UO_0000064","valueAbbrev":"uo:UO_0000064","valueHier":[],"labelHier":[],"outOfSchema":true}],"annotsRemoved":[{"propURI":"http://www.bioassayontology.org/bao#BAX_0000007","propAbbrev":"bao:BAX_0000007","valueURI":"http://purl.org/obo/owl/UO#UO_0000064","valueAbbrev":"uo:UO_0000064","valueHier":[],"labelHier":[],"outOfSchema":true}],"labelsAdded":[{"propURI":"http://www.bioassayontology.org/bao#BAO_0002874","valueLabel":"micromolar","propAbbrev":"bao:BAO_0002874","propLabel":"units"}],"labelsRemoved":[{"propURI":"http://www.bioassayontology.org/bao#BAX_0000007","valueLabel":"micromolar","propAbbrev":"bao:BAX_0000007"}],"notesModified":{}},{"curationTime":1467810270000,"curatorID":"","annotsAdded":[{"propURI":"http://www.bioassayontology.org/bao#BAO_0095009","propLabel":"assay design method","propAbbrev":"bao:BAO_0095009","valueURI":"http://www.bioassayontology.org/bao#BAO_0000129","valueLabel":"immunoassay","valueAbbrev":"bao:BAO_0000129","valueDescr":"It measures the concentration of a substance in a solution based on the specific binding of an antibody to that substance, which produces a measurable signal. The signal measured depends on the label that is associated with this interaction, namely radioactive element (in radioimmunoassays), fluorescent, phosphorescent and chemiluminescent dyes, etc.","valueHier":["http://www.bioassayontology.org/bao#BAO_0000123","http://www.bioassayontology.org/bao#BAO_0002202"],"labelHier":["binding assessment method","assay design method"]},{"propURI":"http://www.bioassayontology.org/bao#BAO_0095009","propLabel":"assay design method","propAbbrev":"bao:BAO_0095009","valueURI":"http://www.bioassayontology.org/bao#BAO_0000123","valueLabel":"binding assessment method","valueAbbrev":"bao:BAO_0000123","valueDescr":"Binding reporter technology is used to quantitate the interactions between two molecules, e.g. perturbagen-protein, protein-protein, protein-DNA, etc.\nThe technologies used are radioligand binding, resonance energy transfer, fluorescence polarization, protein fragment complementation assay, and several label-free methods, including surface plasmon resonance, impedance, nuclear magnetic resonance, X-ray diffraction, isothermal titration calorimetry, mass spectrometry, etc.\n","valueHier":["http://www.bioassayontology.org/bao#BAO_0002202"],"labelHier":["assay design method"]}],"annotsRemoved":[{"propURI":"http://www.bioassayontology.org/bao#BAX_0000003","propAbbrev":"bao:BAX_0000003","valueURI":"http://www.bioassayontology.org/bao#BAO_0000129","valueLabel":"immunoassay","valueAbbrev":"bao:BAO_0000129","valueDescr":"It measures the concentration of a substance in a solution based on the specific binding of an antibody to that substance, which produces a measurable signal. The signal measured depends on the label that is associated with this interaction, namely radioactive element (in radioimmunoassays), fluorescent, phosphorescent and chemiluminescent dyes, etc.","valueHier":[],"labelHier":[],"outOfSchema":true},{"propURI":"http://www.bioassayontology.org/bao#BAX_0000003","propAbbrev":"bao:BAX_0000003","valueURI":"http://www.bioassayontology.org/bao#BAO_0000123","valueLabel":"binding assessment method","valueAbbrev":"bao:BAO_0000123","valueDescr":"Binding reporter technology is used to quantitate the interactions between two molecules, e.g. perturbagen-protein, protein-protein, protein-DNA, etc.\nThe technologies used are radioligand binding, resonance energy transfer, fluorescence polarization, protein fragment complementation assay, and several label-free methods, including surface plasmon resonance, impedance, nuclear magnetic resonance, X-ray diffraction, isothermal titration calorimetry, mass spectrometry, etc.\n","valueHier":[],"labelHier":[],"outOfSchema":true}],"labelsAdded":[{"propURI":"http://www.bioassayontology.org/bao#BAO_0095009","valueLabel":"immunoassay","propAbbrev":"bao:BAO_0095009","propLabel":"assay design method"},{"propURI":"http://www.bioassayontology.org/bao#BAO_0095009","valueLabel":"binding assessment method","propAbbrev":"bao:BAO_0095009","propLabel":"assay design method"}],"labelsRemoved":[{"propURI":"http://www.bioassayontology.org/bao#BAX_0000003","valueLabel":"immunoassay","propAbbrev":"bao:BAX_0000003"},{"propURI":"http://www.bioassayontology.org/bao#BAX_0000003","valueLabel":"binding assessment method","propAbbrev":"bao:BAX_0000003"}],"notesModified":{}},{"curationTime":1467810270000,"curatorID":"","annotsAdded":[{"propURI":"http://www.bioassayontology.org/bao#BAO_0000211","propLabel":"target","propAbbrev":"bao:BAO_0000211","valueURI":"http://www.drugtargetontology.org/dto/DTO_03100237","valueLabel":"Protein kinase c beta type","valueAbbrev":"dto:DTO_03100237","valueDescr":"","valueHier":["http://www.drugtargetontology.org/dto/DTO_03300276","http://www.drugtargetontology.org/dto/DTO_03300175","http://www.drugtargetontology.org/dto/DTO_03300109","http://www.drugtargetontology.org/dto/DTO_03300102","http://www.drugtargetontology.org/dto/DTO_03300101","http://www.drugtargetontology.org/dto/DTO_00100000"],"labelHier":["PKC alpha subfamily","PKC family","AGC group","Protein kinase","Kinase","Protein"]}],"annotsRemoved":[{"propURI":"http://www.bioassayontology.org/bao#BAX_0000005","propAbbrev":"bao:BAX_0000005","valueURI":"http://www.drugtargetontology.org/dto/DTO_03100237","valueLabel":"Protein kinase c beta type","valueAbbrev":"dto:DTO_03100237","valueDescr":"","valueHier":[],"labelHier":[],"outOfSchema":true}],"labelsAdded":[{"propURI":"http://www.bioassayontology.org/bao#BAO_0000211","valueLabel":"Protein kinase c beta type","propAbbrev":"bao:BAO_0000211","propLabel":"target"}],"labelsRemoved":[{"propURI":"http://www.bioassayontology.org/bao#BAX_0000005","valueLabel":"Protein kinase c beta type","propAbbrev":"bao:BAX_0000005"}],"notesModified":{}},{"curationTime":1467810270000,"curatorID":"","annotsAdded":[{"propURI":"http://www.bioassayontology.org/bao#BAO_0002855","propLabel":"bioassay","propAbbrev":"bao:BAO_0002855","valueURI":"http://www.bioassayontology.org/bao#BAO_0002989","valueLabel":"binding assay","valueAbbrev":"bao:BAO_0002989","valueDescr":"It is performed to quantify the interactions between two molecules, e.g. small molecule-protein, protein-protein, protein-DNA, etc.","valueHier":["http://www.bioassayontology.org/bao#BAO_0000015"],"labelHier":["bioassay"]},{"propURI":"http://www.bioassayontology.org/bao#BAO_0002855","propLabel":"bioassay","propAbbrev":"bao:BAO_0002855","valueURI":"http://www.bioassayontology.org/bao#BAO_0000110","valueLabel":"protein-small molecule interaction assay","valueAbbrev":"bao:BAO_0000110","valueDescr":"It is an interaction between a protein (e.g., receptor, transcription factor) and small molecule (e.g., hormone, organic compound with a low molecular weight (<800 Da)).","valueHier":["http://www.bioassayontology.org/bao#BAO_0002989","http://www.bioassayontology.org/bao#BAO_0000015"],"labelHier":["binding assay","bioassay"]}],"annotsRemoved":[{"propURI":"http://www.bioassayontology.org/bao#BAX_0000002","propLabel":"has bioassay type","propAbbrev":"bao:BAX_0000002","valueURI":"http://www.bioassayontology.org/bao#BAO_0002989","valueLabel":"binding assay","valueAbbrev":"bao:BAO_0002989","valueDescr":"It is performed to quantify the interactions between two molecules, e.g. small molecule-protein, protein-protein, protein-DNA, etc.","valueHier":[],"labelHier":[],"outOfSchema":true},{"propURI":"http://www.bioassayontology.org/bao#BAX_0000002","propLabel":"has bioassay type","propAbbrev":"bao:BAX_0000002","valueURI":"http://www.bioassayontology.org/bao#BAO_0000110","valueLabel":"protein-small molecule interaction assay","valueAbbrev":"bao:BAO_0000110","valueDescr":"It is an interaction between a protein (e.g., receptor, transcription factor) and small molecule (e.g., hormone, organic compound with a low molecular weight (<800 Da)).","valueHier":[],"labelHier":[],"outOfSchema":true}],"labelsAdded":[{"propURI":"http://www.bioassayontology.org/bao#BAO_0002855","valueLabel":"binding assay","propAbbrev":"bao:BAO_0002855","propLabel":"bioassay"},{"propURI":"http://www.bioassayontology.org/bao#BAO_0002855","valueLabel":"protein-small molecule interaction assay","propAbbrev":"bao:BAO_0002855","propLabel":"bioassay"}],"labelsRemoved":[{"propURI":"http://www.bioassayontology.org/bao#BAX_0000002","valueLabel":"binding assay","propAbbrev":"bao:BAX_0000002","propLabel":"has bioassay type"},{"propURI":"http://www.bioassayontology.org/bao#BAX_0000002","valueLabel":"protein-small molecule interaction assay","propAbbrev":"bao:BAX_0000002","propLabel":"has bioassay type"}],"notesModified":{}},{"curationTime":1467810270000,"curatorID":"","annotsAdded":[{"propURI":"http://www.bioassayontology.org/bao#BAO_0002874","propLabel":"units","propAbbrev":"bao:BAO_0002874","valueURI":"http://purl.obolibrary.org/obo/UO_0000064","valueLabel":"micromolar","valueAbbrev":"obo:UO_0000064","valueDescr":"A unit of molarity which is equal to one millionth of a molar or 10^[-6] M.","valueHier":["http://purl.obolibrary.org/obo/UO_0000061","http://purl.obolibrary.org/obo/UO_0000051","http://purl.obolibrary.org/obo/UO_0000000"],"labelHier":["unit of molarity","concentration unit","unit"]}],"annotsRemoved":[{"propURI":"http://www.bioassayontology.org/bao#BAO_0002874","propLabel":"units","propAbbrev":"bao:BAO_0002874","valueURI":"http://purl.org/obo/owl/UO#UO_0000064","valueAbbrev":"uo:UO_0000064","valueHier":[],"labelHier":[],"outOfSchema":true}],"labelsAdded":[{"propURI":"http://www.bioassayontology.org/bao#BAO_0002874","valueLabel":"micromolar","propAbbrev":"bao:BAO_0002874","propLabel":"units"}],"labelsRemoved":[{"propURI":"http://www.bioassayontology.org/bao#BAO_0002874","valueLabel":"micromolar","propAbbrev":"bao:BAO_0002874","propLabel":"units"}],"notesModified":{}}],"holdingIDList":[]}